Facility.Name,Facility.City,Facility.Type,Rating.Overall,Rating.Mortality,Rating.Safety,Rating.Readmission,Rating.Experience,Rating.Effectiveness,Rating.Timeliness,Rating.Imaging,Procedure.Heart Attack.Cost,Procedure.Heart Attack.Quality,Procedure.Heart Attack.Value,Procedure.Heart Failure.Cost,Procedure.Heart Failure.Quality,Procedure.Heart Failure.Value,Procedure.Pneumonia.Cost,Procedure.Pneumonia.Quality,Procedure.Pneumonia.Value,Procedure.Hip Knee.Cost,Procedure.Hip Knee.Quality,Procedure.Hip Knee.Value
Hospital 1,Dothan,Government,2,Below,Above,Below,Below,Same,Above,Same,23394,Average,Average,17041,Average,Average,18281,Average,Average,25812,Average,Higher
Hospital 2,Boaz,Government,1,Below,Below,Below,Same,Above,Above,Below,22579,Average,Average,15819,Worse,Average,15614,Worse,Lower,22747,Average,Average
Hospital 3,Florence,Government,3,Below,Above,Above,Below,Same,Above,Below,24002,Average,Average,16334,Average,Average,17371,Average,Average,24491,Average,Higher
Hospital 4,Opp,Private,1,Same,Same,Below,Below,Below,Above,None,0,Unknown,Unknown,14541,Average,Lower,15226,Worse,Lower,23472,Average,Average
Hospital 5,Luverne,Proprietary,4,Same,None,Above,None,Same,Above,None,0,Unknown,Unknown,13767,Average,Lower,14341,Average,Lower,0,Unknown,Unknown
Hospital 6,Birmingham,Private,2,Same,Below,Below,Below,Below,Below,Same,23940,Average,Average,16132,Average,Average,17848,Average,Average,23792,Average,Higher
Hospital 7,Fort Payne,Proprietary,2,Below,Above,Below,Below,Same,Above,Same,23853,Average,Average,15761,Average,Average,17896,Worse,Average,0,Unknown,Unknown
Hospital 8,Alabaster,Private,2,Same,Below,Above,Below,Same,Same,Below,24008,Average,Average,17937,Average,Higher,18858,Average,Higher,22367,Average,Average
Hospital 9,Birmingham,Private,-1,None,None,None,None,Same,Same,None,0,Unknown,Unknown,0,Unknown,Unknown,0,Unknown,Unknown,0,Unknown,Unknown
Hospital 10,Sheffield,Government,3,Same,Above,Below,Same,Same,Above,Below,22948,Average,Average,17311,Average,Average,17516,Average,Average,23130,Average,Higher
Hospital 11,Ozark,Government,3,Same,None,Same,Above,Same,Above,Same,0,Unknown,Unknown,17651,Average,Average,17581,Average,Average,0,Unknown,Unknown
Hospital 12,Centre,Private,4,Same,None,Above,Above,Same,Same,None,0,Unknown,Unknown,17098,Average,Average,13812,Average,Lower,0,Unknown,Unknown
Hospital 13,Montgomery,Government,2,Below,Above,Below,Below,Same,Below,Same,23467,Average,Average,16826,Average,Average,19776,Average,Higher,20867,Average,Lower
Hospital 14,Montgomery,Private,2,Below,Below,Above,Same,Same,Below,Below,25850,Average,Higher,16463,Average,Average,17710,Worse,Average,21867,Average,Average
Hospital 15,Opelika,Government,4,Below,Above,Above,Above,Same,Above,Same,23682,Worse,Average,14465,Average,Lower,16309,Average,Lower,21050,Average,Lower
Hospital 16,Wedowee,Government,3,Same,None,Same,None,Same,Above,None,0,Unknown,Unknown,19690,Average,Higher,14957,Average,Average,0,Unknown,Unknown
Hospital 17,Birmingham,Government,2,Above,Below,Below,Above,Same,Below,Below,21355,Average,Lower,15763,Better,Lower,18019,Better,Average,24648,Average,Higher
Hospital 18,Tallassee,Private,3,Same,None,Above,Below,Same,Same,Same,0,Unknown,Unknown,15013,Average,Average,16522,Average,Average,0,Unknown,Unknown
Hospital 19,Cullman,Government,2,Below,Below,Below,Below,Same,Above,Same,23153,Average,Average,16272,Average,Average,17412,Worse,Average,21359,Average,Average
Hospital 20,Andalusia,Proprietary,4,Same,Above,Above,Below,Same,Above,Same,22544,Average,Average,14805,Average,Lower,16213,Average,Lower,21991,Average,Average
Hospital 21,Anniston,Proprietary,3,Same,Above,Below,Below,Same,Same,Same,23828,Average,Average,16970,Average,Average,16430,Average,Average,24326,Average,Higher
Hospital 22,Huntsville,Government,2,Below,Above,Below,Above,Same,Below,Below,22856,Average,Average,16354,Average,Average,16944,Worse,Average,20481,Average,Lower
Hospital 23,Gadsden,Proprietary,2,Same,Below,Below,Below,Below,Same,Below,23546,Average,Average,18316,Average,Higher,18481,Average,Higher,24922,Average,Higher
Hospital 24,Hamilton,Private,5,Same,None,Above,Same,Same,Above,Same,0,Unknown,Unknown,15443,Average,Average,15495,Average,Lower,0,Unknown,Unknown
Hospital 25,Fayette,Unknown,5,Same,None,Above,Above,Same,Same,Same,0,Unknown,Unknown,15135,Average,Average,14739,Average,Lower,0,Unknown,Unknown
Hospital 26,Gadsden,Proprietary,4,Above,Above,Below,Below,Same,Above,Same,24160,Average,Average,16413,Better,Average,19943,Average,Higher,24074,Average,Higher
Hospital 27,Georgiana,Proprietary,3,Same,None,Same,None,Same,Above,None,0,Unknown,Unknown,14180,Average,Lower,13727,Average,Lower,0,Unknown,Unknown
Hospital 28,Enterprise,Proprietary,3,Same,Above,Above,Same,Same,Same,Same,0,Unknown,Unknown,15247,Average,Average,16064,Average,Average,22411,Average,Average
Hospital 29,Eutaw,Government,3,None,None,Same,None,Same,Same,None,0,Unknown,Unknown,0,Unknown,Unknown,0,Unknown,Unknown,0,Unknown,Unknown
Hospital 30,Dadeville,Proprietary,4,None,None,Above,Same,Same,Above,None,0,Unknown,Unknown,0,Unknown,Unknown,14323,Average,Lower,0,Unknown,Unknown
Hospital 31,Dothan,Proprietary,3,Below,Above,Below,Same,Same,Above,Above,21779,Average,Lower,16007,Worse,Average,16796,Average,Average,24056,Average,Higher
Hospital 32,Birmingham,Private,4,Same,Below,Above,Above,Below,Below,Same,24141,Average,Average,17434,Average,Average,17394,Average,Average,22149,Average,Average
Hospital 33,Centreville,Government,-1,None,None,None,None,Below,Above,None,0,Unknown,Unknown,17905,Average,Average,14310,Average,Lower,0,Unknown,Unknown
Hospital 34,Moulton,Government,4,Same,None,Above,None,Same,Above,Same,0,Unknown,Unknown,15996,Average,Average,16653,Average,Average,0,Unknown,Unknown
Hospital 35,Scottsboro,Government,1,Same,Below,Below,Below,Same,Same,Same,0,Unknown,Unknown,14855,Average,Lower,14509,Average,Lower,24701,Average,Higher
Hospital 36,Geneva,Private,3,Same,None,Above,Same,Same,Above,None,0,Unknown,Unknown,14275,Average,Lower,14978,Average,Lower,0,Unknown,Unknown
Hospital 37,Alexander City,Private,3,Same,Same,Above,Above,Same,Above,Same,23992,Average,Average,17752,Average,Average,18443,Average,Average,25474,Average,Higher
Hospital 38,Eufaula,Government,3,Same,None,Same,Same,Same,Above,Same,0,Unknown,Unknown,14841,Average,Average,12835,Average,Lower,0,Unknown,Unknown
Hospital 39,Ashland,Government,4,Same,None,Same,Above,Same,Same,None,0,Unknown,Unknown,15322,Average,Average,16250,Average,Average,0,Unknown,Unknown
Hospital 40,Anniston,Government,2,Same,Above,Below,Same,Same,Below,Same,23858,Average,Average,15430,Average,Lower,16757,Average,Average,23461,Average,Higher
Hospital 41,Athens,Government,4,Same,Above,Above,Same,Same,Above,Below,0,Unknown,Unknown,14669,Average,Lower,15876,Average,Lower,23318,Average,Higher
Hospital 42,Foley,Proprietary,3,Same,Same,Below,Above,Same,Same,Below,23186,Average,Average,16286,Average,Average,15260,Average,Lower,20144,Average,Lower
Hospital 43,Decatur,Government,3,Same,Above,Above,Same,Below,Below,Below,23363,Average,Average,14948,Average,Lower,16006,Average,Lower,22371,Average,Average
Hospital 44,Winfield,Proprietary,4,Same,None,Above,Above,Same,Above,Same,0,Unknown,Unknown,15243,Average,Average,15457,Average,Lower,0,Unknown,Unknown
Hospital 45,Mobile,Government,3,Same,Above,Below,Same,Same,Below,Below,0,Unknown,Unknown,15601,Average,Average,18856,Average,Average,0,Unknown,Unknown
Hospital 46,Jasper,Private,2,Same,Same,Same,Below,Same,Above,Same,25214,Average,Average,15422,Average,Average,16503,Worse,Average,20826,Average,Lower
Hospital 47,Mobile,Church,2,Below,Below,Same,Same,Above,Same,Below,25291,Worse,Average,15325,Worse,Lower,16398,Average,Lower,21711,Average,Average
Hospital 48,Grove Hill,Government,2,Same,None,Same,Same,Below,Same,Below,0,Unknown,Unknown,15998,Average,Average,16240,Average,Average,0,Unknown,Unknown
Hospital 49,Tuscaloosa,Government,2,Below,Above,Below,Below,Below,Below,Above,23789,Average,Average,17324,Average,Average,17067,Average,Average,24121,Average,Higher
Hospital 50,Greensboro,Government,3,Same,None,Above,None,Below,Same,None,0,Unknown,Unknown,16332,Average,Average,15713,Average,Average,0,Unknown,Unknown
Hospital 51,Wetumpka,Government,4,Same,None,Above,Same,Same,Above,None,0,Unknown,Unknown,14216,Average,Lower,13707,Average,Lower,0,Unknown,Unknown
Hospital 52,Brewton,Government,3,Same,None,Same,Same,Same,Above,Same,23399,Average,Average,15482,Average,Average,16410,Worse,Average,0,Unknown,Unknown
Hospital 53,Fairhope,Private,3,Same,Same,Above,Above,Same,Same,Below,22488,Average,Average,16982,Average,Average,16982,Average,Average,19567,Average,Lower
Hospital 54,Talladega,Private,3,Same,None,Same,Same,Same,Above,Same,0,Unknown,Unknown,15057,Average,Average,16717,Average,Average,0,Unknown,Unknown
Hospital 55,Camden,Unknown,-1,None,None,None,None,Same,Above,None,0,Unknown,Unknown,0,Unknown,Unknown,15309,Average,Average,0,Unknown,Unknown
Hospital 56,Birmingham,Church,2,Same,Below,Above,Below,Same,Below,Below,24603,Average,Average,16831,Average,Average,18449,Average,Average,24707,Average,Higher
Hospital 57,Birmingham,Proprietary,2,Same,Above,Below,Above,Above,Same,Same,22177,Average,Average,17573,Average,Average,19014,Average,Higher,20816,Average,Lower
Hospital 58,Prattville,Government,3,Above,Same,Below,Same,Same,Below,Same,26147,Average,Average,16251,Better,Average,16593,Average,Average,0,Unknown,Unknown
Hospital 59,Carrollton,Government,3,Same,None,Same,None,Same,Same,Same,0,Unknown,Unknown,15794,Average,Average,13761,Average,Lower,0,Unknown,Unknown
Hospital 60,Union Springs,Proprietary,-1,None,None,None,None,Same,Above,Same,0,Unknown,Unknown,0,Unknown,Unknown,0,Unknown,Unknown,0,Unknown,Unknown
Hospital 61,Demopolis,Government,3,Same,None,Same,None,Below,Same,Same,0,Unknown,Unknown,16744,Average,Average,17312,Average,Average,0,Unknown,Unknown
Hospital 62,Mobile,Private,1,Same,Below,Below,Above,Same,Below,Below,22788,Average,Average,17664,Average,Higher,18321,Average,Higher,21994,Average,Average
Hospital 63,Bessemer,Government,3,Same,Same,Above,Below,Same,Same,Same,23781,Average,Average,15513,Average,Average,17445,Average,Average,21698,Average,Average
Hospital 64,Selma,Proprietary,2,Same,Above,Same,Below,Same,Same,Above,22320,Average,Average,15207,Average,Lower,17052,Average,Average,0,Unknown,Unknown
Hospital 65,Monroeville,Government,4,Same,None,Above,Above,Same,Same,Same,0,Unknown,Unknown,15627,Average,Average,16555,Average,Average,0,Unknown,Unknown
Hospital 66,Haleyville,Church,5,Above,None,Above,Same,Same,Above,None,0,Unknown,Unknown,15667,Average,Average,13709,Better,Lower,0,Unknown,Unknown
Hospital 67,Troy,Government,2,Same,Same,Same,Same,Same,Same,Same,0,Unknown,Unknown,15017,Average,Average,15713,Worse,Lower,0,Unknown,Unknown
Hospital 68,Jackson,Proprietary,3,Same,None,Same,Same,Same,Above,None,0,Unknown,Unknown,16609,Average,Average,15475,Average,Average,0,Unknown,Unknown
Hospital 69,Bay Minette,Private,2,Same,None,Below,Same,Same,Below,Below,0,Unknown,Unknown,13737,Average,Lower,15115,Average,Lower,0,Unknown,Unknown
Hospital 70,Pell City,Private,5,Same,None,Above,Above,Same,Same,Below,0,Unknown,Unknown,15483,Average,Average,15561,Average,Lower,0,Unknown,Unknown
Hospital 71,Huntsville,Proprietary,2,Same,Below,Below,Below,Same,Below,Same,21174,Average,Lower,15663,Average,Average,15210,Average,Lower,21520,Average,Average
Hospital 72,York,Unknown,-1,None,None,None,None,None,Same,None,0,Unknown,Unknown,0,Unknown,Unknown,0,Unknown,Unknown,0,Unknown,Unknown
Hospital 73,Birmingham,Proprietary,3,Same,Above,Below,Below,Same,Same,Same,23022,Average,Average,16362,Average,Average,16574,Average,Average,21806,Average,Average
Hospital 74,Mobile,Proprietary,1,Same,Below,Below,Same,Same,Below,Below,22208,Average,Average,17150,Average,Average,17128,Average,Average,23520,Average,Higher
Hospital 75,Jacksonville,Proprietary,3,None,None,Same,None,Same,Same,None,0,Unknown,Unknown,0,Unknown,Unknown,16777,Average,Average,0,Unknown,Unknown
Hospital 76,Evergreen,Proprietary,3,Same,None,Same,Same,Same,Same,Same,0,Unknown,Unknown,13699,Average,Lower,15301,Average,Lower,0,Unknown,Unknown
Hospital 77,Montgomery,Government,4,Same,Above,Same,Above,Same,Below,Same,26578,Average,Average,15956,Average,Average,16268,Better,Lower,0,Unknown,Unknown
Hospital 78,Greenville,Proprietary,2,Same,Below,Below,Same,Same,Same,Same,0,Unknown,Unknown,15118,Average,Average,14794,Average,Lower,21007,Average,Average
Hospital 79,Muscle Shoals,Government,3,Same,Same,Same,Same,Below,Above,Below,0,Unknown,Unknown,16052,Average,Average,16744,Average,Average,26047,Average,Higher
Hospital 80,Russellville,Proprietary,3,Same,Above,Below,Same,Same,Above,Same,0,Unknown,Unknown,14446,Average,Lower,14553,Average,Lower,21921,Average,Average
Hospital 81,Sylacauga,Unknown,2,Same,Same,Above,Below,Same,Same,Above,22743,Average,Average,17008,Average,Average,17177,Worse,Average,25118,Average,Higher
Hospital 82,Phenix City,Government,5,None,Above,Above,Above,Below,Same,None,0,Unknown,Unknown,0,Unknown,Unknown,20821,Average,Higher,20830,Average,Lower
Hospital 83,Atmore,Government,3,Same,None,Same,Same,Same,Above,Below,0,Unknown,Unknown,14937,Average,Lower,16864,Average,Average,0,Unknown,Unknown
Hospital 84,Clanton,Church,-1,None,None,None,Above,Below,Same,None,0,Unknown,Unknown,0,Unknown,Unknown,0,Unknown,Unknown,0,Unknown,Unknown
Hospital 85,Chatom,Government,-1,None,None,None,None,Same,Same,None,0,Unknown,Unknown,0,Unknown,Unknown,0,Unknown,Unknown,0,Unknown,Unknown
Hospital 86,Red Bay,Government,-1,None,None,None,None,Same,Above,None,0,Unknown,Unknown,0,Unknown,Unknown,19555,Average,Average,0,Unknown,Unknown
Hospital 87,Butler,Private,-1,None,None,None,None,Same,Same,None,0,Unknown,Unknown,0,Unknown,Unknown,0,Unknown,Unknown,0,Unknown,Unknown
Hospital 88,Oneonta,Private,4,Same,None,Above,Same,Below,Same,None,0,Unknown,Unknown,17765,Average,Average,17373,Average,Average,0,Unknown,Unknown
Hospital 89,Birmingham,Private,-1,None,None,None,None,None,None,None,0,Unknown,Unknown,0,Unknown,Unknown,0,Unknown,Unknown,0,Unknown,Unknown
Hospital 90,Mobile,Government,-1,None,None,None,None,None,None,None,0,Unknown,Unknown,0,Unknown,Unknown,0,Unknown,Unknown,0,Unknown,Unknown
Hospital 91,Anchorage,Church,4,Same,Above,Above,Same,Below,Below,Above,23925,Average,Average,15169,Average,Lower,14136,Average,Lower,19274,Average,Lower
Hospital 92,Palmer,Unknown,3,Same,Same,Above,Same,Same,Same,Same,21695,Average,Average,13788,Average,Lower,13248,Average,Lower,18669,Average,Lower
Hospital 93,Juneau,Government,4,Same,Same,Above,Above,Same,Same,Same,0,Unknown,Unknown,16575,Average,Average,13930,Average,Lower,18253,Average,Lower
Hospital 94,Fairbanks,Private,5,Same,Above,Above,Same,Same,Same,Same,23917,Average,Average,13287,Average,Lower,14328,Average,Lower,17262,Average,Lower
Hospital 95,Anchorage,Proprietary,5,Same,Above,Above,Same,Same,Above,None,23733,Average,Average,15786,Average,Average,16098,Average,Average,17888,Average,Lower
Hospital 96,Bethel,Unknown,3,Same,None,Same,Below,Same,None,None,0,Unknown,Unknown,15154,Average,Average,11547,Average,Lower,0,Unknown,Unknown
Hospital 97,Soldotna,Unknown,3,Same,Below,Above,Same,Same,Below,Same,0,Unknown,Unknown,15519,Average,Average,14719,Average,Lower,19782,Average,Lower
Hospital 98,Anchorage,Government,2,Same,Below,Above,Below,Same,Below,None,22695,Average,Average,15200,Average,Average,14902,Average,Lower,16861,Average,Lower
Hospital 99,Valdez,Government,-1,None,None,None,None,None,None,None,0,Unknown,Unknown,0,Unknown,Unknown,0,Unknown,Unknown,0,Unknown,Unknown
Hospital 100,Seward,Government,-1,None,None,None,None,None,None,None,0,Unknown,Unknown,0,Unknown,Unknown,0,Unknown,Unknown,0,Unknown,Unknown
Hospital 101,Sitka,Government,-1,None,None,None,None,Same,None,None,0,Unknown,Unknown,0,Unknown,Unknown,0,Unknown,Unknown,0,Unknown,Unknown
Hospital 102,Petersburg,Government,-1,None,None,None,None,None,None,None,0,Unknown,Unknown,0,Unknown,Unknown,0,Unknown,Unknown,0,Unknown,Unknown
Hospital 103,Wrangell,Government,-1,None,None,None,None,None,None,None,0,Unknown,Unknown,0,Unknown,Unknown,0,Unknown,Unknown,0,Unknown,Unknown
Hospital 104,Kodiak,Church,-1,None,None,Same,None,None,None,None,0,Unknown,Unknown,0,Unknown,Unknown,19228,Average,Average,0,Unknown,Unknown
Hospital 105,Cordova,Government,-1,None,None,None,None,None,None,None,0,Unknown,Unknown,0,Unknown,Unknown,0,Unknown,Unknown,0,Unknown,Unknown
Hospital 106,Nome,Government,-1,None,None,None,None,None,None,None,0,Unknown,Unknown,0,Unknown,Unknown,16290,Average,Average,0,Unknown,Unknown
Hospital 107,Dillingham,Private,-1,None,None,None,None,None,None,None,0,Unknown,Unknown,0,Unknown,Unknown,0,Unknown,Unknown,0,Unknown,Unknown
Hospital 108,Kotzebue,Government,-1,None,None,None,None,None,None,None,0,Unknown,Unknown,0,Unknown,Unknown,0,Unknown,Unknown,0,Unknown,Unknown
Hospital 109,Ketchikan,Church,4,Same,None,Above,Same,Same,Same,Same,0,Unknown,Unknown,15531,Average,Average,13946,Average,Lower,18654,Average,Lower
Hospital 110,Barrow,Government,-1,None,None,None,None,None,None,None,0,Unknown,Unknown,0,Unknown,Unknown,0,Unknown,Unknown,0,Unknown,Unknown
Hospital 111,Homer,Private,4,None,None,Same,Above,Same,Same,Same,0,Unknown,Unknown,0,Unknown,Unknown,17546,Average,Average,0,Unknown,Unknown
Hospital 112,Sitka,Private,-1,None,None,None,None,Same,None,None,0,Unknown,Unknown,0,Unknown,Unknown,0,Unknown,Unknown,0,Unknown,Unknown
Hospital 113,Phoenix,Unknown,2,Same,Below,Above,Below,Same,Below,Below,24922,Average,Average,19328,Average,Higher,19932,Average,Higher,19703,Average,Lower
Hospital 114,Tucson,Private,3,Same,Above,Above,Below,Same,Below,Above,24370,Average,Average,18440,Average,Higher,19836,Average,Higher,18934,Average,Lower
Hospital 115,Cottonwood,Private,5,Same,Above,Above,Below,Same,Same,Same,22775,Average,Average,18014,Average,Average,18286,Average,Average,19306,Average,Lower
Hospital 116,Tucson,Private,2,Below,Below,Above,Below,Same,Below,Same,23302,Average,Average,16213,Average,Average,17563,Average,Average,24843,Average,Higher
Hospital 117,Tucson,Unknown,2,Below,Below,Above,Below,Same,Below,Above,23107,Average,Average,16690,Average,Average,18117,Average,Average,21117,Average,Lower
Hospital 118,Prescott,Private,3,Below,Above,Above,Same,Same,Same,Below,23918,Average,Average,16156,Average,Average,16965,Average,Average,22294,Average,Average
Hospital 119,Yuma,Private,3,Same,Above,Above,Below,Same,Below,Below,24631,Average,Average,16966,Average,Average,18413,Average,Higher,22354,Average,Average
Hospital 120,Phoenix,Private,2,Same,Below,Above,Below,Same,Same,Same,24620,Average,Average,18890,Average,Higher,19963,Average,Higher,22590,Average,Average
Hospital 121,Casa Grande,Unknown,3,Same,Same,Above,Below,Same,Same,Same,23695,Average,Average,17631,Average,Average,19250,Average,Higher,21849,Average,Average
Hospital 122,Phoenix,Government,3,None,Same,Above,Below,Same,Same,Same,0,Unknown,Unknown,15373,Average,Average,17759,Average,Average,0,Unknown,Unknown
Hospital 123,Flagstaff,Private,5,Same,Same,Above,Same,Same,Below,Above,24350,Average,Average,17208,Average,Average,16771,Better,Average,18887,Average,Lower
Hospital 124,Phoenix,Church,2,Same,Below,Above,Same,Same,Below,Same,27437,Average,Higher,18325,Average,Average,20066,Average,Higher,22659,Average,Average
Hospital 125,Phoenix,Proprietary,3,Same,Above,Above,Below,Same,Below,Same,25769,Average,Average,18472,Average,Average,17993,Average,Average,21976,Average,Average
Hospital 126,Chandler,Unknown,3,Same,Below,Above,Same,Same,Same,Above,24112,Average,Average,18589,Average,Higher,19621,Average,Higher,19765,Average,Lower
Hospital 127,Phoenix,Proprietary,2,Same,Below,Above,Below,Same,Below,None,26607,Average,Average,18657,Average,Average,18691,Average,Average,19064,Average,Lower
Hospital 128,Scottsdale,Proprietary,4,Same,Above,Above,Below,Same,Above,Above,24399,Average,Average,16941,Average,Average,17473,Average,Average,19926,Average,Lower
Hospital 129,Sierra Vista,Unknown,1,Below,Below,Below,Below,Same,Below,Below,21489,Average,Lower,16941,Average,Average,17445,Average,Average,20174,Average,Lower
Hospital 130,Kingman,Government,2,Same,Below,Above,Same,Same,Same,Below,26281,Average,Higher,16773,Average,Average,15940,Average,Lower,21752,Average,Average
Hospital 131,Sun City,Unknown,4,Same,Same,Above,Below,Same,Same,Above,21990,Average,Lower,16604,Average,Average,18168,Average,Higher,18837,Average,Lower
Hospital 132,Show Low,Private,4,Same,Above,Above,Same,Same,Same,Same,24708,Average,Average,15364,Average,Average,16855,Average,Average,21120,Average,Average
Hospital 133,Tucson,Private,2,Same,Below,Below,Below,Same,Below,Above,23106,Average,Average,17069,Average,Average,17265,Average,Average,19496,Average,Lower
Hospital 134,Mesa,Private,2,Same,Below,Below,Below,Same,Below,Above,24071,Average,Average,18314,Average,Higher,19400,Average,Higher,20235,Average,Lower
Hospital 135,Safford,Government,4,None,Same,Above,Above,Same,Above,Same,0,Unknown,Unknown,0,Unknown,Unknown,16386,Average,Average,20071,Average,Lower
Hospital 136,Lake Havasu City,Proprietary,3,Same,Above,Above,Below,Same,Same,Below,23317,Average,Average,15333,Average,Lower,16147,Average,Lower,18805,Average,Lower
Hospital 137,Fort Defiance,Government,2,Same,None,Below,Same,Below,None,None,0,Unknown,Unknown,0,Unknown,Unknown,11432,Average,Lower,0,Unknown,Unknown
Hospital 138,Tuba City,Unknown,3,None,Above,Below,Below,Below,None,None,0,Unknown,Unknown,13497,Average,Lower,12476,Average,Lower,18456,Average,Lower
Hospital 139,Sells,Unknown,-1,None,None,None,None,None,None,None,0,Unknown,Unknown,0,Unknown,Unknown,0,Unknown,Unknown,0,Unknown,Unknown
Hospital 140,Peridot,Government,-1,None,None,None,None,None,None,None,0,Unknown,Unknown,0,Unknown,Unknown,0,Unknown,Unknown,0,Unknown,Unknown
Hospital 141,Phoenix,Government,-1,None,None,None,Same,Same,None,None,0,Unknown,Unknown,0,Unknown,Unknown,0,Unknown,Unknown,0,Unknown,Unknown
Hospital 142,Phoenix,Proprietary,3,Same,Same,Above,Below,Same,Below,None,25192,Average,Average,17707,Average,Average,17675,Average,Average,0,Unknown,Unknown
Hospital 143,Chinle,Government,2,None,None,Below,Below,Below,None,None,0,Unknown,Unknown,0,Unknown,Unknown,11982,Average,Lower,0,Unknown,Unknown
Hospital 144,Tucson,Proprietary,2,Below,Above,Above,Below,Same,Same,Same,23260,Average,Average,17054,Worse,Average,18607,Worse,Higher,19558,Average,Lower
Hospital 145,Scottsdale,Proprietary,4,Above,Above,Below,Below,Same,Above,Above,23301,Average,Average,18707,Average,Higher,17751,Average,Average,21997,Average,Average
Hospital 146,Mesa,Private,4,Same,Below,Above,Below,Same,Same,Above,25224,Average,Average,17736,Average,Higher,17531,Average,Average,21605,Average,Average
Hospital 147,Glendale,Government,2,Same,Below,Above,Below,Same,Below,Above,22732,Average,Average,18262,Average,Higher,19097,Average,Higher,19064,Average,Lower
Hospital 148,Phoenix,Private,3,Same,Below,Above,Below,Same,Same,Same,24315,Average,Average,18623,Average,Higher,19389,Average,Higher,21815,Average,Average
Hospital 149,Sun City West,Private,4,Same,Same,Above,Below,Same,Same,Above,23111,Average,Average,16561,Average,Average,19262,Average,Higher,18592,Average,Lower
Hospital 150,Glendale,Proprietary,3,Same,Above,Below,Below,Same,Same,Same,25293,Average,Average,19001,Average,Higher,17700,Average,Average,21481,Average,Average
Hospital 151,Bullhead City,Proprietary,1,Same,Below,Above,Below,Same,Below,Below,26191,Average,Higher,16458,Average,Average,16277,Average,Average,17588,Average,Lower
Hospital 152,Phoenix,Private,5,Above,Above,Above,Above,Same,Same,Above,20975,Average,Lower,15598,Better,Lower,17148,Better,Average,19770,Average,Lower
Hospital 153,Mesa,Private,4,Above,Below,Above,Above,None,None,None,24141,Average,Average,18729,Average,Higher,18449,Average,Average,0,Unknown,Unknown
Hospital 154,Mesa,Proprietary,-1,None,None,None,Above,None,None,None,0,Unknown,Unknown,0,Unknown,Unknown,0,Unknown,Unknown,19374,Average,Lower
Hospital 155,Phoenix,Proprietary,-1,None,None,None,Above,None,None,None,0,Unknown,Unknown,0,Unknown,Unknown,0,Unknown,Unknown,18058,Average,Lower
Hospital 156,Goodyear,Proprietary,3,Same,Above,Above,Below,Same,Below,Above,24973,Average,Average,17291,Average,Average,18045,Average,Average,0,Unknown,Unknown
Hospital 157,Tucson,Private,2,Same,Same,Same,Below,Same,Below,Same,22734,Average,Average,17866,Average,Average,18266,Average,Average,0,Unknown,Unknown
Hospital 158,Chandler,Proprietary,-1,None,None,None,Above,None,None,None,0,Unknown,Unknown,0,Unknown,Unknown,0,Unknown,Unknown,23627,Average,Higher
Hospital 159,Whiteriver,Government,-1,None,None,None,None,Same,None,None,0,Unknown,Unknown,0,Unknown,Unknown,12756,Average,Lower,0,Unknown,Unknown
Hospital 160,Oro Valley,Proprietary,4,Same,Above,Below,Same,Same,Below,Same,23921,Average,Average,15647,Average,Average,15983,Average,Lower,18414,Average,Lower
Hospital 161,Phoenix,Private,4,Same,Above,Above,Same,Same,Below,Above,22965,Average,Average,14901,Average,Lower,17055,Average,Average,19066,Average,Lower
Hospital 162,Fort Mohave,Proprietary,3,Same,Above,Same,Same,Same,Same,Below,22279,Average,Average,15587,Average,Average,19509,Average,Higher,16785,Average,Lower
Hospital 163,Gilbert,Church,3,Same,Below,Below,Same,Same,Same,Above,23666,Average,Average,19177,Average,Higher,19714,Average,Higher,20106,Average,Lower
Hospital 164,Mesa,Proprietary,2,Same,Below,Same,Below,Same,Below,Same,25230,Average,Average,19306,Average,Higher,21986,Average,Higher,20632,Average,Lower
Hospital 165,Gilbert,Unknown,3,Same,Same,Above,Same,Same,Below,Above,24001,Average,Average,16029,Average,Average,17796,Average,Average,20712,Average,Average
Hospital 166,Scottsdale,Proprietary,5,Same,Above,Above,Above,Same,Above,Above,23570,Average,Average,18980,Average,Higher,17368,Average,Average,19295,Average,Lower
Hospital 167,Queen Creek,Private,4,Same,Same,Above,Above,Same,Same,Same,0,Unknown,Unknown,16042,Average,Average,17906,Average,Average,22450,Average,Average
Hospital 168,Phoenix,Private,-1,None,None,None,Above,None,None,None,0,Unknown,Unknown,0,Unknown,Unknown,0,Unknown,Unknown,21573,Average,Lower
Hospital 169,Apache Junction,Unknown,4,Same,None,Above,Same,Same,Same,Same,0,Unknown,Unknown,14816,Average,Average,15948,Average,Average,0,Unknown,Unknown
Hospital 170,Laveen,Proprietary,-1,None,None,None,None,Same,Same,None,0,Unknown,Unknown,0,Unknown,Unknown,0,Unknown,Unknown,0,Unknown,Unknown
Hospital 171,Green Valley,Proprietary,3,Same,None,Above,Below,Below,Same,None,0,Unknown,Unknown,15936,Average,Average,15947,Average,Average,0,Unknown,Unknown
Hospital 172,Goodyear,Proprietary,-1,None,None,None,None,None,None,None,0,Unknown,Unknown,0,Unknown,Unknown,0,Unknown,Unknown,0,Unknown,Unknown
Hospital 173,Wickenburg,Private,-1,None,None,Same,Above,None,None,None,0,Unknown,Unknown,0,Unknown,Unknown,18943,Average,Average,0,Unknown,Unknown
Hospital 174,Benson,Private,4,None,None,Above,None,Same,Same,None,0,Unknown,Unknown,0,Unknown,Unknown,12167,Average,Lower,0,Unknown,Unknown
Hospital 175,Willcox,Government,-1,None,None,Same,None,None,None,None,0,Unknown,Unknown,0,Unknown,Unknown,17870,Average,Average,0,Unknown,Unknown
Hospital 176,Page,Government,-1,None,None,None,Same,Same,None,None,0,Unknown,Unknown,0,Unknown,Unknown,0,Unknown,Unknown,0,Unknown,Unknown
Hospital 177,Polacca,Government,-1,None,None,None,None,None,None,None,0,Unknown,Unknown,0,Unknown,Unknown,0,Unknown,Unknown,0,Unknown,Unknown
Hospital 178,Parker,Government,-1,None,None,None,None,None,None,None,0,Unknown,Unknown,0,Unknown,Unknown,0,Unknown,Unknown,0,Unknown,Unknown
Hospital 179,Sacaton,Government,-1,None,None,None,None,None,None,None,0,Unknown,Unknown,0,Unknown,Unknown,0,Unknown,Unknown,0,Unknown,Unknown
Hospital 180,Ganado,Private,-1,None,None,None,None,None,Same,None,0,Unknown,Unknown,0,Unknown,Unknown,12636,Average,Lower,0,Unknown,Unknown
Hospital 181,Winslow,Private,-1,None,None,Same,Same,None,None,None,0,Unknown,Unknown,0,Unknown,Unknown,12863,Average,Lower,0,Unknown,Unknown
Hospital 182,Bisbee,Private,3,None,None,Same,None,Same,Same,None,0,Unknown,Unknown,0,Unknown,Unknown,15942,Average,Average,0,Unknown,Unknown
Hospital 183,Nogales,Proprietary,-1,None,None,None,Same,Same,Above,None,0,Unknown,Unknown,0,Unknown,Unknown,0,Unknown,Unknown,0,Unknown,Unknown
Hospital 184,Globe,Private,3,Same,None,Same,Same,Same,Same,Same,25331,Average,Average,15589,Average,Average,14815,Average,Lower,22668,Average,Average
Hospital 185,Springerville,Private,4,None,None,Same,None,Same,Same,Same,0,Unknown,Unknown,0,Unknown,Unknown,14510,Average,Lower,0,Unknown,Unknown
Hospital 186,Parker,Private,2,Same,None,Below,Below,None,None,None,22009,Average,Average,14805,Average,Average,17492,Average,Average,21922,Average,Average
Hospital 187,Payson,Unknown,-1,None,None,None,None,None,None,None,0,Unknown,Unknown,0,Unknown,Unknown,0,Unknown,Unknown,0,Unknown,Unknown
Hospital 188,Phoenix,Private,-1,None,None,None,None,None,None,None,0,Unknown,Unknown,0,Unknown,Unknown,0,Unknown,Unknown,0,Unknown,Unknown
Hospital 189,Mesa,Proprietary,-1,None,None,None,None,None,None,None,0,Unknown,Unknown,0,Unknown,Unknown,0,Unknown,Unknown,0,Unknown,Unknown
Hospital 190,Siloam Springs,Unknown,3,Same,Same,Same,Same,Same,Above,Same,0,Unknown,Unknown,15819,Average,Average,18940,Average,Average,23808,Average,Average
Hospital 191,Clarksville,Government,2,Same,Below,Same,Same,Same,Above,Same,0,Unknown,Unknown,14454,Average,Lower,14254,Average,Lower,24308,Average,Higher
Hospital 192,Fayetteville,Private,2,Below,Below,Above,Same,Same,Same,Below,23918,Average,Average,18251,Worse,Higher,18378,Worse,Average,19837,Better,Lower
Hospital 193,Little Rock,Private,1,Below,Below,Below,Below,Same,Below,Same,26033,Average,Higher,17916,Average,Higher,18833,Average,Higher,17565,Average,Lower
Hospital 194,Rogers,Church,4,Same,Above,Above,Same,Same,Same,Below,24212,Average,Average,17025,Average,Average,18870,Average,Higher,18954,Average,Lower
Hospital 195,Danville,Private,3,Same,None,Below,Above,Below,Above,None,22946,Average,Average,15741,Average,Average,15028,Average,Lower,0,Unknown,Unknown
Hospital 196,Searcy,Private,4,Below,Above,Above,Same,Same,Same,Same,21960,Average,Average,15913,Average,Average,17200,Average,Average,20455,Average,Lower
Hospital 197,Mena,Government,2,Below,None,Same,None,Same,Above,Same,0,Unknown,Unknown,16334,Worse,Average,16909,Average,Average,0,Unknown,Unknown
Hospital 198,Little Rock,Government,1,Same,Below,Below,Same,Same,Below,Above,23850,Average,Average,16244,Average,Average,18331,Average,Average,17093,Average,Lower
Hospital 199,Harrison,Unknown,3,Same,Same,Above,Same,Same,Same,Same,0,Unknown,Unknown,17221,Average,Average,16426,Average,Lower,21200,Average,Average
Hospital 200,Van Buren,Proprietary,3,None,None,Same,Same,Same,Above,None,0,Unknown,Unknown,0,Unknown,Unknown,15789,Average,Average,0,Unknown,Unknown
Hospital 201,Forrest City,Proprietary,2,Same,None,Below,Same,Same,Above,Same,0,Unknown,Unknown,15789,Average,Average,15693,Average,Lower,0,Unknown,Unknown
Hospital 202,Jonesboro,Private,2,Below,Above,Below,Above,Same,Same,Same,27055,Worse,Higher,18868,Worse,Higher,18648,Worse,Higher,21598,Average,Average
Hospital 203,Springdale,Proprietary,3,Below,Above,Above,Below,Above,Same,Same,25222,Average,Average,17113,Worse,Average,15918,Average,Lower,22873,Average,Average
Hospital 204,Hot Springs,Church,3,Same,Above,Below,Below,Same,Above,Below,20995,Average,Lower,15979,Average,Average,17338,Average,Average,21248,Average,Lower
Hospital 205,Mountain Home,Private,3,Below,Above,Below,Above,Same,Above,Below,25016,Average,Average,15552,Average,Lower,16649,Worse,Lower,21156,Average,Lower
Hospital 206,Conway,Private,3,Below,Above,Above,Above,Same,Above,Same,20100,Average,Lower,16641,Average,Average,17488,Worse,Average,23752,Average,Higher
Hospital 207,North Little Rock,Private,2,Below,Above,Below,Same,Below,Same,Above,24238,Average,Average,17778,Average,Average,17871,Worse,Average,20487,Average,Lower
Hospital 208,Paragould,Private,2,Same,Above,Below,Same,Same,Above,Same,23965,Worse,Average,16462,Worse,Average,17479,Average,Average,24892,Average,Higher
Hospital 209,Russellville,Proprietary,2,Same,Above,Below,Below,Same,Same,Same,23888,Average,Average,16985,Average,Average,18428,Average,Average,22587,Average,Average
Hospital 210,Pocahontas,Private,3,Same,None,Same,Same,Same,Above,Same,0,Unknown,Unknown,13602,Average,Lower,17444,Average,Average,0,Unknown,Unknown
Hospital 211,Camden,Private,3,Same,Above,Same,Same,Same,Above,None,0,Unknown,Unknown,16503,Average,Average,16063,Average,Average,23791,Average,Higher
Hospital 212,Monticello,Private,3,Same,None,Below,Same,Below,Above,Below,0,Unknown,Unknown,15648,Average,Average,16376,Average,Lower,0,Unknown,Unknown
Hospital 213,Fort Smith,Proprietary,1,Below,Below,Below,Below,Same,Same,Below,24876,Average,Average,17625,Worse,Higher,19571,Worse,Higher,22348,Average,Average
Hospital 214,Fort Smith,Private,3,Same,Above,Below,Above,Below,Same,Above,23545,Average,Average,18047,Average,Higher,19615,Average,Higher,23049,Average,Higher
Hospital 215,Magnolia,Government,2,Below,None,Below,Below,Same,Same,Same,0,Unknown,Unknown,15503,Average,Average,17974,Worse,Average,0,Unknown,Unknown
Hospital 216,Blytheville,Unknown,2,Same,None,Below,Below,Same,Same,Same,0,Unknown,Unknown,17066,Average,Average,15279,Average,Lower,0,Unknown,Unknown
Hospital 217,Pine Bluff,Private,1,Below,Below,Below,Below,Same,Same,Below,23425,Average,Average,16813,Average,Average,17721,Worse,Average,25184,Average,Higher
Hospital 218,Stuttgart,Private,3,Same,None,Below,Above,Same,Above,None,0,Unknown,Unknown,15932,Average,Average,15282,Average,Lower,0,Unknown,Unknown
Hospital 219,Jacksonville,Proprietary,1,Same,None,Below,Below,Same,Above,None,0,Unknown,Unknown,17316,Average,Average,18770,Average,Average,0,Unknown,Unknown
Hospital 220,Malvern,Private,4,Same,None,Below,Above,Same,Above,Same,0,Unknown,Unknown,16821,Average,Average,16639,Average,Average,0,Unknown,Unknown
Hospital 221,Hot Springs,Proprietary,1,Below,Below,Below,Below,Same,Same,Below,23826,Average,Average,17819,Average,Average,19665,Worse,Higher,25612,Average,Higher
Hospital 222,Benton,Proprietary,1,Same,Above,Below,Below,Below,Below,Same,23424,Average,Average,16113,Worse,Average,16240,Average,Lower,22834,Average,Average
Hospital 223,Helena,Proprietary,2,Same,None,Same,Same,Same,Above,None,0,Unknown,Unknown,14807,Average,Average,14914,Average,Lower,0,Unknown,Unknown
Hospital 224,El Dorado,Proprietary,2,Below,Below,Above,Same,Same,Above,Same,25385,Average,Average,16388,Average,Average,17224,Average,Average,25586,Average,Higher
Hospital 225,Little Rock,Private,1,Below,Above,Below,Below,Same,Same,Above,25112,Average,Average,17609,Average,Higher,17808,Worse,Average,18853,Average,Lower
Hospital 226,Jonesboro,Private,2,Same,Same,Below,Above,Below,Above,Below,23310,Average,Average,16511,Average,Average,18127,Average,Average,24114,Worse,Higher
Hospital 227,Batesville,Private,3,Same,Same,Above,Same,Same,Above,Above,25729,Average,Average,17069,Worse,Average,17858,Average,Average,17496,Average,Lower
Hospital 228,Hot Springs,Private,-1,None,None,None,None,None,None,None,0,Unknown,Unknown,0,Unknown,Unknown,0,Unknown,Unknown,0,Unknown,Unknown
Hospital 229,Little Rock,Proprietary,5,Same,Above,Below,Above,Same,Above,Same,23490,Average,Average,16631,Average,Average,17004,Average,Average,0,Unknown,Unknown
Hospital 230,Sherwood,Church,3,Same,None,Same,Same,Same,Same,Same,26544,Average,Average,19006,Average,Higher,19738,Average,Higher,0,Unknown,Unknown
Hospital 231,No Little Rock,Proprietary,5,None,Above,None,Above,Same,None,None,0,Unknown,Unknown,0,Unknown,Unknown,0,Unknown,Unknown,20286,Better,Lower
Hospital 232,Fayetteville,Proprietary,-1,None,None,None,Above,Same,Same,None,0,Unknown,Unknown,0,Unknown,Unknown,0,Unknown,Unknown,22976,Average,Higher
Hospital 233,Hope,Proprietary,2,Same,None,Below,Below,Same,Above,Same,0,Unknown,Unknown,16351,Average,Average,17526,Average,Average,0,Unknown,Unknown
Hospital 234,Conway,Private,4,Same,None,Same,Above,Same,Above,Same,0,Unknown,Unknown,17861,Average,Average,16708,Average,Average,0,Unknown,Unknown
Hospital 235,Jonesboro,Proprietary,-1,None,None,None,None,None,None,None,0,Unknown,Unknown,0,Unknown,Unknown,0,Unknown,Unknown,0,Unknown,Unknown
Hospital 236,Paris,Church,-1,None,None,None,None,Same,Same,None,0,Unknown,Unknown,0,Unknown,Unknown,0,Unknown,Unknown,0,Unknown,Unknown
Hospital 237,Dardanelle,Proprietary,2,None,None,Below,None,Same,Above,None,0,Unknown,Unknown,0,Unknown,Unknown,19821,Average,Higher,0,Unknown,Unknown
Hospital 238,Ozark,Private,3,None,None,Same,None,Same,Same,None,0,Unknown,Unknown,16073,Unknown,Unknown,14220,Average,Lower,0,Unknown,Unknown
Hospital 239,Eureka Springs,Proprietary,3,None,None,Same,None,Same,Above,None,0,Unknown,Unknown,0,Unknown,Unknown,18540,Average,Average,0,Unknown,Unknown
Hospital 240,Waldron,Private,-1,None,None,None,None,Same,Same,None,0,Unknown,Unknown,0,Unknown,Unknown,19533,Average,Average,0,Unknown,Unknown
Hospital 241,Calico Rock,Private,-1,Same,None,Below,None,None,None,None,0,Unknown,Unknown,15215,Average,Average,11843,Average,Lower,0,Unknown,Unknown
Hospital 242,Wynne,Private,3,Same,None,Below,Above,Same,Same,Same,0,Unknown,Unknown,15231,Average,Average,14349,Average,Lower,0,Unknown,Unknown
Hospital 243,Mcgehee,Private,-1,None,None,None,None,Same,Same,Same,0,Unknown,Unknown,0,Unknown,Unknown,15807,Average,Average,0,Unknown,Unknown
Hospital 244,Walnut Ridge,Government,2,Same,None,Below,None,Same,Above,Below,0,Unknown,Unknown,17309,Average,Average,16957,Average,Average,0,Unknown,Unknown
Hospital 245,Mountain View,Private,4,Same,None,Above,None,Same,Above,None,0,Unknown,Unknown,15810,Average,Average,15571,Average,Lower,18693,Average,Lower
Hospital 246,Nashville,Private,3,Same,None,Same,None,Same,Above,Same,0,Unknown,Unknown,16430,Average,Average,17998,Average,Average,0,Unknown,Unknown
Hospital 247,Heber Springs,Private,4,Same,None,Above,Above,Same,Above,Same,0,Unknown,Unknown,17011,Average,Average,16520,Average,Average,19678,Average,Lower
Hospital 248,Clinton,Private,3,Same,None,Same,None,Same,Above,Same,0,Unknown,Unknown,14118,Average,Lower,16875,Average,Average,19299,Average,Lower
Hospital 249,De Witt,Private,3,Same,None,Same,None,Same,Above,None,0,Unknown,Unknown,14671,Average,Average,13368,Average,Lower,0,Unknown,Unknown
Hospital 250,Osceola,Government,4,Same,None,Above,None,Same,Same,None,0,Unknown,Unknown,17258,Average,Average,16929,Average,Average,0,Unknown,Unknown
Hospital 251,Fordyce,Government,-1,None,None,None,None,None,None,None,0,Unknown,Unknown,0,Unknown,Unknown,15445,Average,Average,0,Unknown,Unknown
Hospital 252,Booneville,Private,-1,None,None,None,None,Same,Same,Same,0,Unknown,Unknown,0,Unknown,Unknown,21189,Average,Higher,0,Unknown,Unknown
Hospital 253,De Queen,Proprietary,-1,Same,None,Below,None,None,None,None,0,Unknown,Unknown,17094,Average,Average,16093,Average,Average,0,Unknown,Unknown
Hospital 254,Ashdown,Unknown,-1,None,None,None,None,Same,Same,None,0,Unknown,Unknown,0,Unknown,Unknown,17831,Average,Average,0,Unknown,Unknown
Hospital 255,Arkadelphia,Private,4,Same,None,Same,Above,Same,Above,Same,0,Unknown,Unknown,16031,Average,Average,15652,Worse,Lower,0,Unknown,Unknown
Hospital 256,Salem,Unknown,2,Same,None,Below,Same,Same,Above,None,0,Unknown,Unknown,17638,Average,Average,17000,Average,Average,0,Unknown,Unknown
Hospital 257,Crossett,Private,3,Same,None,Below,Above,Same,Above,Below,0,Unknown,Unknown,16511,Average,Average,18222,Average,Average,0,Unknown,Unknown
Hospital 258,Morrilton,Church,-1,Same,None,Above,None,None,None,None,0,Unknown,Unknown,15703,Average,Average,16632,Average,Average,0,Unknown,Unknown
Hospital 259,Dumas,Private,2,Same,None,Same,None,Same,Above,None,0,Unknown,Unknown,0,Unknown,Unknown,13964,Average,Lower,0,Unknown,Unknown
Hospital 260,Warren,Private,4,Same,None,Above,None,Below,Same,Same,0,Unknown,Unknown,15732,Average,Average,17110,Average,Average,0,Unknown,Unknown
Hospital 261,Lake Village,Private,2,Same,None,Same,None,Same,Above,None,0,Unknown,Unknown,19662,Average,Higher,17355,Average,Average,0,Unknown,Unknown
Hospital 262,Berryville,Church,2,Same,None,Below,None,Same,Same,None,0,Unknown,Unknown,15141,Average,Average,15343,Average,Lower,0,Unknown,Unknown
Hospital 263,Piggott,Government,-1,Same,None,Below,None,None,None,None,0,Unknown,Unknown,16977,Average,Average,18588,Average,Average,0,Unknown,Unknown
Hospital 264,Gravette,Proprietary,3,None,None,Same,None,Same,Above,None,0,Unknown,Unknown,0,Unknown,Unknown,20177,Average,Average,0,Unknown,Unknown
Hospital 265,Little Rock,Private,-1,None,None,None,None,None,None,None,0,Unknown,Unknown,0,Unknown,Unknown,0,Unknown,Unknown,0,Unknown,Unknown
Hospital 266,Springdale,Private,-1,None,None,None,None,None,None,None,0,Unknown,Unknown,0,Unknown,Unknown,0,Unknown,Unknown,0,Unknown,Unknown
Hospital 267,Hayward,Church,2,Same,Above,Below,Below,Same,Same,Same,27618,Average,Higher,16525,Average,Average,18907,Average,Higher,26462,Average,Higher
Hospital 268,Eureka,Private,2,Same,Below,Above,Below,Below,Below,Same,21152,Average,Lower,15369,Average,Lower,16981,Average,Average,18464,Average,Lower
Hospital 269,Burlingame,Private,5,Above,Above,Above,Above,Same,Same,Same,23897,Average,Average,17357,Better,Average,16021,Average,Lower,20339,Average,Lower
Hospital 270,San Francisco,Unknown,3,Same,Same,Above,Below,Same,Same,Same,0,Unknown,Unknown,16502,Average,Average,16903,Average,Average,0,Unknown,Unknown
Hospital 271,Napa,Church,3,Same,Above,Above,Below,Same,Below,Same,23484,Average,Average,16615,Average,Average,15553,Average,Lower,18451,Average,Lower
Hospital 272,Saint Helena,Private,3,Same,Above,Same,Same,Same,Same,Same,24816,Average,Average,17846,Average,Average,16818,Average,Average,16738,Better,Lower
Hospital 273,Jackson,Private,4,Same,Same,Above,Above,Same,Same,Same,0,Unknown,Unknown,16804,Average,Average,17942,Average,Average,19294,Average,Lower
Hospital 274,Sacramento,Church,3,Same,Below,Same,Above,Same,Below,Above,25177,Average,Average,16534,Average,Average,16936,Average,Average,21853,Average,Average
Hospital 275,Riverside,Proprietary,2,Same,Above,Below,Below,Same,Below,Same,26609,Average,Higher,17619,Average,Average,18315,Average,Average,23251,Average,Average
Hospital 276,National City,Proprietary,2,Same,Above,Above,Below,Same,Below,Same,25196,Average,Average,17182,Average,Average,22080,Average,Higher,26481,Average,Higher
Hospital 277,San Diego,Unknown,4,Above,Above,Below,Above,Same,Below,Same,25182,Average,Average,17122,Average,Average,18284,Better,Average,20308,Average,Lower
Hospital 278,La Mesa,Government,2,Below,Above,Below,Below,Same,Below,Same,26107,Average,Higher,16696,Average,Average,18044,Average,Average,18944,Average,Lower
Hospital 279,Arcata,Proprietary,3,Same,None,Above,Same,Same,Same,Same,0,Unknown,Unknown,14268,Average,Lower,15367,Average,Lower,0,Unknown,Unknown
Hospital 280,Oroville,Private,1,Above,Below,Below,Below,Below,Below,Below,23987,Average,Average,14587,Better,Lower,16816,Better,Average,23670,Average,Higher
Hospital 281,Bakersfield,Private,2,Below,Above,Below,Below,Same,Below,Same,22921,Average,Average,16443,Worse,Average,18768,Average,Average,18426,Average,Lower
Hospital 282,San Jose,Government,1,Same,Same,Below,Below,Same,Below,Below,24495,Average,Average,16383,Average,Average,18362,Worse,Average,0,Unknown,Unknown
Hospital 283,Chico,Private,4,Same,Above,Below,Above,Same,Same,Above,24569,Average,Average,15297,Average,Lower,16930,Average,Average,19781,Average,Lower
Hospital 284,Sylmar,Unknown,2,None,Below,Same,Same,Same,Below,None,0,Unknown,Unknown,13728,Average,Lower,16751,Average,Average,0,Unknown,Unknown
Hospital 285,Red Bluff,Church,3,Below,Above,Above,Same,Same,Same,Same,0,Unknown,Unknown,14646,Average,Lower,16467,Average,Average,19957,Average,Lower
Hospital 286,Oakland,Private,5,Above,Above,Above,Below,Same,Below,Same,22574,Average,Average,17246,Better,Average,19049,Average,Higher,22299,Average,Average
Hospital 287,El Centro,Government,2,Same,Same,Below,Below,Same,Below,Same,24176,Average,Average,17193,Average,Average,17718,Average,Average,18510,Average,Lower
Hospital 288,San Francisco,Private,4,Above,Below,Above,Below,Above,Below,Below,21972,Average,Average,15993,Average,Average,15249,Average,Lower,20661,Average,Lower
Hospital 289,Banning,Government,3,Same,Same,Same,Same,Same,Below,Same,24081,Average,Average,16770,Average,Average,19194,Average,Average,16779,Average,Lower
Hospital 290,San Francisco,Church,2,Same,Same,Below,Below,Same,Same,Same,0,Unknown,Unknown,15124,Average,Average,16247,Average,Average,19606,Average,Lower
Hospital 291,Lancaster,Government,1,Below,Below,Below,Below,Same,Below,Above,20574,Average,Lower,17905,Average,Average,19270,Worse,Higher,0,Unknown,Unknown
Hospital 292,Visalia,Government,3,Same,Above,Same,Below,Same,Below,Same,25480,Average,Higher,16277,Average,Average,16055,Average,Lower,18099,Average,Lower
Hospital 293,Glendale,Private,3,Above,Above,Below,Below,Same,Same,Same,25307,Average,Average,20210,Better,Higher,20541,Average,Higher,25275,Average,Higher
Hospital 294,Fresno,Private,2,Same,Below,Below,Below,Same,Below,Same,24337,Average,Average,16670,Average,Average,17808,Average,Average,23432,Average,Average
Hospital 295,Los Angeles,Proprietary,1,Above,Below,Below,Below,Same,Same,Same,25447,Average,Average,19864,Better,Higher,21382,Better,Higher,26762,Average,Higher
Hospital 296,Oakdale,Government,3,Same,None,Above,Same,Same,Same,None,0,Unknown,Unknown,14817,Average,Average,16453,Average,Average,0,Unknown,Unknown
Hospital 297,Orange,Church,3,Below,Below,Above,Above,Below,Below,Same,25913,Average,Average,18696,Average,Higher,18841,Average,Higher,24254,Average,Higher
Hospital 298,South San Francisco,Private,3,None,Above,None,Same,Same,None,None,0,Unknown,Unknown,0,Unknown,Unknown,0,Unknown,Unknown,0,Unknown,Unknown
Hospital 299,Santa Clara,Unknown,4,None,Above,None,Above,Same,None,None,0,Unknown,Unknown,0,Unknown,Unknown,0,Unknown,Unknown,0,Unknown,Unknown
Hospital 300,Walnut Creek,Unknown,3,None,Same,None,Below,Same,None,None,0,Unknown,Unknown,0,Unknown,Unknown,0,Unknown,Unknown,0,Unknown,Unknown
Hospital 301,Vallejo,Unknown,3,Same,Same,Same,Same,Same,None,None,22247,Average,Average,0,Unknown,Unknown,15914,Average,Average,0,Unknown,Unknown
Hospital 302,Oakland,Unknown,2,Same,Same,Below,Below,Same,None,None,20687,Average,Lower,13160,Average,Lower,15117,Average,Lower,0,Unknown,Unknown
Hospital 303,San Francisco,Unknown,3,None,Same,None,Below,Same,None,None,0,Unknown,Unknown,0,Unknown,Unknown,0,Unknown,Unknown,0,Unknown,Unknown
Hospital 304,San Diego,Private,2,Same,Below,Below,Below,Same,Below,Same,24834,Average,Average,17945,Average,Higher,18961,Average,Higher,24794,Average,Higher
Hospital 305,San Pedro,Private,4,Same,Above,Above,Same,Same,Below,Same,0,Unknown,Unknown,18228,Average,Average,17514,Average,Average,24638,Average,Higher
Hospital 306,Oxnard,Private,4,Above,Same,Above,Below,Same,Below,Above,27713,Average,Higher,18720,Better,Higher,17560,Average,Average,25882,Average,Higher
Hospital 307,Stockton,Church,2,Below,Same,Below,Below,Same,Below,Same,25231,Average,Average,17035,Average,Average,18973,Average,Higher,23604,Average,Average
Hospital 308,San Bernardino,Private,2,Same,Same,Below,Below,Same,Below,None,0,Unknown,Unknown,19372,Average,Higher,19970,Average,Higher,0,Unknown,Unknown
Hospital 309,Sonoma,Government,4,Same,Above,Above,Same,Same,Same,Same,0,Unknown,Unknown,17218,Average,Average,17178,Average,Average,20187,Average,Lower
Hospital 310,Huntington Park,Proprietary,2,Same,None,Same,Below,Below,Below,None,22763,Average,Average,18356,Average,Average,20912,Average,Higher,0,Unknown,Unknown
Hospital 311,Fresno,Church,2,Same,Above,Below,Below,Same,Below,Same,22896,Average,Average,16148,Average,Average,16315,Worse,Lower,22917,Average,Higher
Hospital 312,West Covina,Proprietary,-1,None,None,Above,None,None,None,None,0,Unknown,Unknown,0,Unknown,Unknown,18623,Average,Average,0,Unknown,Unknown
Hospital 313,Upland,Unknown,3,Above,Above,Below,Below,Same,Below,Same,22634,Better,Average,18741,Average,Higher,19989,Average,Higher,21613,Average,Average
Hospital 314,San Diego,Private,4,Same,Same,Above,Above,Same,Same,Above,23706,Average,Average,17857,Average,Higher,17480,Average,Average,20760,Average,Lower
Hospital 315,Vallejo,Private,2,Same,Below,Above,Below,Same,Below,Same,25881,Average,Average,15023,Average,Lower,18344,Average,Average,25898,Worse,Higher
Hospital 316,Riverside,Private,1,Same,Below,Below,Below,Below,Below,None,0,Unknown,Unknown,18446,Average,Average,22622,Average,Higher,22806,Average,Average
Hospital 317,Los Angeles,Church,3,Above,Same,Same,Below,Same,Below,Same,26568,Average,Average,17508,Average,Average,18295,Better,Average,24444,Average,Higher
Hospital 318,Lynwood,Church,2,Same,Below,Below,Below,Same,Below,Same,25207,Average,Average,18794,Average,Higher,22743,Average,Higher,0,Unknown,Unknown
Hospital 319,Santa Maria,Church,4,Below,Above,Above,Same,Same,Same,Below,24146,Average,Average,15666,Worse,Average,16812,Average,Average,20307,Average,Lower
Hospital 320,Sacramento,Private,4,Same,Same,Above,Same,Same,Below,Above,23334,Average,Average,17120,Average,Average,16499,Average,Lower,20204,Average,Lower
Hospital 321,Lompoc,Government,1,Same,Below,Below,Below,Same,Below,Below,0,Unknown,Unknown,14953,Average,Lower,15166,Average,Lower,20856,Average,Average
Hospital 322,Santa Monica,Private,5,Above,Above,Below,Same,Same,Below,Same,24227,Average,Average,16541,Better,Average,18552,Better,Higher,23604,Average,Higher
Hospital 323,San Mateo,Government,3,None,Same,Same,Below,Same,Below,Same,0,Unknown,Unknown,0,Unknown,Unknown,19172,Average,Average,0,Unknown,Unknown
Hospital 324,Escondido,Government,4,Same,Above,Above,Above,Same,Below,Above,25059,Average,Average,17004,Average,Average,18880,Average,Higher,19565,Average,Lower
Hospital 325,Northridge,Private,2,Above,Below,Below,Same,Same,Below,Above,25263,Better,Average,18774,Average,Higher,19079,Average,Higher,23812,Worse,Higher
Hospital 326,Manteca,Unknown,2,Same,Above,Below,Same,Same,Same,Same,23916,Average,Average,14900,Average,Lower,15753,Average,Lower,21889,Average,Average
Hospital 327,Hanford,Church,2,Same,Above,Below,Below,Below,Below,Below,22235,Average,Average,14492,Average,Lower,16223,Worse,Lower,18458,Average,Lower
Hospital 328,Stockton,Unknown,2,Same,Below,Below,Below,Same,Below,Same,23183,Average,Average,16682,Worse,Average,17326,Average,Average,22585,Average,Average
Hospital 329,Glendale,Private,2,Same,Below,Below,Below,Same,Same,Same,24947,Average,Average,17165,Average,Average,18594,Average,Higher,21169,Average,Average
Hospital 330,San Jose,Government,1,Same,Below,Below,Below,Same,Below,Above,24994,Average,Average,16570,Average,Average,17788,Average,Average,29328,Average,Higher
Hospital 331,Van Nuys,Unknown,2,Above,Below,Same,Below,Below,Below,Same,26261,Average,Average,18407,Average,Higher,21704,Average,Higher,23643,Average,Higher
Hospital 332,Woodland,Unknown,2,Same,Same,Below,Same,Same,Same,Same,0,Unknown,Unknown,16130,Average,Average,16284,Worse,Average,22532,Average,Average
Hospital 333,Oceanside,Government,2,Same,Below,Above,Below,Same,Below,Same,21418,Average,Lower,17337,Average,Average,18312,Average,Average,22083,Average,Average
Hospital 334,San Bernardino,Private,1,Same,Below,Below,Below,Same,Below,Same,23714,Average,Average,17940,Average,Average,23030,Average,Higher,22980,Average,Average
Hospital 335,Novato,Unknown,3,Same,Below,Below,Above,Same,Same,Same,0,Unknown,Unknown,15723,Average,Average,17099,Average,Average,20103,Average,Lower
Hospital 336,San Gabriel,Proprietary,4,Above,Same,Below,Below,Same,Same,Same,26508,Average,Average,21118,Better,Higher,23192,Better,Higher,29263,Average,Higher
Hospital 337,Marysville,Government,1,Below,Below,Same,Below,Same,Below,Above,22970,Average,Average,16782,Average,Average,15738,Worse,Lower,23421,Average,Average
Hospital 338,Hollywood,Proprietary,4,Above,Above,Above,Below,Below,Below,Same,25754,Average,Average,21486,Better,Higher,25157,Better,Higher,0,Unknown,Unknown
Hospital 339,Petaluma,Unknown,4,Same,Same,Above,Below,Same,Below,Same,23365,Average,Average,16989,Average,Average,15391,Average,Lower,22589,Average,Average
Hospital 340,Panorama City,Private,3,None,Same,None,Below,Same,None,None,0,Unknown,Unknown,0,Unknown,Unknown,0,Unknown,Unknown,0,Unknown,Unknown
Hospital 341,Los Angeles,Unknown,4,None,Above,Above,Same,Same,None,None,0,Unknown,Unknown,0,Unknown,Unknown,0,Unknown,Unknown,0,Unknown,Unknown
Hospital 342,Downey,Unknown,3,None,Same,None,Below,Same,None,None,0,Unknown,Unknown,0,Unknown,Unknown,17449,Average,Average,0,Unknown,Unknown
Hospital 343,Fontana,Private,3,Same,Same,Below,Above,Same,None,None,22627,Average,Average,0,Unknown,Unknown,16862,Average,Average,0,Unknown,Unknown
Hospital 344,Monterey,Private,5,Same,Same,Above,Above,Same,Same,Above,24438,Average,Average,16437,Average,Average,16578,Average,Lower,19417,Average,Lower
Hospital 345,Los Angeles,Unknown,3,Same,Same,Below,Below,Same,Same,Same,26070,Average,Average,19169,Average,Higher,18955,Average,Average,0,Unknown,Unknown
Hospital 346,Grass Valley,Unknown,3,Same,Below,Above,Below,Same,Below,Same,24411,Average,Average,16942,Average,Average,17377,Average,Average,20919,Average,Lower
Hospital 347,San Francisco,Private,3,Same,Above,Below,Below,Same,Below,Same,0,Unknown,Unknown,16095,Average,Average,17590,Average,Average,18525,Average,Lower
Hospital 348,San Jose,Private,1,Same,Below,Below,Below,Same,Below,Above,24150,Average,Average,17234,Average,Average,18169,Average,Average,22018,Average,Average
Hospital 349,Encino,Proprietary,3,Same,Above,Below,Below,Same,Same,None,23237,Average,Average,18949,Better,Higher,19830,Better,Higher,0,Unknown,Unknown
Hospital 350,Ventura,Government,2,Same,Same,Same,Below,Same,Below,Same,25083,Average,Average,14270,Average,Lower,15342,Average,Lower,24854,Average,Higher
Hospital 351,French Camp,Government,2,Same,Above,Same,Below,Same,Below,Same,0,Unknown,Unknown,18136,Average,Average,18680,Average,Average,0,Unknown,Unknown
Hospital 352,Fullerton,Church,5,Same,Above,Above,Above,Same,Below,Same,25366,Average,Average,19523,Average,Higher,20882,Average,Higher,20909,Average,Lower
Hospital 353,Whittier,Private,4,Above,Above,Below,Above,Below,Below,Below,21942,Average,Lower,15862,Better,Average,18574,Better,Higher,21311,Average,Average
Hospital 354,Santa Rosa,Private,3,Same,Below,Above,Below,Same,Below,Above,22528,Average,Average,17697,Better,Average,16318,Average,Lower,19397,Average,Lower
Hospital 355,Turlock,Church,1,Same,Below,Below,Below,Same,Below,Above,23465,Average,Average,16489,Average,Average,17177,Average,Average,19433,Average,Lower
Hospital 356,Walnut Creek,Unknown,4,Above,Above,Same,Same,Same,Same,Same,24677,Average,Average,16678,Average,Average,18047,Average,Average,21179,Average,Lower
Hospital 357,King City,Unknown,3,Same,None,Above,None,Same,Same,None,0,Unknown,Unknown,0,Unknown,Unknown,18564,Average,Average,0,Unknown,Unknown
Hospital 358,Long Beach,Church,2,Same,Below,Below,Below,Same,Below,Same,22592,Average,Average,18285,Average,Average,22666,Average,Higher,0,Unknown,Unknown
Hospital 359,Reedley,Private,3,None,None,Above,Below,Same,Below,Same,0,Unknown,Unknown,0,Unknown,Unknown,15754,Average,Average,0,Unknown,Unknown
Hospital 360,Watsonville,Proprietary,2,Same,Same,Above,Below,Below,Below,Same,25723,Average,Average,15358,Average,Average,18214,Average,Average,19200,Average,Lower
Hospital 361,Fremont,Government,2,Above,Same,Below,Below,Same,Below,Same,24580,Average,Average,16143,Average,Average,17725,Average,Average,17354,Better,Lower
Hospital 362,Redwood City,Private,5,Above,Above,Above,Above,Same,Same,Same,23439,Average,Average,16848,Average,Average,17910,Average,Average,21209,Average,Lower
Hospital 363,Palmdale,Proprietary,2,Same,Below,Same,Same,Same,Below,Above,21235,Average,Lower,15820,Average,Average,20011,Average,Higher,22048,Average,Average
Hospital 364,Glendora,Proprietary,5,Same,None,Above,None,Same,Same,None,0,Unknown,Unknown,0,Unknown,Unknown,26254,Better,Higher,0,Unknown,Unknown
Hospital 365,Alameda,Government,2,Same,Same,Same,Below,Same,Same,Same,23169,Average,Average,17861,Average,Average,18121,Average,Average,0,Unknown,Unknown
Hospital 366,Chula Vista,Proprietary,4,Above,Above,Below,Same,Same,Below,Above,23832,Average,Average,16685,Average,Average,17707,Average,Average,23710,Average,Higher
Hospital 367,Newport Beach,Private,4,Above,Above,Below,Above,Same,Same,Below,23761,Average,Average,17565,Average,Higher,18513,Better,Higher,0,Unknown,Unknown
Hospital 368,Paradise,Church,3,Same,Below,Above,Same,Same,Below,Same,23462,Average,Average,15606,Average,Average,16398,Average,Lower,17799,Average,Lower
Hospital 369,Anaheim,Private,3,Same,Below,Same,Below,Same,Below,Same,24034,Average,Average,19165,Average,Higher,19912,Average,Higher,29150,Average,Higher
Hospital 370,San Francisco,Government,1,Same,Below,Same,Same,Below,Below,Same,20738,Average,Lower,14761,Average,Lower,15537,Average,Lower,24723,Average,Higher
Hospital 371,Garden Grove,Proprietary,4,Above,Above,Above,Below,Same,Same,None,25680,Average,Average,18247,Better,Average,23027,Better,Higher,0,Unknown,Unknown
Hospital 372,Pomona,Private,2,Same,Above,Below,Below,Same,Below,Same,23716,Average,Average,17826,Average,Average,20568,Average,Higher,23685,Average,Average
Hospital 373,San Luis Obispo,Private,4,Below,Above,Above,Above,Same,Same,Below,24559,Average,Average,16930,Average,Average,17504,Average,Average,20257,Average,Lower
Hospital 374,Coronado,Proprietary,4,Same,Above,Above,Above,Same,Same,Same,0,Unknown,Unknown,15659,Average,Average,14056,Average,Lower,19277,Average,Lower
Hospital 375,Burbank,Church,2,Above,Below,Below,Same,Same,Below,Same,25152,Average,Average,17417,Average,Average,18849,Average,Higher,23232,Average,Higher
Hospital 376,Simi Valley,Church,3,Same,Above,Below,Below,Above,Below,None,22144,Average,Average,17272,Average,Average,18218,Average,Average,22937,Average,Average
Hospital 377,Arcadia,Private,3,Above,Below,Above,Same,Same,Below,Above,23414,Average,Average,18659,Better,Higher,20429,Average,Higher,25206,Average,Higher
Hospital 378,Glendale,Private,3,Above,Below,Below,Same,Same,Below,Below,25942,Average,Higher,18210,Better,Higher,19198,Average,Higher,21164,Average,Average
Hospital 379,Santa Cruz,Proprietary,3,Same,Same,Above,Below,Same,Below,Above,23995,Average,Average,17501,Average,Average,17362,Average,Average,21993,Average,Average
Hospital 380,Palm Springs,Proprietary,2,Same,Below,Above,Below,Same,Below,Same,26153,Average,Higher,18467,Average,Higher,17831,Average,Average,18946,Average,Lower
Hospital 381,Colton,Government,2,Same,Above,Below,Below,Same,Below,Same,0,Unknown,Unknown,16505,Average,Average,19466,Average,Higher,0,Unknown,Unknown
Hospital 382,Salinas,Government,3,Same,Same,Same,Below,Same,Same,Same,0,Unknown,Unknown,15665,Average,Average,20291,Average,Higher,0,Unknown,Unknown
Hospital 383,Placerville,Private,2,Same,Same,Below,Same,Below,Below,Below,24116,Average,Average,16168,Average,Average,16992,Average,Average,19527,Average,Lower
Hospital 384,Bakersfield,Proprietary,2,Same,None,Same,Below,None,None,None,0,Unknown,Unknown,14299,Average,Lower,15559,Average,Average,0,Unknown,Unknown
Hospital 385,Porterville,Private,1,Below,Below,Above,Below,Same,Below,Below,22610,Average,Average,15138,Average,Lower,16213,Worse,Lower,22422,Average,Average
Hospital 386,Los Angeles,Government,3,Above,Below,Below,Above,Same,Below,Below,26171,Average,Higher,20074,Average,Higher,20193,Average,Higher,0,Unknown,Unknown
Hospital 387,Redlands,Government,4,Same,Below,Above,Same,Same,Below,Below,23661,Average,Average,15086,Average,Average,18733,Average,Average,18554,Average,Lower
Hospital 388,Martinez,Government,3,Same,Same,Above,Below,Same,Below,Same,0,Unknown,Unknown,14375,Average,Lower,13660,Average,Lower,0,Unknown,Unknown
Hospital 389,Mission Hills,Church,3,Same,Below,Below,Above,Same,Below,Same,23291,Average,Average,17299,Average,Average,19011,Average,Higher,27153,Average,Higher
Hospital 390,Joshua Tree,Government,2,Same,Below,Same,Below,Same,Below,None,0,Unknown,Unknown,14961,Worse,Average,15976,Average,Average,19964,Average,Average
Hospital 391,Redding,Private,1,Below,Below,Above,Below,Same,Below,Above,26167,Worse,Higher,17593,Worse,Average,17240,Worse,Average,19940,Better,Lower
Hospital 392,Alhambra,Proprietary,4,Above,Above,Above,Below,Same,Above,None,27028,Average,Average,20335,Average,Higher,24407,Better,Higher,0,Unknown,Unknown
Hospital 393,Pleasanton,Private,4,Same,Same,Above,Above,Same,Same,Same,26023,Average,Average,17477,Average,Average,19118,Average,Higher,19024,Average,Lower
Hospital 394,Daly City,Church,3,Above,Below,Below,Same,Same,Below,Below,25515,Average,Average,17687,Better,Average,18288,Average,Average,25855,Average,Higher
Hospital 395,Santa Monica,Private,4,Above,Below,Above,Same,Same,Below,Above,24194,Average,Average,17630,Better,Average,17456,Better,Average,18495,Better,Lower
Hospital 396,Santa Rosa,Unknown,4,Same,Above,Above,Above,Same,Below,Above,23597,Average,Average,16995,Average,Average,15581,Average,Lower,18802,Average,Lower
Hospital 397,Moreno Valley,Government,1,Same,Below,Same,Below,Same,Below,Same,24204,Average,Average,17607,Average,Average,19153,Average,Average,0,Unknown,Unknown
Hospital 398,Bakersfield,Unknown,1,Same,Below,Below,Below,Same,Below,Above,22183,Average,Average,16483,Average,Average,18751,Average,Average,22026,Average,Average
Hospital 399,Hollister,Government,2,Same,Same,Below,Same,Below,Same,Below,21540,Average,Average,14546,Average,Lower,14116,Average,Lower,20835,Average,Average
Hospital 400,Barstow,Proprietary,3,Same,None,Same,Below,Same,Below,Same,21919,Average,Average,15975,Average,Average,15837,Average,Average,0,Unknown,Unknown
Hospital 401,Apple Valley,Private,2,Above,Below,Below,Below,Below,Below,Same,23418,Average,Average,16978,Better,Average,18923,Average,Higher,24169,Average,Higher
Hospital 402,Ukiah,Church,3,Same,Above,Above,Below,Same,Same,Same,23857,Average,Average,15328,Worse,Average,15652,Average,Lower,20012,Average,Lower
Hospital 403,Berkeley,Private,3,Same,Same,Above,Below,Same,Below,Same,22701,Average,Average,17881,Average,Average,17686,Average,Average,21020,Average,Lower
Hospital 404,Mountain View,Government,4,Same,Above,Above,Above,Same,Below,Same,27346,Average,Higher,17742,Average,Higher,17347,Average,Average,20168,Average,Lower
Hospital 405,Roseville,Unknown,5,Below,Above,Above,Above,Same,Below,Above,22294,Average,Lower,15398,Worse,Lower,16758,Worse,Average,20347,Average,Lower
Hospital 406,Tracy,Private,4,Same,Above,Above,Same,Same,Same,Same,23515,Average,Average,15766,Average,Average,19047,Average,Average,26286,Average,Higher
Hospital 407,Bakersfield,Unknown,1,None,Below,Below,Below,Below,Below,None,0,Unknown,Unknown,0,Unknown,Unknown,0,Unknown,Unknown,27638,Average,Higher
Hospital 408,Oakland,Government,2,Same,Same,Above,Below,Below,Below,Same,25338,Average,Average,15959,Average,Average,20921,Average,Higher,0,Unknown,Unknown
Hospital 409,La Jolla,Unknown,5,Same,Above,Above,Above,Same,Same,Same,24101,Average,Average,18638,Average,Higher,19020,Average,Higher,21277,Average,Average
Hospital 410,Loma Linda,Private,3,Same,Above,Below,Same,Same,Below,Below,22415,Average,Average,18531,Average,Higher,19832,Average,Higher,19416,Average,Lower
Hospital 411,Corona,Proprietary,2,Same,Same,Below,Below,Same,Below,Below,26223,Average,Average,18601,Average,Higher,19767,Average,Higher,0,Unknown,Unknown
Hospital 412,Salinas,Unknown,3,Same,Below,Above,Same,Same,Same,Above,25234,Average,Average,17582,Average,Average,19188,Average,Higher,21720,Average,Average
Hospital 413,Sonora,Church,3,Below,Above,Above,Below,Same,Below,Same,24508,Average,Average,15725,Average,Average,15515,Average,Lower,18651,Average,Lower
Hospital 414,Lodi,Unknown,2,Below,Same,Below,Below,Same,Below,Same,24068,Average,Average,15862,Average,Average,16281,Average,Lower,19785,Average,Lower
Hospital 415,Brawley,Government,2,Same,Below,Below,Below,Same,Below,Same,25363,Average,Average,16477,Average,Average,17208,Average,Average,21213,Average,Average
Hospital 416,Orange,Government,3,Same,Above,Same,Same,Same,Below,Below,24059,Average,Average,17851,Average,Average,17614,Average,Average,22743,Average,Average
Hospital 417,Montebello,Private,2,Above,Below,Below,Below,Same,Below,Same,23174,Average,Average,17777,Better,Average,21165,Better,Higher,0,Unknown,Unknown
Hospital 418,Torrance,Unknown,4,Same,Above,Below,Above,Same,Same,Same,25310,Average,Average,18752,Average,Higher,17340,Average,Average,18917,Average,Lower
Hospital 419,South Lake Tahoe,Private,4,Same,Above,Above,Above,Same,Same,Below,0,Unknown,Unknown,14262,Average,Lower,13350,Average,Lower,19657,Average,Lower
Hospital 420,Torrance,Church,4,Above,Above,Above,Same,Same,Below,Same,25451,Average,Average,17909,Better,Higher,18215,Better,Average,19941,Average,Lower
Hospital 421,Santa Barbara,Unknown,5,None,Above,Above,Above,Same,Same,None,0,Unknown,Unknown,0,Unknown,Unknown,16311,Average,Average,20664,Average,Lower
Hospital 422,Greenbrae,Government,3,Same,Above,Same,Below,Same,Below,Same,21274,Average,Lower,17327,Average,Average,17212,Average,Average,22018,Average,Average
Hospital 423,Fairfield,Unknown,2,Same,Below,Below,Same,Same,Below,Above,24577,Average,Average,16673,Average,Average,17820,Worse,Average,20140,Average,Lower
Hospital 424,Los Angeles,Government,1,Same,Below,Below,Below,Same,Below,None,22270,Average,Average,17047,Average,Average,18149,Average,Average,0,Unknown,Unknown
Hospital 425,Torrance,Government,2,Same,Below,Below,Same,Same,Below,None,25507,Average,Average,18778,Average,Average,21006,Average,Higher,0,Unknown,Unknown
Hospital 426,Sun Valley,Proprietary,2,Same,Same,Same,Below,Same,Below,None,0,Unknown,Unknown,18007,Average,Average,16578,Average,Average,0,Unknown,Unknown
Hospital 427,San Jose,Proprietary,2,Same,Same,Below,Below,Same,Same,Above,26927,Average,Higher,18054,Average,Higher,18637,Average,Higher,21028,Average,Lower
Hospital 428,Covina,Proprietary,2,Above,Below,Below,Below,Below,Below,Below,25864,Average,Average,18978,Average,Higher,22199,Average,Higher,22316,Average,Average
Hospital 429,Hemet,Unknown,1,Same,Below,Below,Below,Same,Below,Below,26088,Average,Average,16325,Average,Average,18280,Average,Average,23986,Average,Average
Hospital 430,Downey,Private,3,Above,Same,Below,Below,Same,Below,Same,20696,Average,Lower,17696,Average,Average,20143,Better,Higher,24506,Average,Higher
Hospital 431,Ventura,Private,2,Same,Below,Above,Below,Same,Below,Same,26516,Average,Higher,17113,Average,Average,16382,Average,Lower,23636,Average,Higher
Hospital 432,Santa Barbara,Private,5,Same,Above,Above,Above,Same,Below,Above,25067,Average,Average,16994,Average,Average,17254,Average,Average,20113,Average,Lower
Hospital 433,Coalinga,Government,-1,None,None,None,None,Same,Same,None,0,Unknown,Unknown,0,Unknown,Unknown,0,Unknown,Unknown,0,Unknown,Unknown
Hospital 434,San Francisco,Private,5,Same,None,Above,Same,Same,Same,Same,22970,Average,Average,14966,Average,Average,12364,Average,Lower,0,Unknown,Unknown
Hospital 435,Harbor City,Unknown,4,None,Same,None,Above,Same,None,None,0,Unknown,Unknown,0,Unknown,Unknown,0,Unknown,Unknown,0,Unknown,Unknown
Hospital 436,Folsom,Private,3,Same,Above,Below,Same,Above,Below,Above,24835,Average,Average,15528,Average,Average,17860,Average,Average,19847,Average,Lower
Hospital 437,Crescent City,Government,3,Same,Above,Above,Below,Same,Below,Below,23495,Average,Average,16615,Average,Average,16285,Average,Lower,0,Unknown,Unknown
Hospital 438,Blythe,Government,2,None,None,Same,None,Below,Below,None,0,Unknown,Unknown,0,Unknown,Unknown,18698,Average,Average,0,Unknown,Unknown
Hospital 439,La Jolla,Unknown,5,Same,Above,Above,Above,Same,None,Below,24277,Average,Average,17033,Average,Average,16681,Average,Average,20620,Average,Lower
Hospital 440,Sacramento,Private,2,Same,Below,Below,Below,Same,None,None,0,Unknown,Unknown,0,Unknown,Unknown,15623,Average,Average,0,Unknown,Unknown
Hospital 441,Anaheim,Proprietary,3,Same,Above,Above,Below,Same,Below,Same,24367,Average,Average,18015,Average,Average,22077,Better,Higher,0,Unknown,Unknown
Hospital 442,Pasadena,Unknown,4,Above,Same,Below,Above,Below,Below,Above,23863,Average,Average,17277,Better,Average,17597,Better,Average,21423,Average,Lower
Hospital 443,Stanford,Private,4,Above,Below,Above,Above,Same,Below,Same,21563,Average,Lower,17352,Better,Average,18170,Average,Average,21935,Average,Average
Hospital 444,Merced,Private,1,Same,Below,Below,Below,Above,Below,Same,25973,Average,Average,15844,Average,Average,17437,Worse,Average,22207,Average,Average
Hospital 445,San Francisco,Unknown,4,Above,Below,Below,Above,Same,Below,Below,25764,Average,Average,15555,Average,Average,16789,Better,Average,21351,Average,Average
Hospital 446,Bakersfield,Private,2,Below,Above,Above,Below,Same,Below,Below,23680,Average,Average,17837,Average,Average,18858,Average,Higher,17541,Average,Lower
Hospital 447,San Francisco,Private,2,Same,Below,Above,Same,Same,Below,Same,24127,Average,Average,16567,Average,Average,16743,Average,Average,21577,Better,Average
Hospital 448,Modesto,Proprietary,1,Below,Below,Below,Below,Above,Same,Same,25872,Average,Average,15395,Average,Average,15653,Worse,Lower,22252,Worse,Average
Hospital 449,Gardena,Proprietary,1,Same,Below,Below,Below,Below,Same,None,25107,Average,Average,19479,Average,Higher,25631,Better,Higher,0,Unknown,Unknown
Hospital 450,Los Angeles,Proprietary,3,Above,Below,Below,Below,Same,Below,Same,24793,Average,Average,18405,Average,Higher,19647,Better,Higher,23777,Average,Higher
Hospital 451,West Hills,Proprietary,2,Same,Above,Below,Below,Same,Below,Same,25511,Average,Average,18457,Average,Higher,22515,Average,Higher,23680,Average,Higher
Hospital 452,Long Beach,Unknown,2,Same,Below,Above,Below,Below,Below,Same,24165,Average,Average,18379,Average,Higher,20559,Average,Higher,19326,Average,Lower
Hospital 453,Castro Valley,Unknown,3,Same,Below,Above,Same,Same,Below,Same,24688,Average,Average,18122,Average,Higher,19169,Average,Higher,22540,Average,Average
Hospital 454,Clovis,Private,3,Below,Above,Above,Same,Same,Below,Above,23749,Average,Average,17171,Average,Average,17746,Average,Average,23750,Average,Higher
Hospital 455,Concord,Private,5,Above,Above,Above,Same,Same,Same,Same,26238,Average,Higher,16872,Average,Average,17511,Average,Average,19475,Average,Lower
Hospital 456,Auburn,Unknown,4,Below,Above,Above,Above,Same,Same,Same,23402,Average,Average,15369,Average,Average,15999,Worse,Lower,20888,Average,Lower
Hospital 457,Los Angeles,Church,4,Above,Above,Below,Below,Same,Same,Same,24234,Average,Average,17279,Better,Average,20967,Better,Higher,21308,Average,Average
Hospital 458,Encinitas,Private,4,Above,Same,Above,Same,Same,Below,Same,22717,Average,Average,17494,Better,Average,18186,Average,Average,21794,Average,Average
Hospital 459,San Luis Obispo,Proprietary,4,Same,Above,Above,Below,Same,Same,Same,0,Unknown,Unknown,15927,Average,Average,17162,Average,Average,20750,Average,Lower
Hospital 460,San Rafael,Unknown,4,None,Same,None,Same,Same,None,None,0,Unknown,Unknown,0,Unknown,Unknown,0,Unknown,Unknown,0,Unknown,Unknown
Hospital 461,Fremont,Unknown,3,None,Same,None,Same,Same,None,None,0,Unknown,Unknown,0,Unknown,Unknown,0,Unknown,Unknown,0,Unknown,Unknown
Hospital 462,San Diego,Private,4,None,Above,None,Above,Same,None,None,0,Unknown,Unknown,0,Unknown,Unknown,0,Unknown,Unknown,0,Unknown,Unknown
Hospital 463,Carmichael,Unknown,2,Below,Below,Above,Below,Same,Below,Above,24980,Average,Average,15283,Average,Lower,17153,Average,Average,21050,Average,Lower
Hospital 464,Victorville,Private,1,Same,Below,Below,Below,Below,Below,None,0,Unknown,Unknown,16461,Average,Average,17222,Average,Average,23846,Average,Average
Hospital 465,Antioch,Private,2,Same,Above,Same,Below,Same,Below,Same,22419,Average,Average,16539,Average,Average,17729,Average,Average,25676,Average,Higher
Hospital 466,Huntington Beach,Proprietary,2,Same,None,Same,Below,Same,Same,None,24095,Average,Average,17570,Average,Average,20438,Better,Higher,0,Unknown,Unknown
Hospital 467,Los Banos,Private,4,Same,None,Above,Same,Same,Same,Same,0,Unknown,Unknown,16502,Average,Average,15554,Average,Lower,0,Unknown,Unknown
Hospital 468,Indio,Proprietary,2,Same,Above,Below,Below,Same,Below,Same,23099,Average,Average,15554,Average,Average,19272,Average,Higher,20717,Average,Lower
Hospital 469,Davis,Private,4,Same,Above,Above,Above,Same,Same,Same,0,Unknown,Unknown,17080,Average,Average,16037,Average,Average,20990,Average,Average
Hospital 470,Redwood City,Unknown,4,None,Same,None,Above,Same,None,None,0,Unknown,Unknown,0,Unknown,Unknown,0,Unknown,Unknown,0,Unknown,Unknown
Hospital 471,Costa Mesa,Proprietary,-1,None,None,None,None,Same,None,None,0,Unknown,Unknown,0,Unknown,Unknown,0,Unknown,Unknown,0,Unknown,Unknown
Hospital 472,Porterville,Government,-1,None,None,None,None,None,None,None,0,Unknown,Unknown,0,Unknown,Unknown,0,Unknown,Unknown,0,Unknown,Unknown
Hospital 473,Eldridge,Government,-1,None,None,None,None,None,None,None,0,Unknown,Unknown,0,Unknown,Unknown,0,Unknown,Unknown,0,Unknown,Unknown
Hospital 474,Costa Mesa,Government,-1,None,None,None,None,None,None,None,0,Unknown,Unknown,0,Unknown,Unknown,0,Unknown,Unknown,0,Unknown,Unknown
Hospital 475,Thousand Oaks,Proprietary,2,Same,Above,Below,Below,Same,Below,Same,24341,Average,Average,17601,Average,Higher,18838,Worse,Higher,20917,Average,Lower
Hospital 476,Los Alamitos,Proprietary,3,Same,Same,Above,Below,Same,Below,Same,24885,Average,Average,17991,Average,Average,20737,Average,Higher,23098,Average,Higher
Hospital 477,Modesto,Private,3,Below,Below,Above,Below,Above,Below,Above,25873,Average,Higher,16962,Average,Average,17351,Average,Average,20206,Average,Lower
Hospital 478,Los Angeles,Private,2,None,Below,None,Same,Same,None,None,0,Unknown,Unknown,0,Unknown,Unknown,0,Unknown,Unknown,0,Unknown,Unknown
Hospital 479,Mission Viejo,Private,2,Same,Below,Above,Above,Same,Below,Below,25006,Average,Average,18761,Average,Higher,18501,Average,Higher,21272,Average,Lower
Hospital 480,Madera,Unknown,1,Same,Below,Below,Below,Below,Below,Same,20473,Average,Lower,14984,Average,Average,17219,Average,Average,22090,Average,Average
Hospital 481,Fountain Valley,Proprietary,3,Above,Above,Above,Below,Same,Same,Same,28535,Average,Higher,19774,Average,Higher,19795,Better,Higher,29105,Average,Higher
Hospital 482,Rancho Mirage,Proprietary,5,Same,Above,Above,Same,Below,Below,Below,22988,Average,Average,17135,Average,Average,16581,Average,Lower,20123,Average,Lower
Hospital 483,La Palma,Proprietary,3,Above,Above,Below,Below,Same,Same,None,23093,Average,Average,18707,Average,Higher,19210,Better,Higher,0,Unknown,Unknown
Hospital 484,Lakewood,Proprietary,2,Same,Below,Below,Below,Below,Below,Same,23386,Average,Average,19978,Average,Higher,24200,Average,Higher,24797,Average,Higher
Hospital 485,Chino,Proprietary,5,Same,None,Above,Below,Same,Above,None,0,Unknown,Unknown,17788,Average,Average,21967,Better,Higher,0,Unknown,Unknown
Hospital 486,San Dimas,Proprietary,3,Same,Above,Below,Below,Same,Above,None,0,Unknown,Unknown,18737,Average,Average,23234,Average,Higher,24148,Average,Higher
Hospital 487,Placentia,Proprietary,3,Same,Above,Above,Below,Same,Above,Same,23425,Average,Average,17736,Average,Average,17963,Average,Average,23541,Average,Higher
Hospital 488,Sacramento,Unknown,3,Same,Above,Below,Below,Same,Below,Above,24180,Average,Average,15884,Average,Average,17727,Average,Average,16902,Average,Lower
Hospital 489,Glendora,Private,2,Same,Below,Below,Below,Same,Below,None,26242,Average,Average,17853,Average,Average,18578,Average,Average,0,Unknown,Unknown
Hospital 490,Sacramento,Unknown,3,Above,Below,Below,Same,Below,Below,Same,23219,Average,Average,15265,Average,Lower,17017,Better,Average,21761,Average,Average
Hospital 491,Laguna Hills,Private,4,Same,Below,Above,Below,Same,Below,Below,24753,Average,Average,17473,Average,Average,18971,Average,Higher,21175,Average,Average
Hospital 492,San Jose,Unknown,4,Same,Above,Above,Below,Same,None,None,22534,Average,Average,14493,Average,Average,16015,Average,Average,0,Unknown,Unknown
Hospital 493,Delano,Proprietary,2,Same,Same,Same,Below,Same,Same,Below,0,Unknown,Unknown,17717,Average,Average,17023,Average,Average,18959,Average,Lower
Hospital 494,Anaheim,Unknown,4,None,Same,None,Above,Same,None,None,0,Unknown,Unknown,0,Unknown,Unknown,0,Unknown,Unknown,0,Unknown,Unknown
Hospital 495,Camarillo,Church,2,Below,Below,Below,Below,Same,Same,Above,23660,Average,Average,17332,Average,Average,16651,Worse,Average,26038,Average,Higher
Hospital 496,Valencia,Private,2,Above,Below,Below,Same,Same,Below,Above,22881,Average,Average,17645,Better,Average,18992,Better,Higher,22743,Average,Average
Hospital 497,Los Angeles,Unknown,5,Above,Below,Above,Above,Same,Below,Above,29606,Better,Higher,20573,Better,Higher,19663,Better,Higher,20332,Better,Lower
Hospital 498,Templeton,Proprietary,2,Below,Same,Below,Below,Same,Same,Same,22593,Average,Average,14489,Average,Lower,15002,Worse,Lower,21094,Average,Lower
Hospital 499,Poway,Government,4,Same,Above,Above,Same,Same,Below,Same,23477,Average,Average,18296,Average,Higher,19270,Average,Higher,19291,Average,Lower
Hospital 500,Los Angeles,Proprietary,2,Same,Same,Same,Below,Below,Below,None,23478,Average,Average,17432,Average,Average,22192,Average,Higher,0,Unknown,Unknown
Hospital 501,Los Angeles,Proprietary,2,Above,Above,Same,Below,Below,Below,None,0,Unknown,Unknown,20168,Average,Higher,24078,Better,Higher,0,Unknown,Unknown
Hospital 502,San Francisco,Government,-1,None,None,None,None,None,None,None,0,Unknown,Unknown,0,Unknown,Unknown,15988,Average,Average,0,Unknown,Unknown
Hospital 503,Sacramento,Unknown,3,Same,Above,Same,Same,Same,None,None,23160,Average,Average,16004,Average,Average,16619,Average,Average,0,Unknown,Unknown
Hospital 504,Woodland Hills,Private,3,None,Same,None,Above,Same,None,None,0,Unknown,Unknown,0,Unknown,Unknown,0,Unknown,Unknown,0,Unknown,Unknown
Hospital 505,Fountain Valley,Proprietary,3,Same,Same,Same,Same,Same,Same,Below,23352,Average,Average,17129,Average,Average,19781,Average,Higher,20688,Average,Lower
Hospital 506,Sun City,Unknown,2,Same,Above,Same,Below,Same,Below,None,24338,Average,Average,17807,Average,Average,16782,Average,Average,0,Unknown,Unknown
Hospital 507,Riverside,Unknown,3,None,Above,None,Same,Same,None,None,0,Unknown,Unknown,0,Unknown,Unknown,0,Unknown,Unknown,0,Unknown,Unknown
Hospital 508,Gilroy,Church,3,Same,Same,Same,Same,Same,Same,Same,0,Unknown,Unknown,16858,Average,Average,18090,Average,Average,22456,Average,Average
Hospital 509,San Ramon,Proprietary,3,Same,Below,Same,Same,Same,Above,Same,22137,Average,Average,16480,Average,Average,15809,Better,Lower,19280,Average,Lower
Hospital 510,Santa Rosa,Unknown,4,None,Same,None,Above,Same,None,None,0,Unknown,Unknown,0,Unknown,Unknown,0,Unknown,Unknown,0,Unknown,Unknown
Hospital 511,Los Angeles,Unknown,4,Same,Above,Same,Above,Same,None,Below,0,Unknown,Unknown,21799,Average,Higher,19712,Average,Average,19418,Average,Lower
Hospital 512,Redding,Unknown,-1,None,None,None,None,None,None,None,0,Unknown,Unknown,0,Unknown,Unknown,0,Unknown,Unknown,0,Unknown,Unknown
Hospital 513,Murrieta,Proprietary,2,Same,Same,Below,Below,Same,Below,None,27598,Average,Higher,18002,Average,Average,19206,Average,Higher,20521,Average,Lower
Hospital 514,Panorama City,Private,2,Above,Same,Above,Below,Same,Below,None,0,Unknown,Unknown,19794,Average,Higher,21477,Better,Higher,27145,Average,Higher
Hospital 515,Fresno,Proprietary,-1,None,None,None,Above,None,None,None,0,Unknown,Unknown,0,Unknown,Unknown,0,Unknown,Unknown,19026,Average,Lower
Hospital 516,Victorville,Proprietary,3,Above,Above,Below,Below,Same,Below,Same,23644,Average,Average,16153,Better,Average,19088,Average,Higher,24242,Average,Higher
Hospital 517,Fresno,Private,3,None,Same,None,Same,Same,None,None,0,Unknown,Unknown,0,Unknown,Unknown,0,Unknown,Unknown,0,Unknown,Unknown
Hospital 518,Santa Cruz,Private,5,None,None,Above,Above,Same,None,None,0,Unknown,Unknown,0,Unknown,Unknown,0,Unknown,Unknown,20260,Average,Lower
Hospital 519,Downey,Government,3,None,Same,None,Same,Same,None,None,0,Unknown,Unknown,0,Unknown,Unknown,0,Unknown,Unknown,0,Unknown,Unknown
Hospital 520,Baldwin Park,Unknown,4,None,Same,None,Above,Same,None,None,0,Unknown,Unknown,0,Unknown,Unknown,0,Unknown,Unknown,0,Unknown,Unknown
Hospital 521,Bakersfield,Proprietary,2,Same,Above,Below,Same,Below,Below,Same,24088,Average,Average,17092,Average,Average,20169,Average,Higher,15517,Average,Lower
Hospital 522,Modesto,Proprietary,5,None,None,Above,Above,Above,None,None,0,Unknown,Unknown,0,Unknown,Unknown,0,Unknown,Unknown,20267,Average,Lower
Hospital 523,Long Beach,Private,2,Same,Above,Below,Below,Below,Below,None,26399,Average,Average,17686,Average,Average,21172,Average,Higher,0,Unknown,Unknown
Hospital 524,Whittier,Proprietary,3,Same,Above,Above,Below,Same,Same,Same,25502,Average,Average,19602,Average,Higher,23258,Average,Higher,0,Unknown,Unknown
Hospital 525,Monterey Park,Proprietary,2,Same,Below,Below,Below,Same,Above,None,0,Unknown,Unknown,17158,Average,Average,19705,Average,Average,0,Unknown,Unknown
Hospital 526,Monterey Park,Proprietary,4,Above,Above,Above,Below,Same,Same,None,27753,Average,Higher,20458,Better,Higher,21200,Better,Higher,0,Unknown,Unknown
Hospital 527,South El Monte,Private,3,None,Same,Above,Below,Same,Below,None,0,Unknown,Unknown,0,Unknown,Unknown,26236,Average,Higher,0,Unknown,Unknown
Hospital 528,Inglewood,Proprietary,4,Above,Above,Below,Below,Same,Below,Same,26204,Better,Average,18395,Better,Higher,22309,Better,Higher,0,Unknown,Unknown
Hospital 529,Marina Del Rey,Proprietary,3,Same,Above,Below,Below,Same,Same,Same,26154,Average,Average,16550,Average,Average,20193,Average,Higher,24823,Average,Higher
Hospital 530,Los Angeles,Proprietary,2,Above,Above,Below,Below,Above,Below,None,25389,Average,Average,18703,Better,Higher,23252,Better,Higher,24116,Average,Average
Hospital 531,Anaheim,Proprietary,2,None,Same,None,Below,Same,Below,None,0,Unknown,Unknown,0,Unknown,Unknown,17952,Average,Average,0,Unknown,Unknown
Hospital 532,Orange,Proprietary,2,None,Same,Same,Below,Same,Same,None,0,Unknown,Unknown,0,Unknown,Unknown,20282,Average,Higher,30424,Average,Higher
Hospital 533,Santa Ana,Proprietary,2,Same,Same,Below,Below,Same,Same,Same,26294,Average,Average,18626,Average,Average,21796,Average,Higher,0,Unknown,Unknown
Hospital 534,Santa Ana,Proprietary,2,None,Same,None,Below,Same,Above,None,0,Unknown,Unknown,0,Unknown,Unknown,22318,Average,Higher,0,Unknown,Unknown
Hospital 535,Manteca,Private,3,None,Above,None,Below,Same,None,None,0,Unknown,Unknown,0,Unknown,Unknown,0,Unknown,Unknown,0,Unknown,Unknown
Hospital 536,Los Angeles,Proprietary,-1,None,None,None,None,None,None,None,0,Unknown,Unknown,0,Unknown,Unknown,0,Unknown,Unknown,0,Unknown,Unknown
Hospital 537,Menlo Park,Private,-1,None,None,None,Above,None,None,None,0,Unknown,Unknown,0,Unknown,Unknown,0,Unknown,Unknown,0,Unknown,Unknown
Hospital 538,Sherman Oaks,Private,3,Above,Above,Below,Below,Same,Above,Same,26183,Better,Higher,18833,Better,Higher,21078,Better,Higher,25020,Average,Higher
Hospital 539,San Diego,Proprietary,5,Same,Above,Above,Below,Same,Same,Same,24909,Average,Average,19101,Average,Higher,20902,Better,Higher,21088,Average,Average
Hospital 540,Montclair,Private,2,None,Same,None,Below,Same,Same,None,0,Unknown,Unknown,0,Unknown,Unknown,21600,Average,Higher,0,Unknown,Unknown
Hospital 541,Antioch,Proprietary,3,None,Same,Same,Same,Same,None,None,0,Unknown,Unknown,0,Unknown,Unknown,16396,Average,Average,0,Unknown,Unknown
Hospital 542,Tarzana,Private,4,Above,Above,Below,Below,Same,Same,Same,26261,Average,Higher,18242,Better,Higher,18678,Better,Higher,24043,Average,Average
Hospital 543,Los Angeles,Proprietary,4,Above,Above,Below,None,None,None,None,0,Unknown,Unknown,19049,Average,Average,26819,Better,Higher,0,Unknown,Unknown
Hospital 544,Redding,Proprietary,4,Same,Above,Above,Below,Same,Below,Above,23362,Average,Average,16973,Average,Average,19093,Worse,Higher,19727,Average,Lower
Hospital 545,Moreno Valley,Unknown,2,None,Same,None,Same,Same,None,None,0,Unknown,Unknown,0,Unknown,Unknown,0,Unknown,Unknown,0,Unknown,Unknown
Hospital 546,Yuba City,Unknown,-1,None,None,None,Above,None,None,None,0,Unknown,Unknown,0,Unknown,Unknown,0,Unknown,Unknown,19692,Average,Lower
Hospital 547,Vacaville,Proprietary,3,None,Same,None,Same,Same,None,None,0,Unknown,Unknown,0,Unknown,Unknown,0,Unknown,Unknown,0,Unknown,Unknown
Hospital 548,Irvine,Proprietary,-1,None,Above,None,Above,None,None,None,0,Unknown,Unknown,0,Unknown,Unknown,0,Unknown,Unknown,20151,Better,Lower
Hospital 549,Murrieta,Private,3,Same,Same,Above,Same,Same,Below,Same,25206,Average,Average,18291,Average,Higher,19730,Average,Higher,23655,Average,Higher
Hospital 550,Norwalk,Proprietary,2,Same,Same,Below,Below,Same,Below,None,24691,Average,Average,19105,Average,Higher,21830,Average,Higher,0,Unknown,Unknown
Hospital 551,Roseville,Private,3,None,Above,None,Same,Same,None,None,0,Unknown,Unknown,0,Unknown,Unknown,0,Unknown,Unknown,0,Unknown,Unknown
Hospital 552,San Leandro,Government,2,Same,Below,Below,Below,Below,Below,Same,24870,Average,Average,15868,Average,Average,18235,Average,Average,27378,Average,Higher
Hospital 553,Temecula,Proprietary,5,Same,Above,Same,Same,Same,Below,Above,23532,Average,Average,16702,Average,Average,18147,Average,Average,20786,Average,Lower
Hospital 554,Long Beach,Proprietary,3,None,Above,Below,None,Same,Below,None,0,Unknown,Unknown,17321,Unknown,Unknown,22113,Average,Higher,0,Unknown,Unknown
Hospital 555,San Leandro,Private,3,None,Same,None,Same,Same,None,None,0,Unknown,Unknown,0,Unknown,Unknown,0,Unknown,Unknown,0,Unknown,Unknown
Hospital 556,Loma Linda,Church,3,None,Same,None,Same,Same,None,None,0,Unknown,Unknown,0,Unknown,Unknown,0,Unknown,Unknown,0,Unknown,Unknown
Hospital 557,Los Angeles,Private,2,Same,Above,Below,Same,Same,Below,None,0,Unknown,Unknown,16263,Average,Average,16991,Average,Average,0,Unknown,Unknown
Hospital 558,Tustin,Proprietary,-1,None,None,None,Below,Same,Same,None,0,Unknown,Unknown,0,Unknown,Unknown,22198,Average,Higher,0,Unknown,Unknown
Hospital 559,Sebastopol,Government,-1,None,None,None,None,None,None,None,0,Unknown,Unknown,0,Unknown,Unknown,0,Unknown,Unknown,0,Unknown,Unknown
Hospital 560,Pomona,Private,3,None,Above,Below,Above,Same,None,None,0,Unknown,Unknown,0,Unknown,Unknown,19908,Average,Average,19497,Average,Lower
Hospital 561,Colusa,Proprietary,-1,None,None,None,None,None,None,None,0,Unknown,Unknown,0,Unknown,Unknown,0,Unknown,Unknown,0,Unknown,Unknown
Hospital 562,Portola,Government,-1,None,None,None,None,None,Same,None,0,Unknown,Unknown,0,Unknown,Unknown,16389,Average,Average,0,Unknown,Unknown
Hospital 563,Tehachapi,Government,-1,None,None,None,None,None,None,None,0,Unknown,Unknown,0,Unknown,Unknown,0,Unknown,Unknown,0,Unknown,Unknown
Hospital 564,Lone Pine,Government,-1,None,None,None,None,None,None,None,0,Unknown,Unknown,0,Unknown,Unknown,0,Unknown,Unknown,0,Unknown,Unknown
Hospital 565,Mammoth Lakes,Government,-1,None,None,None,Above,None,None,None,0,Unknown,Unknown,0,Unknown,Unknown,0,Unknown,Unknown,18439,Average,Lower
Hospital 566,Mariposa,Government,-1,Same,None,Same,None,None,None,None,0,Unknown,Unknown,15427,Average,Average,14419,Average,Lower,0,Unknown,Unknown
Hospital 567,Fall River Mills,Government,-1,Same,None,Same,None,None,None,None,0,Unknown,Unknown,15541,Average,Average,16830,Average,Average,0,Unknown,Unknown
Hospital 568,Willows,Government,3,None,None,Same,None,Same,Above,None,0,Unknown,Unknown,0,Unknown,Unknown,18286,Average,Average,0,Unknown,Unknown
Hospital 569,Avalon,Church,-1,None,None,None,None,None,None,None,0,Unknown,Unknown,0,Unknown,Unknown,0,Unknown,Unknown,0,Unknown,Unknown
Hospital 570,Cedarville,Government,-1,None,None,None,None,None,None,None,0,Unknown,Unknown,0,Unknown,Unknown,0,Unknown,Unknown,0,Unknown,Unknown
Hospital 571,Garberville,Government,-1,None,None,None,None,None,None,None,0,Unknown,Unknown,0,Unknown,Unknown,0,Unknown,Unknown,0,Unknown,Unknown
Hospital 572,Willits,Church,4,Same,None,Above,Above,None,None,None,0,Unknown,Unknown,16138,Average,Average,16051,Average,Average,18320,Average,Lower
Hospital 573,Gridley,Private,2,None,None,Below,None,None,Same,Same,0,Unknown,Unknown,16802,Average,Average,18484,Average,Average,0,Unknown,Unknown
Hospital 574,Lake Arrowhead,Government,-1,None,None,None,None,None,None,None,0,Unknown,Unknown,0,Unknown,Unknown,11989,Average,Lower,0,Unknown,Unknown
Hospital 575,Lake Isabella,Government,2,None,None,Same,Below,Same,Below,None,0,Unknown,Unknown,0,Unknown,Unknown,14430,Average,Lower,0,Unknown,Unknown
Hospital 576,Weaverville,Government,-1,None,None,Same,None,None,None,None,0,Unknown,Unknown,16552,Average,Average,15093,Average,Lower,0,Unknown,Unknown
Hospital 577,Yreka,Unknown,2,Below,Same,Above,Below,Same,Same,Below,0,Unknown,Unknown,16509,Average,Average,15028,Worse,Lower,19943,Average,Lower
Hospital 578,Clearlake,Church,2,Same,None,Below,Below,None,None,None,0,Unknown,Unknown,14209,Average,Lower,16698,Average,Average,0,Unknown,Unknown
Hospital 579,Fortuna,Private,3,Same,None,Above,Same,Same,None,None,0,Unknown,Unknown,16150,Average,Average,13718,Average,Lower,17155,Average,Lower
Hospital 580,Mount Shasta,Unknown,3,Same,None,Same,Same,Same,Same,Below,0,Unknown,Unknown,13947,Average,Lower,15619,Average,Average,17531,Average,Lower
Hospital 581,Susanville,Private,4,Same,None,Above,Same,Same,None,Same,0,Unknown,Unknown,16560,Average,Average,16563,Average,Average,0,Unknown,Unknown
Hospital 582,Healdsburg,Government,3,Same,None,Same,Same,None,None,Same,0,Unknown,Unknown,16599,Average,Average,15906,Average,Average,20625,Average,Lower
Hospital 583,Needles,Private,-1,None,None,None,None,None,None,None,0,Unknown,Unknown,0,Unknown,Unknown,0,Unknown,Unknown,0,Unknown,Unknown
Hospital 584,Bishop,Government,3,Same,None,Same,Same,Same,None,None,0,Unknown,Unknown,0,Unknown,Unknown,19646,Average,Average,30031,Average,Higher
Hospital 585,Fort Bragg,Government,2,Same,None,Below,Below,None,None,None,0,Unknown,Unknown,17619,Average,Average,18651,Average,Average,20299,Average,Lower
Hospital 586,Quincy,Government,-1,None,None,Same,None,None,None,None,0,Unknown,Unknown,0,Unknown,Unknown,15356,Average,Average,0,Unknown,Unknown
Hospital 587,Chester,Unknown,2,None,None,Below,None,Same,Same,None,0,Unknown,Unknown,0,Unknown,Unknown,11564,Average,Lower,0,Unknown,Unknown
Hospital 588,Truckee,Government,4,None,None,Same,Above,Same,Same,Same,0,Unknown,Unknown,15626,Average,Average,14288,Average,Lower,17743,Average,Lower
Hospital 589,Lakeport,Private,4,Same,Same,Above,Above,Same,Same,Same,0,Unknown,Unknown,15794,Average,Average,17260,Average,Average,20368,Average,Average
Hospital 590,Alturas,Government,-1,None,None,None,None,None,None,None,0,Unknown,Unknown,0,Unknown,Unknown,15777,Average,Average,0,Unknown,Unknown
Hospital 591,Solvang,Private,3,None,None,Same,None,Same,Same,None,0,Unknown,Unknown,15562,Average,Average,13448,Average,Lower,0,Unknown,Unknown
Hospital 592,San Andreas,Unknown,3,Same,Same,Above,Same,Same,Above,Same,0,Unknown,Unknown,17034,Average,Average,17672,Average,Average,20743,Average,Average
Hospital 593,Ridgecrest,Private,-1,None,None,None,None,None,None,None,0,Unknown,Unknown,0,Unknown,Unknown,0,Unknown,Unknown,0,Unknown,Unknown
Hospital 594,Ojai,Private,-1,None,None,None,Same,Same,Same,Same,0,Unknown,Unknown,0,Unknown,Unknown,15690,Average,Average,0,Unknown,Unknown
Hospital 595,Big Bear Lake,Government,-1,None,None,None,None,None,None,None,0,Unknown,Unknown,0,Unknown,Unknown,0,Unknown,Unknown,0,Unknown,Unknown
Hospital 596,Madera,Private,-1,None,None,None,None,None,None,None,0,Unknown,Unknown,0,Unknown,Unknown,0,Unknown,Unknown,0,Unknown,Unknown
Hospital 597,Oakland,Private,-1,None,None,None,None,None,None,None,0,Unknown,Unknown,0,Unknown,Unknown,0,Unknown,Unknown,0,Unknown,Unknown
Hospital 598,Los Angeles,Private,-1,None,None,None,None,None,None,None,0,Unknown,Unknown,0,Unknown,Unknown,0,Unknown,Unknown,0,Unknown,Unknown
Hospital 599,San Diego,Unknown,-1,None,None,None,None,None,None,None,0,Unknown,Unknown,0,Unknown,Unknown,0,Unknown,Unknown,0,Unknown,Unknown
Hospital 600,Orange,Unknown,-1,None,None,None,None,None,None,None,0,Unknown,Unknown,0,Unknown,Unknown,0,Unknown,Unknown,0,Unknown,Unknown
Hospital 601,Palo Alto,Private,-1,None,None,None,None,None,None,None,0,Unknown,Unknown,0,Unknown,Unknown,0,Unknown,Unknown,0,Unknown,Unknown
Hospital 602,Mission Viejo,Private,-1,None,None,None,None,None,None,None,0,Unknown,Unknown,0,Unknown,Unknown,0,Unknown,Unknown,0,Unknown,Unknown
Hospital 603,Orange,Proprietary,-1,None,None,None,None,None,None,None,0,Unknown,Unknown,0,Unknown,Unknown,0,Unknown,Unknown,0,Unknown,Unknown
Hospital 604,Long Beach,Unknown,-1,None,None,None,None,None,None,None,0,Unknown,Unknown,0,Unknown,Unknown,0,Unknown,Unknown,0,Unknown,Unknown
Hospital 605,Los Angeles,Private,-1,None,None,None,None,None,None,None,0,Unknown,Unknown,0,Unknown,Unknown,0,Unknown,Unknown,0,Unknown,Unknown
Hospital 606,Sacramento,Private,-1,None,None,None,None,None,None,None,0,Unknown,Unknown,0,Unknown,Unknown,0,Unknown,Unknown,0,Unknown,Unknown
Hospital 607,Greeley,Private,4,Same,Same,Above,Same,Above,Same,Same,21727,Average,Lower,16621,Average,Average,17649,Average,Average,22082,Average,Average
Hospital 608,Longmont,Private,3,Same,Below,Same,Same,Same,Above,None,22218,Average,Average,16853,Average,Average,16811,Average,Average,21315,Average,Average
Hospital 609,Brighton,Private,4,Same,Above,Above,Same,Same,Same,Same,23897,Average,Average,16387,Average,Average,15335,Average,Lower,22498,Average,Average
Hospital 610,Montrose,Private,4,Same,Above,Above,Above,Same,Above,Same,23197,Average,Average,16049,Average,Average,18137,Average,Average,20009,Average,Lower
Hospital 611,Alamosa,Private,3,Same,Same,Above,Below,Same,Same,Same,0,Unknown,Unknown,16339,Average,Average,18148,Average,Average,24075,Average,Higher
Hospital 612,Wheat Ridge,Private,3,Same,Below,Above,Above,Same,Above,Above,23238,Average,Average,17529,Average,Average,18391,Average,Average,18134,Average,Lower
Hospital 613,Fort Collins,Private,5,Same,Above,Above,Above,Same,Above,Same,21221,Average,Lower,16253,Average,Average,16755,Average,Average,18166,Better,Lower
Hospital 614,Denver,Government,3,Same,Same,Same,Below,Same,Same,Same,23283,Average,Average,16724,Average,Average,19282,Average,Average,0,Unknown,Unknown
Hospital 615,Pueblo,Church,3,Same,Above,Above,Below,Same,Same,Below,21605,Average,Average,16081,Average,Average,15184,Average,Lower,19660,Average,Lower
Hospital 616,Durango,Church,5,Same,Above,Above,Above,Same,Same,Same,22157,Average,Average,14040,Average,Lower,18140,Average,Average,19843,Average,Lower
Hospital 617,Denver,Government,3,Same,Below,Same,Above,Same,Above,Same,22538,Average,Average,18174,Average,Average,19058,Average,Average,26293,Average,Higher
Hospital 618,Lakewood,Church,3,Same,Below,Above,Same,Same,Same,Above,23767,Average,Average,18295,Average,Higher,17268,Average,Average,21807,Average,Average
Hospital 619,Pueblo,Private,3,Same,Below,Above,Same,Same,Below,Same,22867,Average,Average,15126,Average,Lower,16533,Average,Average,19968,Average,Lower
Hospital 620,Colorado Springs,Government,4,Below,Above,Above,Same,Same,Same,Below,24159,Average,Average,16871,Average,Average,17180,Average,Average,23120,Average,Higher
Hospital 621,Grand Junction,Church,4,Below,Above,Above,Above,Same,Same,Same,21421,Average,Lower,16772,Average,Average,16872,Average,Average,19566,Average,Lower
Hospital 622,Aurora,Government,3,Above,Below,Below,Above,Same,Same,Same,23214,Average,Average,16701,Average,Average,17172,Better,Average,21292,Average,Average
Hospital 623,Boulder,Private,3,Same,Below,Same,Same,Same,Above,Same,27525,Average,Higher,17983,Average,Average,17143,Average,Average,18662,Average,Lower
Hospital 624,Denver,Private,3,Same,Below,Above,Above,Same,Same,Same,0,Unknown,Unknown,17730,Average,Average,16643,Average,Average,21298,Average,Average
Hospital 625,Loveland,Private,3,Same,Below,Above,Above,Same,Same,Same,21346,Average,Average,16368,Average,Average,17361,Average,Average,19743,Average,Lower
Hospital 626,Colorado Springs,Private,5,Same,Above,Above,Same,Same,Same,Above,23428,Average,Average,15913,Average,Average,17421,Average,Average,21548,Average,Average
Hospital 627,Denver,Proprietary,5,Above,Same,Above,Above,Same,Above,Above,24150,Average,Average,17680,Average,Average,17897,Better,Average,21577,Average,Average
Hospital 628,Englewood,Proprietary,4,Same,Above,Same,Same,Same,Above,Same,24791,Average,Average,16575,Average,Average,17800,Average,Average,23139,Average,Higher
Hospital 629,Fort Morgan,Unknown,2,Same,Same,Below,Same,Same,Above,Same,0,Unknown,Unknown,16295,Average,Average,16942,Average,Average,21833,Average,Average
Hospital 630,Steamboat Springs,Private,4,None,Below,Above,Above,Same,Above,Same,0,Unknown,Unknown,15659,Average,Average,14170,Average,Lower,18033,Average,Lower
Hospital 631,Grand Junction,Private,3,Same,Same,Above,Same,Same,Same,Below,0,Unknown,Unknown,14644,Average,Average,17659,Average,Average,19950,Average,Lower
Hospital 632,Denver,Church,3,Same,Below,Above,Same,Same,Same,Below,24041,Average,Average,17073,Average,Average,17399,Average,Average,18271,Better,Lower
Hospital 633,Thornton,Private,3,Same,Below,Above,Below,Same,Above,Same,24724,Average,Average,18420,Average,Average,17639,Average,Average,23072,Average,Average
Hospital 634,Delta,Government,4,Same,Above,Above,Above,Same,Above,Same,0,Unknown,Unknown,14571,Average,Average,14556,Average,Lower,19812,Average,Lower
Hospital 635,Glenwood Springs,Private,4,Same,Above,Above,Above,Same,Same,Below,24091,Average,Average,15970,Average,Average,17850,Average,Average,20807,Average,Lower
Hospital 636,Sterling,Private,4,Same,None,Above,Above,Same,Above,Same,22331,Average,Average,15021,Average,Average,15773,Average,Average,21902,Average,Average
Hospital 637,Vail,Unknown,4,None,Same,Above,Above,Same,Same,Same,0,Unknown,Unknown,0,Unknown,Unknown,20337,Average,Average,20279,Average,Lower
Hospital 638,Aurora,Proprietary,3,Same,Above,Same,Below,Same,Above,Above,23261,Average,Average,17657,Average,Average,17824,Average,Average,25827,Worse,Higher
Hospital 639,Louisville,Church,3,Same,Same,Same,Above,Same,Above,Same,23132,Average,Average,18470,Average,Average,18004,Average,Average,19306,Average,Lower
Hospital 640,Westminster,Private,3,Same,Below,Above,Same,Same,Above,Same,23399,Average,Average,16155,Average,Average,16976,Average,Average,19414,Average,Lower
Hospital 641,Denver,Private,-1,None,None,None,None,Same,None,Same,0,Unknown,Unknown,0,Unknown,Unknown,0,Unknown,Unknown,0,Unknown,Unknown
Hospital 642,Lone Tree,Unknown,4,Same,Above,Above,Same,Same,Above,Same,24093,Average,Average,16329,Average,Average,20551,Average,Higher,20103,Average,Lower
Hospital 643,Littleton,Church,3,Same,Below,Above,Same,Same,Same,Same,23766,Average,Average,16077,Average,Average,16531,Average,Average,20523,Average,Lower
Hospital 644,Parker,Private,4,Same,Above,Above,Same,Same,Above,Same,22497,Average,Average,17203,Average,Average,18257,Average,Average,19515,Average,Lower
Hospital 645,Lafayette,Private,4,Same,Below,Above,Above,Same,Above,Same,22557,Average,Average,15538,Average,Average,16871,Average,Average,20517,Average,Average
Hospital 646,Durango,Unknown,-1,None,None,None,Above,Same,Above,None,0,Unknown,Unknown,0,Unknown,Unknown,0,Unknown,Unknown,20866,Average,Lower
Hospital 647,Frisco,Church,4,None,Same,None,Above,Same,Above,Same,0,Unknown,Unknown,0,Unknown,Unknown,0,Unknown,Unknown,21912,Average,Average
Hospital 648,Loveland,Private,5,Same,Above,Above,Above,Same,Above,Same,23445,Average,Average,16581,Average,Average,17381,Average,Average,19424,Average,Lower
Hospital 649,Lakewood,Proprietary,-1,None,None,None,Above,None,None,None,0,Unknown,Unknown,0,Unknown,Unknown,0,Unknown,Unknown,19672,Average,Lower
Hospital 650,Castle Rock,Private,4,Same,Below,Above,Above,Same,Same,Same,24367,Average,Average,16912,Average,Average,16130,Average,Average,23293,Average,Average
Hospital 651,Fort Collins,Unknown,4,None,None,Same,Above,Same,Above,None,0,Unknown,Unknown,0,Unknown,Unknown,0,Unknown,Unknown,0,Unknown,Unknown
Hospital 652,Northglenn,Proprietary,-1,None,None,None,None,Same,Above,None,0,Unknown,Unknown,0,Unknown,Unknown,0,Unknown,Unknown,0,Unknown,Unknown
Hospital 653,Longmont,Private,-1,None,None,None,None,None,None,None,0,Unknown,Unknown,0,Unknown,Unknown,0,Unknown,Unknown,0,Unknown,Unknown
Hospital 654,Broomfield,Proprietary,-1,None,None,None,None,None,None,None,0,Unknown,Unknown,0,Unknown,Unknown,0,Unknown,Unknown,0,Unknown,Unknown
Hospital 655,Colorado Springs,Private,-1,None,None,None,None,None,None,None,0,Unknown,Unknown,0,Unknown,Unknown,0,Unknown,Unknown,0,Unknown,Unknown
Hospital 656,Eads,Government,-1,None,None,None,None,None,None,None,0,Unknown,Unknown,0,Unknown,Unknown,0,Unknown,Unknown,0,Unknown,Unknown
Hospital 657,Del Norte,Private,4,Same,None,Above,None,None,Above,None,0,Unknown,Unknown,15655,Average,Average,16263,Average,Average,0,Unknown,Unknown
Hospital 658,Fruita,Private,-1,None,None,None,None,None,None,None,0,Unknown,Unknown,0,Unknown,Unknown,0,Unknown,Unknown,0,Unknown,Unknown
Hospital 659,Brush,Government,3,Same,None,Above,None,None,None,Same,0,Unknown,Unknown,17961,Average,Average,17212,Average,Average,0,Unknown,Unknown
Hospital 660,Haxtun,Government,-1,None,None,None,None,None,None,None,0,Unknown,Unknown,0,Unknown,Unknown,0,Unknown,Unknown,0,Unknown,Unknown
Hospital 661,Holyoke,Government,-1,None,None,None,None,Same,Above,None,0,Unknown,Unknown,0,Unknown,Unknown,0,Unknown,Unknown,0,Unknown,Unknown
Hospital 662,Hugo,Unknown,-1,None,None,None,None,None,None,None,0,Unknown,Unknown,0,Unknown,Unknown,12683,Average,Lower,0,Unknown,Unknown
Hospital 663,Rangely,Government,-1,None,None,None,None,None,None,None,0,Unknown,Unknown,0,Unknown,Unknown,0,Unknown,Unknown,0,Unknown,Unknown
Hospital 664,La Jara,Private,-1,None,None,None,None,None,None,None,0,Unknown,Unknown,0,Unknown,Unknown,20133,Average,Average,0,Unknown,Unknown
Hospital 665,Wray,Government,-1,None,None,None,None,None,None,None,0,Unknown,Unknown,0,Unknown,Unknown,17272,Average,Average,0,Unknown,Unknown
Hospital 666,Julesburg,Government,-1,None,None,None,None,Same,Above,None,0,Unknown,Unknown,0,Unknown,Unknown,14051,Average,Lower,0,Unknown,Unknown
Hospital 667,Springfield,Government,-1,None,None,Same,None,None,None,None,0,Unknown,Unknown,15607,Average,Average,15215,Average,Lower,0,Unknown,Unknown
Hospital 668,Estes Park,Government,3,None,None,Same,None,Same,Same,Same,0,Unknown,Unknown,0,Unknown,Unknown,19088,Average,Average,0,Unknown,Unknown
Hospital 669,Burlington,Government,2,None,None,Same,None,Same,Same,None,0,Unknown,Unknown,20794,Average,Higher,23073,Average,Higher,0,Unknown,Unknown
Hospital 670,Craig,Government,-1,None,None,Same,Same,None,None,None,0,Unknown,Unknown,0,Unknown,Unknown,15350,Average,Average,18773,Average,Lower
Hospital 671,Yuma,Government,3,None,None,Same,None,Same,Same,Same,0,Unknown,Unknown,0,Unknown,Unknown,16974,Average,Average,0,Unknown,Unknown
Hospital 672,Walsenburg,Government,4,None,None,Same,None,Same,Same,Same,0,Unknown,Unknown,0,Unknown,Unknown,15574,Average,Average,0,Unknown,Unknown
Hospital 673,Rifle,Government,4,Same,None,Above,Above,Same,None,None,0,Unknown,Unknown,0,Unknown,Unknown,17159,Average,Average,0,Unknown,Unknown
Hospital 674,Kremmling,Government,-1,None,None,None,None,None,None,None,0,Unknown,Unknown,0,Unknown,Unknown,0,Unknown,Unknown,0,Unknown,Unknown
Hospital 675,Leadville,Government,-1,None,None,None,None,None,None,None,0,Unknown,Unknown,0,Unknown,Unknown,0,Unknown,Unknown,0,Unknown,Unknown
Hospital 676,Gunnison,Government,4,None,None,Same,Above,None,None,Same,0,Unknown,Unknown,0,Unknown,Unknown,17578,Average,Average,21713,Average,Average
Hospital 677,Trinidad,Private,4,Same,None,Above,None,None,Same,Same,0,Unknown,Unknown,16990,Average,Average,17807,Average,Average,0,Unknown,Unknown
Hospital 678,Salida,Government,5,Same,None,Above,Above,None,None,None,0,Unknown,Unknown,16361,Average,Average,16634,Average,Average,18726,Average,Lower
Hospital 679,Lamar,Government,2,Same,None,Below,None,Same,None,None,0,Unknown,Unknown,16748,Average,Average,19318,Average,Average,0,Unknown,Unknown
Hospital 680,Aspen,Government,4,None,None,Above,Above,Same,None,Same,0,Unknown,Unknown,0,Unknown,Unknown,18840,Average,Average,22461,Average,Average
Hospital 681,Meeker,Government,-1,None,None,None,None,None,None,None,0,Unknown,Unknown,0,Unknown,Unknown,17390,Average,Average,0,Unknown,Unknown
Hospital 682,Woodland Park,Private,4,Same,None,Above,Same,Same,None,None,0,Unknown,Unknown,0,Unknown,Unknown,14095,Average,Lower,19868,Average,Lower
Hospital 683,Cortez,Private,4,Same,None,Above,Above,Same,None,None,0,Unknown,Unknown,16126,Average,Average,14993,Average,Lower,22079,Average,Average
Hospital 684,Pagosa Springs,Government,-1,None,None,None,None,None,None,None,0,Unknown,Unknown,0,Unknown,Unknown,0,Unknown,Unknown,0,Unknown,Unknown
Hospital 685,La Junta,Private,3,None,None,Above,Below,None,Same,Same,0,Unknown,Unknown,0,Unknown,Unknown,0,Unknown,Unknown,0,Unknown,Unknown
Hospital 686,Cheyenne Wells,Government,-1,None,None,None,None,None,None,None,0,Unknown,Unknown,0,Unknown,Unknown,0,Unknown,Unknown,0,Unknown,Unknown
Hospital 687,Canon City,Private,-1,None,None,None,None,None,None,None,0,Unknown,Unknown,0,Unknown,Unknown,0,Unknown,Unknown,0,Unknown,Unknown
Hospital 688,Aurora,Private,-1,None,None,None,None,None,None,None,0,Unknown,Unknown,0,Unknown,Unknown,0,Unknown,Unknown,0,Unknown,Unknown
Hospital 689,Hartford,Church,4,Above,Above,Above,Above,Same,Below,Above,23366,Average,Average,17334,Average,Higher,17896,Average,Average,20194,Better,Lower
Hospital 690,Putnam,Private,3,Same,Same,Same,Same,Above,Same,Same,23191,Average,Average,15570,Average,Average,17946,Average,Average,21461,Average,Average
Hospital 691,Sharon,Proprietary,4,Same,Above,Above,Above,Same,Same,Same,23255,Average,Average,17268,Average,Average,15474,Average,Lower,22994,Average,Average
Hospital 692,Waterbury,Proprietary,1,Same,Below,Below,Below,Same,Below,Above,24338,Average,Average,18512,Average,Higher,17730,Average,Average,22938,Average,Higher
Hospital 693,Stamford,Private,3,Same,Below,Above,Same,Same,Same,Above,25240,Average,Average,18618,Average,Higher,18507,Better,Higher,24420,Average,Higher
Hospital 694,New London,Private,4,Same,Above,Above,Below,Same,Below,Same,25352,Average,Average,16603,Average,Average,18145,Average,Average,21200,Average,Lower
Hospital 695,Stafford Springs,Private,4,Same,Above,Above,Same,Same,Below,Same,0,Unknown,Unknown,16993,Average,Average,17841,Average,Average,24422,Average,Higher
Hospital 696,Bridgeport,Private,1,Above,Below,Below,Below,Same,Below,Same,22703,Average,Average,17566,Average,Average,19200,Better,Higher,24169,Worse,Higher
Hospital 697,Torrington,Private,1,Below,Below,Same,Below,Same,Below,Same,23794,Average,Average,17586,Average,Average,17601,Average,Average,23526,Average,Average
Hospital 698,Rockville,Proprietary,2,Same,None,Below,Below,Same,Below,Same,0,Unknown,Unknown,16334,Average,Average,18487,Average,Average,0,Unknown,Unknown
Hospital 699,Waterbury,Unknown,2,Same,Above,Below,Below,Same,Below,Same,23638,Average,Average,19064,Average,Higher,18462,Average,Higher,25282,Average,Higher
Hospital 700,Meriden,Private,3,Same,Below,Above,Above,Same,Below,Same,23480,Average,Average,17945,Average,Higher,19395,Average,Higher,23697,Average,Higher
Hospital 701,Greenwich,Private,4,Above,Below,Above,Above,Same,Below,Same,25035,Average,Average,18034,Better,Higher,18358,Average,Higher,23991,Average,Higher
Hospital 702,Milford,Private,4,Same,Above,Same,Above,Same,Below,Same,21999,Average,Average,16943,Average,Average,17845,Average,Average,21151,Average,Lower
Hospital 703,Middletown,Private,3,Same,Below,Below,Above,Above,Below,Same,25012,Average,Average,16513,Average,Average,18063,Average,Average,23184,Worse,Higher
Hospital 704,Willimantic,Private,4,Same,None,Same,Same,Same,Below,Same,25652,Average,Average,16758,Average,Average,17767,Average,Average,0,Unknown,Unknown
Hospital 705,New Haven,Private,4,Above,Above,Below,Same,Same,Below,Above,23981,Average,Average,17807,Better,Higher,18495,Better,Higher,22055,Worse,Average
Hospital 706,Norwich,Unknown,4,Above,Above,Above,Below,Same,Below,Above,24368,Average,Average,17270,Average,Average,18298,Average,Higher,23973,Average,Higher
Hospital 707,Hartford,Private,2,Same,Same,Below,Same,Same,Below,Same,24502,Average,Average,18943,Average,Higher,18749,Average,Higher,22038,Worse,Average
Hospital 708,Manchester,Private,1,Same,Below,Below,Below,Same,Below,Same,23323,Average,Average,16669,Average,Average,18207,Average,Average,22238,Average,Average
Hospital 709,Bridgeport,Church,1,Same,Below,Below,Below,Same,Below,Same,24170,Average,Average,19126,Average,Higher,19048,Average,Higher,23424,Average,Higher
Hospital 710,Bristol,Private,3,Same,Above,Below,Same,Same,Same,Above,22923,Average,Average,17511,Average,Average,17798,Average,Average,22862,Average,Average
Hospital 711,Derby,Unknown,1,Same,Below,Below,Above,Same,Below,None,25526,Average,Average,17486,Average,Average,18347,Average,Average,20101,Average,Lower
Hospital 712,Danbury,Private,2,Same,Below,Above,Same,Same,Below,Same,23055,Average,Average,15815,Average,Lower,17062,Average,Average,22723,Average,Higher
Hospital 713,Norwalk,Private,3,Above,Below,Below,Below,Same,Same,Same,25982,Average,Higher,18068,Average,Higher,17430,Average,Average,21725,Average,Average
Hospital 714,New Britain,Unknown,3,Above,Below,Below,Below,Same,Below,Same,24189,Average,Average,17305,Average,Average,18829,Average,Higher,23535,Average,Higher
Hospital 715,Farmington,Government,3,Same,Below,Below,Above,Same,Below,Above,25429,Average,Average,17755,Average,Average,18801,Average,Higher,24216,Average,Higher
Hospital 716,Branford,Private,-1,None,None,None,None,None,None,None,0,Unknown,Unknown,0,Unknown,Unknown,0,Unknown,Unknown,0,Unknown,Unknown
Hospital 717,Wallingford,Private,3,Same,None,Same,None,Same,None,None,0,Unknown,Unknown,18042,Average,Average,18237,Average,Average,0,Unknown,Unknown
Hospital 718,West Hartford,Private,-1,None,None,None,None,None,None,None,0,Unknown,Unknown,0,Unknown,Unknown,16587,Average,Average,0,Unknown,Unknown
Hospital 719,Hartford,Private,-1,None,None,None,None,None,None,None,0,Unknown,Unknown,0,Unknown,Unknown,0,Unknown,Unknown,0,Unknown,Unknown
Hospital 720,Newark,Private,3,Above,Below,Above,Same,Below,Below,Above,25821,Average,Higher,16552,Better,Average,16675,Average,Lower,19164,Better,Lower
Hospital 721,Wilmington,Private,3,Same,Above,Above,Below,Same,Below,Same,23518,Average,Average,16390,Average,Average,18280,Average,Average,22849,Average,Average
Hospital 722,Dover,Private,3,Above,Below,Below,Same,Below,Below,Same,23726,Average,Average,16233,Average,Average,17764,Better,Average,21289,Average,Average
Hospital 723,Seaford,Private,4,Same,Above,Above,Same,Same,Below,Same,23289,Average,Average,17829,Average,Higher,18813,Average,Higher,19581,Average,Lower
Hospital 724,Lewes,Private,2,Same,Below,Below,Same,Same,Below,Above,26078,Average,Higher,16864,Average,Average,18576,Average,Higher,20029,Better,Lower
Hospital 725,Milford,Private,2,Same,Below,Same,Above,Same,Below,Same,27968,Average,Higher,17923,Average,Average,19309,Average,Higher,19765,Average,Lower
Hospital 726,Wilmington,Private,-1,None,None,None,None,None,None,None,0,Unknown,Unknown,0,Unknown,Unknown,0,Unknown,Unknown,0,Unknown,Unknown
Hospital 727,Washington,Proprietary,1,Same,Below,Below,Below,Same,Below,Same,25010,Average,Average,15576,Average,Average,17896,Average,Average,23002,Average,Average
Hospital 728,Washington,Unknown,2,Same,Above,Below,Below,Same,Below,Same,24642,Average,Average,17907,Average,Average,21580,Average,Higher,0,Unknown,Unknown
Hospital 729,Washington,Private,1,Same,Below,Below,Same,Same,Below,Above,23606,Average,Average,18494,Average,Higher,17781,Average,Average,21746,Average,Average
Hospital 730,Washington,Unknown,3,Same,Below,Below,Above,Above,Below,Above,23511,Average,Average,15907,Average,Average,16051,Average,Lower,20655,Average,Lower
Hospital 731,Washington,Private,1,Same,Below,Below,Below,Below,Below,Same,22293,Average,Average,16303,Average,Average,19641,Average,Higher,24276,Average,Higher
Hospital 732,Washington,Proprietary,1,Same,Same,Below,Below,Below,Below,None,23117,Average,Average,15421,Average,Average,21129,Average,Higher,0,Unknown,Unknown
Hospital 733,Washington,Unknown,1,Above,Below,Below,Below,Below,Below,Above,24536,Average,Average,16590,Better,Average,16192,Average,Lower,27224,Average,Higher
Hospital 734,Washington,Private,-1,None,None,None,None,None,None,None,0,Unknown,Unknown,0,Unknown,Unknown,0,Unknown,Unknown,0,Unknown,Unknown
Hospital 735,Jacksonville,Private,2,Above,Below,Below,Below,Below,Below,Below,24967,Average,Average,16594,Better,Average,17610,Average,Average,27368,Average,Higher
Hospital 736,Boynton Beach,Private,3,Same,Same,Above,Below,Same,Same,Above,25557,Average,Higher,20539,Average,Higher,18925,Average,Higher,23492,Average,Higher
Hospital 737,Orlando,Private,4,Same,Above,Above,Same,Same,Below,Above,25303,Average,Higher,17358,Average,Higher,18533,Average,Higher,20360,Average,Lower
Hospital 738,Orlando,Private,3,Above,Below,Below,Above,Above,Below,Above,26062,Average,Higher,17657,Better,Higher,19155,Better,Higher,21634,Average,Average
Hospital 739,Miami,Private,2,Above,Below,Below,Same,Same,Below,Above,23097,Average,Average,18736,Average,Higher,17227,Better,Average,23410,Average,Higher
Hospital 740,Fort Myers,Government,3,Same,Above,Below,Below,Same,Same,Above,23802,Average,Average,16302,Average,Average,17719,Average,Average,21974,Better,Average
Hospital 741,New Smyrna Beach,Church,1,Below,Below,Below,Below,Same,Below,Same,24821,Average,Average,17909,Average,Average,18532,Average,Average,24938,Average,Higher
Hospital 742,Daytona Beach,Government,2,Below,Below,Above,Below,Below,Below,Above,24191,Average,Average,17837,Average,Average,19378,Average,Higher,23222,Average,Higher
Hospital 743,Naples,Private,4,Same,Above,Above,Below,Below,Same,Above,22272,Average,Lower,17151,Average,Average,17328,Average,Average,22698,Average,Higher
Hospital 744,Melbourne,Private,3,Same,Below,Below,Below,Same,Same,Above,23535,Average,Average,18571,Average,Higher,18445,Average,Higher,21016,Average,Lower
Hospital 745,Miami,Government,1,Below,Below,Below,Below,Same,Below,Above,26334,Average,Higher,18806,Average,Higher,19221,Average,Higher,25379,Average,Higher
Hospital 746,Inverness,Government,1,Below,Below,Above,Below,Same,Below,Same,22406,Average,Lower,16422,Worse,Average,17009,Worse,Average,24621,Average,Higher
Hospital 747,Pensacola,Private,2,Below,Below,Above,Above,Below,Below,Above,22456,Average,Average,16535,Average,Average,17079,Average,Average,21044,Average,Lower
Hospital 748,Panama City,Government,2,Same,Above,Below,Below,Same,Below,Same,23316,Average,Average,17426,Average,Average,19068,Average,Higher,24858,Average,Higher
Hospital 749,Titusville,Government,1,Below,Below,Above,Below,Same,Below,Same,24808,Average,Average,15647,Average,Average,17569,Worse,Average,24340,Average,Higher
Hospital 750,Miami,Proprietary,1,Same,Below,Below,Below,Same,Below,Same,26059,Average,Average,19468,Average,Higher,20578,Average,Higher,23408,Average,Average
Hospital 751,Ocoee,Government,2,Same,Above,Below,Same,Same,Below,Same,24907,Average,Average,16380,Average,Average,17731,Average,Average,21326,Average,Average
Hospital 752,Saint Petersburg,Private,1,Same,Below,Below,Below,Same,Same,Same,24586,Average,Average,18740,Average,Higher,19167,Average,Higher,23244,Average,Higher
Hospital 753,Miami Beach,Proprietary,2,Above,Below,Below,Below,Same,Below,Below,23131,Average,Average,18533,Average,Higher,18591,Better,Higher,28936,Average,Higher
Hospital 754,Bradenton,Proprietary,1,Below,Below,Below,Below,Same,Same,Above,23669,Average,Average,18127,Worse,Higher,18693,Worse,Higher,21065,Average,Lower
Hospital 755,Hollywood,Government,3,Above,Same,Below,Same,Same,Below,Same,26071,Average,Higher,18123,Better,Higher,18199,Average,Average,24617,Average,Higher
Hospital 756,Fort Lauderdale,Government,1,Same,Below,Below,Below,Same,Below,Same,26921,Average,Higher,19048,Average,Higher,19837,Average,Higher,19009,Average,Lower
Hospital 757,Jacksonville,Private,2,Same,Below,Below,Below,Same,Below,Same,26092,Average,Higher,17414,Average,Average,19014,Worse,Higher,20746,Average,Lower
Hospital 758,Dunedin,Private,4,Same,Same,Above,Above,Same,Same,Same,24563,Average,Average,16666,Average,Average,18685,Average,Average,21983,Average,Average
Hospital 759,Stuart,Private,1,Same,Below,Below,Below,Same,Below,Same,25750,Average,Higher,17544,Average,Higher,17391,Average,Average,21617,Average,Average
Hospital 760,Deland,Church,2,Below,Below,Below,Same,Same,Same,Above,23022,Average,Average,18316,Average,Higher,18595,Worse,Higher,21439,Average,Average
Hospital 761,Zephyrhills,Church,4,Same,Above,Above,Above,Same,Same,Same,24265,Average,Average,17852,Average,Higher,19093,Average,Higher,21494,Average,Average
Hospital 762,Punta Gorda,Proprietary,2,Same,Below,Above,Below,Same,Same,Same,25234,Average,Average,18233,Average,Higher,18176,Average,Average,22389,Average,Average
Hospital 763,Jay,Private,3,Same,None,Same,None,Same,Same,None,0,Unknown,Unknown,13957,Average,Lower,13792,Average,Lower,0,Unknown,Unknown
Hospital 764,Sebring,Proprietary,1,Same,Below,Below,Below,Same,Above,Below,25365,Average,Average,17754,Average,Average,18047,Average,Average,26872,Average,Higher
Hospital 765,Hialeah,Private,2,Above,Above,Below,Below,Same,Below,None,24894,Average,Average,16919,Average,Average,17111,Better,Average,0,Unknown,Unknown
Hospital 766,Clermont,Government,4,Same,Above,Above,Same,Above,Below,Same,21626,Average,Lower,15590,Average,Lower,18126,Average,Average,22201,Average,Average
Hospital 767,Winter Haven,Private,2,Below,Below,Above,Below,Same,Below,Same,23355,Average,Average,18562,Worse,Higher,18463,Worse,Higher,21110,Average,Lower
Hospital 768,Hialeah,Proprietary,2,Same,Same,Below,Below,Same,Below,Same,24250,Average,Average,20382,Average,Higher,19480,Average,Higher,0,Unknown,Unknown
Hospital 769,Niceville,Proprietary,3,Same,Above,Below,Above,Same,Above,Below,23366,Average,Average,15376,Average,Average,15850,Average,Lower,22001,Average,Average
Hospital 770,Tarpon Springs,Unknown,3,Same,Below,Same,Same,Above,Above,Same,23700,Average,Average,17845,Average,Average,18326,Average,Average,23714,Average,Higher
Hospital 771,Tavares,Church,3,Same,Below,Below,Above,Same,Below,Above,27588,Average,Higher,18033,Average,Higher,18271,Average,Higher,21483,Average,Average
Hospital 772,Ocala,Government,2,Below,Above,Above,Below,Below,Below,Above,21582,Average,Lower,18436,Worse,Higher,18117,Worse,Higher,25474,Average,Higher
Hospital 773,New Port Richey,Private,4,Same,Above,Above,Same,Same,Below,Same,24026,Average,Average,20683,Average,Higher,20044,Average,Higher,20145,Average,Lower
Hospital 774,Saint Petersburg,Church,3,Above,Below,Below,Below,Same,Below,Same,24418,Average,Average,18323,Average,Higher,17880,Better,Average,24049,Average,Higher
Hospital 775,Daytona Beach,Church,4,Same,Below,Above,Above,Above,Below,Above,23572,Average,Average,17002,Average,Average,18448,Average,Higher,24028,Average,Higher
Hospital 776,Tampa,Church,4,Same,Above,Below,Above,Same,Same,None,0,Unknown,Unknown,17061,Average,Average,19058,Average,Average,21930,Average,Average
Hospital 777,Venice,Proprietary,1,Below,Below,Above,Below,Above,Below,Same,25349,Average,Higher,18411,Worse,Higher,18245,Worse,Average,21662,Average,Average
Hospital 778,Brooksville,Church,1,Same,Below,Below,Below,Same,Same,Same,22523,Average,Average,16805,Average,Average,20517,Average,Higher,22211,Average,Average
Hospital 779,Orange City,Church,2,Same,Below,Below,Same,Same,Below,Above,24400,Average,Average,19618,Average,Higher,18559,Average,Average,23621,Average,Higher
Hospital 780,Fort Lauderdale,Church,4,Same,Above,Above,Below,Above,Same,Same,25374,Average,Average,18535,Average,Higher,18613,Average,Higher,22624,Better,Higher
Hospital 781,Tampa,Church,5,Above,Above,Above,Above,Above,Above,Above,24702,Better,Average,18425,Average,Higher,18635,Average,Higher,24290,Worse,Higher
Hospital 782,Port Charlotte,Proprietary,1,Above,Below,Below,Below,Same,Same,Same,24691,Average,Average,17779,Average,Higher,18472,Average,Higher,22065,Average,Average
Hospital 783,Atlantis,Proprietary,1,Same,Below,Below,Below,Same,Same,Above,24223,Average,Average,19461,Better,Higher,18505,Worse,Higher,22879,Average,Higher
Hospital 784,Defuniak Springs,Proprietary,4,Same,None,Below,Above,Same,Above,None,0,Unknown,Unknown,14862,Average,Average,15004,Average,Lower,0,Unknown,Unknown
Hospital 785,Leesburg,Private,2,Below,Above,Above,Below,Same,Below,Above,22970,Average,Average,16791,Average,Average,17821,Average,Average,22700,Average,Higher
Hospital 786,Pompano Beach,Government,1,Below,Below,Below,Below,Same,Below,Same,25010,Average,Average,17431,Worse,Average,17851,Average,Average,21147,Average,Lower
Hospital 787,Sarasota,Government,5,Same,Above,Above,Above,Same,Same,Same,23690,Average,Average,20442,Average,Higher,17936,Average,Average,22066,Better,Average
Hospital 788,Jacksonville,Private,4,Above,Below,Below,Same,Same,Below,Same,25043,Better,Average,17657,Better,Higher,17801,Better,Average,21229,Average,Lower
Hospital 789,Saint Augustine,Private,2,Above,Below,Below,Below,Same,Same,Same,25510,Average,Average,17528,Average,Average,17939,Better,Average,21374,Average,Average
Hospital 790,Rockledge,Private,2,Same,Below,Below,Below,Same,Same,Below,23836,Average,Average,17273,Average,Average,18247,Average,Average,24510,Average,Higher
Hospital 791,Pensacola,Private,4,Same,Above,Above,Same,Same,Same,Below,23687,Average,Average,17067,Average,Average,16917,Average,Average,21122,Average,Lower
Hospital 792,Lake Wales,Proprietary,2,Same,Below,Below,Below,Same,Below,None,23171,Average,Average,16474,Average,Average,16576,Average,Average,0,Unknown,Unknown
Hospital 793,Lake City,Private,4,Same,None,Same,Below,Same,Same,Same,22087,Average,Average,16817,Average,Average,17744,Average,Average,0,Unknown,Unknown
Hospital 794,Vero Beach,Government,2,Same,Above,Below,Below,Above,Below,Below,24485,Average,Average,18039,Average,Higher,17385,Average,Average,21329,Average,Lower
Hospital 795,Perry,Private,2,Same,None,Below,Same,Below,Below,None,0,Unknown,Unknown,16036,Average,Average,14904,Average,Lower,19502,Average,Lower
Hospital 796,Lehigh Acres,Private,2,Same,Above,Same,Below,Same,Below,None,25339,Average,Average,16977,Average,Average,18732,Average,Average,23613,Average,Average
Hospital 797,Sebring,Church,4,Same,Below,Above,Same,Below,Below,Below,25247,Average,Average,17315,Average,Average,19187,Average,Higher,22459,Average,Average
Hospital 798,Kissimmee,Proprietary,1,Same,Above,Below,Below,Same,Below,Same,23020,Average,Average,16144,Average,Average,18481,Average,Average,22094,Average,Average
Hospital 799,Gainesville,Private,2,Above,Below,Below,Same,Same,Below,Below,22809,Average,Average,16239,Better,Average,17215,Better,Average,22341,Average,Average
Hospital 800,Jacksonville Beach,Private,4,Above,Above,Above,Same,Same,Same,Below,24983,Average,Average,16788,Average,Average,17402,Better,Average,22147,Average,Average
Hospital 801,Palm Coast,Church,3,Same,Above,Below,Below,Same,Above,Above,24015,Average,Average,16361,Average,Average,18184,Worse,Average,22563,Average,Average
Hospital 802,Bartow,Proprietary,4,Same,Above,Same,Same,Same,Above,None,24727,Average,Average,18573,Average,Higher,16992,Average,Average,20857,Average,Average
Hospital 803,Crestview,Private,4,Same,Above,Above,Below,Same,Same,Above,22617,Average,Average,16961,Average,Average,16811,Average,Average,0,Unknown,Unknown
Hospital 804,Milton,Proprietary,3,Same,Same,Below,Below,Above,Above,Same,23438,Average,Average,16734,Average,Average,16997,Average,Average,22614,Average,Average
Hospital 805,Homestead,Private,2,Same,Below,Below,Same,Same,Below,Same,25366,Average,Average,20367,Average,Higher,17350,Average,Average,27230,Average,Higher
Hospital 806,Saint Petersburg,Proprietary,3,Same,Same,Below,Below,Same,Above,Same,25357,Average,Average,16840,Average,Average,18126,Average,Average,26190,Average,Higher
Hospital 807,Clearwater,Private,4,Same,Same,Above,Above,Above,Same,Above,23940,Average,Average,18460,Average,Higher,17685,Average,Average,20170,Average,Lower
Hospital 808,Tampa,Private,2,Same,Below,Below,Same,Same,Below,Below,24869,Average,Average,18767,Average,Higher,18093,Average,Average,21256,Average,Lower
Hospital 809,Belle Glade,Government,2,Same,Same,Below,Same,Same,Same,None,0,Unknown,Unknown,15098,Average,Average,17680,Average,Average,0,Unknown,Unknown
Hospital 810,Aventura,Private,2,Above,Above,Below,Below,Same,Same,Above,24737,Average,Average,18988,Average,Higher,18776,Better,Higher,28297,Average,Higher
Hospital 811,Plant City,Private,3,Same,Below,Above,Above,Same,Same,Same,23643,Average,Average,18488,Average,Higher,17963,Average,Average,21627,Average,Average
Hospital 812,Macclenny,Government,3,None,None,Same,None,Same,Same,Same,0,Unknown,Unknown,0,Unknown,Unknown,13749,Average,Lower,0,Unknown,Unknown
Hospital 813,Tallahassee,Private,3,Below,Above,Above,Same,Same,Below,Above,23079,Average,Average,17108,Average,Average,18816,Average,Higher,21046,Average,Lower
Hospital 814,Davenport,Proprietary,2,Same,Below,Below,Below,Same,Below,Same,25525,Average,Average,17272,Average,Average,16111,Average,Average,21045,Average,Lower
Hospital 815,Fernandina Beach,Government,4,Same,Above,Above,Above,Same,Below,Same,25586,Average,Average,17352,Average,Average,15956,Average,Lower,19357,Average,Lower
Hospital 816,Marianna,Government,3,Same,Below,Below,Above,Same,Above,Same,22532,Average,Average,15106,Average,Lower,15360,Average,Lower,21554,Average,Average
Hospital 817,Key West,Proprietary,3,Same,Same,Same,Below,Same,Above,Same,27929,Average,Higher,17868,Average,Average,16054,Average,Average,21799,Average,Average
Hospital 818,Jacksonville,Private,4,Above,Below,Above,Above,Same,Same,Above,21597,Average,Average,15559,Average,Average,18166,Average,Average,20560,Average,Lower
Hospital 819,South Miami,Private,2,Same,Below,Same,Same,Same,Below,Same,25455,Average,Average,18684,Average,Higher,17705,Average,Average,25381,Average,Higher
Hospital 820,Lake City,Private,3,Same,Above,Below,Same,Same,Above,Above,21429,Average,Average,17039,Average,Average,17028,Average,Average,21441,Average,Average
Hospital 821,Lakeland,Private,1,Below,Below,Below,Below,Same,Above,Above,20909,Average,Lower,15984,Average,Average,16350,Worse,Lower,23094,Average,Higher
Hospital 822,Sanford,Proprietary,2,Above,Same,Below,Below,Same,Above,Same,23999,Better,Average,16834,Better,Average,19085,Average,Higher,24412,Average,Higher
Hospital 823,Sarasota,Proprietary,4,Same,Above,Above,Same,Same,Above,Same,24817,Average,Average,18920,Average,Higher,19272,Average,Higher,22873,Average,Higher
Hospital 824,Plantation,Proprietary,2,Above,Below,Below,Below,Above,Above,Same,26071,Average,Average,17340,Average,Average,19037,Average,Higher,25147,Average,Higher
Hospital 825,Boca Raton,Private,2,Above,Below,Below,Below,Same,Same,Same,23751,Average,Average,18563,Average,Higher,16743,Better,Lower,22779,Average,Higher
Hospital 826,Tampa,Private,1,Below,Below,Below,Below,Same,Same,Below,24428,Average,Average,19645,Average,Higher,20478,Average,Higher,21407,Average,Average
Hospital 827,Arcadia,Private,3,Same,None,Above,Same,Same,Same,Same,0,Unknown,Unknown,17855,Average,Average,17207,Average,Average,0,Unknown,Unknown
Hospital 828,Palm Beach Gardens,Proprietary,3,Same,Above,Below,Below,Same,Same,Same,26160,Average,Higher,21129,Average,Higher,17540,Average,Average,25541,Average,Higher
Hospital 829,Cocoa Beach,Private,4,Same,Above,Above,Above,Same,Same,Above,24828,Average,Average,17771,Average,Average,17182,Average,Average,23179,Average,Average
Hospital 830,Jacksonville,Proprietary,1,Same,Below,Below,Below,Same,Below,Same,24389,Average,Average,18972,Average,Higher,19351,Average,Higher,26530,Average,Higher
Hospital 831,Saint Petersburg,Proprietary,2,Same,Above,Below,Below,Same,Above,Same,22340,Average,Average,17480,Average,Average,21053,Average,Higher,25275,Average,Higher
Hospital 832,South Miami,Proprietary,1,Same,Below,Below,None,Same,Same,Below,0,Unknown,Unknown,16993,Average,Average,17567,Average,Average,24911,Average,Higher
Hospital 833,Coral Gables,Proprietary,3,Above,Above,Below,Below,Same,Same,None,23410,Average,Average,17577,Average,Average,18436,Average,Average,29189,Average,Higher
Hospital 834,Hialeah,Proprietary,3,Same,Above,Above,Below,Same,Below,Same,23996,Average,Average,20275,Average,Higher,19762,Worse,Higher,27726,Average,Higher
Hospital 835,Margate,Proprietary,2,Same,Below,Below,Below,Same,Below,Same,24083,Average,Average,19504,Average,Higher,19138,Average,Higher,0,Unknown,Unknown
Hospital 836,Trinity,Proprietary,2,Below,Above,Below,Same,Same,Above,Above,22024,Average,Average,17628,Average,Average,19085,Worse,Higher,24175,Average,Higher
Hospital 837,Fort Lauderdale,Government,2,Same,Below,Below,Same,Same,Above,Same,26856,Average,Average,17729,Average,Average,17270,Average,Average,25342,Average,Higher
Hospital 838,Gainesville,Proprietary,2,Same,Above,Below,Below,Same,Same,Above,22388,Average,Lower,16584,Average,Average,15963,Average,Lower,22298,Average,Average
Hospital 839,Tampa,Proprietary,4,Same,Above,Below,Same,Same,Above,Same,0,Unknown,Unknown,16944,Average,Average,16812,Average,Average,21871,Average,Average
Hospital 840,Miami,Proprietary,2,Above,Same,Below,Below,Same,Below,None,25529,Average,Average,18585,Average,Higher,19114,Average,Higher,29761,Average,Higher
Hospital 841,Dade City,Proprietary,3,Same,Above,Above,Below,Same,Above,None,25855,Average,Average,15465,Average,Average,17382,Average,Average,0,Unknown,Unknown
Hospital 842,Ocala,Proprietary,2,Below,Above,Below,Below,Same,Below,Above,22959,Worse,Average,17102,Worse,Average,18378,Worse,Higher,23031,Better,Higher
Hospital 843,Bradenton,Proprietary,2,Below,Above,Below,Below,Same,Same,Same,24586,Average,Average,17073,Average,Average,16826,Average,Average,19725,Better,Lower
Hospital 844,Sebastian,Proprietary,2,Same,Above,Below,Below,Same,Below,Below,24081,Average,Average,17120,Average,Average,17121,Average,Average,21236,Average,Average
Hospital 845,Fort Myers,Government,3,Same,Above,Below,Below,Same,Below,Above,24953,Average,Average,18038,Average,Higher,18619,Average,Higher,22163,Average,Average
Hospital 846,Fort Walton Beach,Proprietary,2,Below,Above,Below,Below,Same,Below,Below,23855,Average,Average,16459,Average,Average,17724,Worse,Average,22900,Average,Higher
Hospital 847,Tamarac,Proprietary,2,Same,Above,Below,Below,Same,Above,Same,25864,Average,Average,19376,Average,Higher,19072,Average,Higher,27708,Average,Higher
Hospital 848,Orange Park,Unknown,2,Same,Above,Below,Below,Above,Same,Same,26276,Average,Higher,18116,Average,Higher,20928,Average,Higher,25983,Average,Higher
Hospital 849,Plantation,Proprietary,1,Same,Above,Below,Below,Above,Same,None,24527,Average,Average,19172,Average,Higher,18452,Average,Average,25985,Average,Higher
Hospital 850,Pembroke Pines,Government,2,Same,Below,Below,Above,Same,Below,Same,25665,Average,Average,17859,Average,Average,15940,Better,Average,0,Unknown,Unknown
Hospital 851,Pensacola,Proprietary,3,Same,Above,Below,Same,Above,Above,Above,23329,Average,Average,15642,Average,Lower,18649,Average,Higher,24425,Average,Higher
Hospital 852,Palatka,Proprietary,2,Same,Above,Below,Same,Same,Above,Above,26147,Average,Average,17655,Average,Average,19926,Average,Higher,24401,Average,Higher
Hospital 853,Port Charlotte,Proprietary,3,Same,Above,Below,Below,Same,Above,Same,22785,Average,Average,17961,Average,Higher,20028,Average,Higher,21483,Better,Average
Hospital 854,Saint Petersburg,Proprietary,2,Same,Above,Below,Below,Same,Above,Same,24856,Average,Average,17441,Average,Average,20882,Average,Higher,26975,Average,Higher
Hospital 855,Panama City,Proprietary,3,Same,Above,Below,Below,Same,Below,Above,26185,Average,Average,18212,Average,Higher,20766,Average,Higher,23939,Average,Higher
Hospital 856,Brandon,Proprietary,2,Above,Below,Below,Below,Same,Same,Above,23102,Average,Average,17728,Average,Higher,18521,Average,Higher,22952,Average,Average
Hospital 857,Cape Coral,Government,3,Same,Above,Below,Below,Same,Below,Above,25696,Average,Average,16660,Average,Average,17648,Average,Average,23480,Average,Higher
Hospital 858,Fort Pierce,Proprietary,1,Same,Below,Below,Below,Same,Below,Same,23979,Average,Average,17243,Average,Average,20181,Average,Higher,26745,Average,Higher
Hospital 859,Largo,Proprietary,1,Same,Below,Below,Below,Above,Above,Same,24946,Average,Average,18489,Average,Higher,19722,Worse,Higher,23050,Average,Average
Hospital 860,Crystal River,Proprietary,1,Below,Below,Above,Below,Same,Below,Same,23873,Average,Average,18072,Average,Higher,17291,Worse,Average,23435,Average,Higher
Hospital 861,Okeechobee,Proprietary,2,Same,Above,Below,Below,Same,Above,Same,23893,Average,Average,16585,Average,Average,17764,Worse,Average,25036,Average,Higher
Hospital 862,Jupiter,Private,5,Above,Above,Above,Above,Same,Below,Below,23477,Average,Average,19639,Average,Higher,17001,Average,Average,23087,Average,Higher
Hospital 863,Tallahassee,Proprietary,2,Same,Above,Below,Below,Same,Same,Above,23999,Average,Average,16220,Average,Average,17557,Average,Average,21601,Average,Average
Hospital 864,Tampa,Proprietary,3,Same,Above,Below,Below,Same,Above,None,24231,Average,Average,18360,Average,Average,18663,Average,Average,0,Unknown,Unknown
Hospital 865,Hudson,Proprietary,2,Below,Above,Below,Below,Same,Above,Same,21670,Average,Lower,17676,Worse,Average,18915,Average,Higher,23058,Average,Higher
Hospital 866,Delray Beach,Proprietary,2,Same,Same,Above,Below,Same,Below,Above,25823,Average,Higher,19707,Average,Higher,18842,Average,Higher,24500,Average,Higher
Hospital 867,Sun City Center,Proprietary,2,Same,Above,Below,Below,Same,Above,Same,25175,Average,Average,16877,Average,Average,18031,Average,Average,22799,Average,Average
Hospital 868,Port Saint Lucie,Proprietary,1,Below,Below,Below,Below,Same,Same,Above,24860,Average,Average,17128,Average,Average,18286,Average,Average,24124,Average,Higher
Hospital 869,Brooksville,Unknown,2,Below,Above,Below,Below,Above,Same,Below,24114,Average,Average,17583,Average,Higher,19316,Worse,Higher,21116,Average,Lower
Hospital 870,Safety Harbor,Private,3,Below,Below,Above,Above,Same,Below,Below,23151,Average,Average,18461,Worse,Higher,18326,Worse,Higher,22896,Average,Average
Hospital 871,Gulf Breeze,Unknown,5,Above,Above,Above,Above,Same,Above,Same,24499,Average,Average,15601,Average,Average,17231,Better,Average,22393,Average,Average
Hospital 872,Englewood,Proprietary,3,Same,Above,Above,Same,Same,Above,Below,23472,Average,Average,17024,Average,Average,17698,Average,Average,23332,Average,Average
Hospital 873,Boca Raton,Proprietary,1,Same,Same,Below,Below,Same,Below,Same,25205,Average,Average,19918,Average,Higher,16588,Average,Average,23539,Average,Average
Hospital 874,Loxahatchee,Proprietary,2,Same,Above,Below,Below,Same,Same,Same,26675,Average,Higher,19402,Average,Higher,18508,Average,Average,0,Unknown,Unknown
Hospital 875,Wellington,Proprietary,1,Below,Below,Below,Below,Same,Below,Above,22549,Average,Average,18829,Worse,Higher,18728,Average,Average,24893,Average,Higher
Hospital 876,Coral Springs,Government,3,Same,Above,Same,Below,Same,Below,None,23838,Average,Average,15810,Average,Average,18506,Average,Average,27493,Average,Higher
Hospital 877,Miami,Private,-1,None,None,None,None,None,None,None,0,Unknown,Unknown,0,Unknown,Unknown,15981,Average,Average,0,Unknown,Unknown
Hospital 878,Pembroke Pines,Government,3,Above,Below,Below,Above,Same,Below,Same,24075,Average,Average,18911,Better,Higher,17518,Better,Average,23622,Average,Higher
Hospital 879,Miami,Proprietary,2,Above,Above,Below,Same,Same,None,None,24482,Average,Average,19054,Average,Higher,16926,Average,Average,0,Unknown,Unknown
Hospital 880,Miramar,Government,4,Same,Same,Above,Above,Same,Below,Same,24986,Average,Average,18634,Average,Average,16654,Average,Average,25749,Average,Higher
Hospital 881,Naples,Proprietary,2,Same,Above,Below,Below,Above,Above,Same,23786,Average,Average,17328,Average,Average,15648,Average,Lower,18840,Better,Lower
Hospital 882,West Palm Beach,Proprietary,2,Same,Same,Below,Below,Same,Same,Same,24083,Average,Average,18245,Average,Higher,18114,Average,Average,23829,Average,Higher
Hospital 883,West Palm Beach,Proprietary,1,Below,Same,Below,Below,Same,Same,Same,0,Unknown,Unknown,16616,Average,Average,18938,Average,Average,26711,Average,Higher
Hospital 884,Weston,Proprietary,1,Same,Below,Below,Above,Same,Below,Below,23177,Average,Average,17132,Average,Average,17522,Average,Average,19038,Average,Lower
Hospital 885,The Villages,Private,1,Below,Above,Below,Below,Same,Below,Above,24086,Average,Average,17148,Worse,Average,17638,Worse,Average,24134,Average,Higher
Hospital 886,Melbourne,Proprietary,1,Same,Above,Below,Below,Same,Same,Below,22994,Average,Average,19342,Average,Higher,17830,Average,Average,25101,Average,Higher
Hospital 887,Miramar Beach,Unknown,5,Same,Above,Above,Above,Same,Below,Same,24972,Average,Average,14716,Average,Lower,15897,Average,Lower,21022,Average,Lower
Hospital 888,Coral Gables,Unknown,4,Above,Same,Below,Same,Same,Below,None,23257,Average,Average,17700,Better,Average,18318,Better,Average,23239,Average,Higher
Hospital 889,Chattahoochee,Government,-1,None,None,None,None,None,None,None,0,Unknown,Unknown,0,Unknown,Unknown,0,Unknown,Unknown,0,Unknown,Unknown
Hospital 890,Bradenton,Proprietary,3,Same,Same,Above,Below,Same,Above,Same,22292,Average,Average,17842,Average,Average,17199,Average,Average,21055,Average,Lower
Hospital 891,Saint Cloud,Proprietary,1,Same,Above,Below,Below,Same,Below,Same,24990,Average,Average,17792,Average,Average,20949,Average,Higher,0,Unknown,Unknown
Hospital 892,Jacksonville,Private,3,Same,Above,Below,Below,Same,Same,Same,23126,Average,Average,17193,Average,Average,18252,Average,Average,18977,Average,Lower
Hospital 893,Port Saint Joe,Private,5,Same,None,Same,Above,Same,Above,Same,0,Unknown,Unknown,14590,Average,Average,14070,Average,Lower,0,Unknown,Unknown
Hospital 894,Miami,Private,3,Above,Below,Below,Above,Same,Below,Above,21810,Average,Average,16451,Average,Average,16210,Better,Lower,0,Unknown,Unknown
Hospital 895,Melbourne,Private,5,Same,Above,Above,Above,Same,Same,Same,24339,Average,Average,16497,Average,Average,17655,Average,Average,19969,Average,Lower
Hospital 896,Palm Bay,Proprietary,4,Same,Same,Same,Same,Same,Same,Same,25449,Average,Average,18194,Average,Higher,17225,Average,Average,23046,Average,Higher
Hospital 897,Wesley Chapel,Private,4,Same,Above,Same,Above,Above,Above,Same,25046,Average,Average,19551,Average,Higher,19111,Average,Higher,19691,Average,Lower
Hospital 898,Kissimmee,Proprietary,3,Same,Same,Below,Below,Same,Above,Same,0,Unknown,Unknown,17136,Average,Average,17950,Average,Average,0,Unknown,Unknown
Hospital 899,Middleburg,Private,5,Same,Above,Above,Above,Same,Same,Same,25783,Average,Average,16115,Average,Average,18283,Average,Average,23410,Average,Higher
Hospital 900,Williston,Proprietary,-1,None,None,None,Below,Same,Above,None,0,Unknown,Unknown,0,Unknown,Unknown,15910,Average,Average,0,Unknown,Unknown
Hospital 901,Miami,Proprietary,-1,None,None,None,None,None,None,None,0,Unknown,Unknown,0,Unknown,Unknown,0,Unknown,Unknown,0,Unknown,Unknown
Hospital 902,Oviedo,Proprietary,-1,None,None,None,Same,Same,Above,None,0,Unknown,Unknown,0,Unknown,Unknown,0,Unknown,Unknown,0,Unknown,Unknown
Hospital 903,Wauchula,Private,4,Same,None,Above,Above,Same,Above,Same,0,Unknown,Unknown,17558,Average,Average,18592,Average,Average,0,Unknown,Unknown
Hospital 904,Live Oak,Proprietary,3,Same,None,Below,Below,Same,Same,Same,0,Unknown,Unknown,17978,Average,Average,18805,Average,Average,0,Unknown,Unknown
Hospital 905,Lake Butler,Proprietary,-1,None,None,None,None,None,None,None,0,Unknown,Unknown,0,Unknown,Unknown,0,Unknown,Unknown,0,Unknown,Unknown
Hospital 906,Blountstown,Private,-1,Same,None,Same,None,None,None,None,0,Unknown,Unknown,16669,Average,Average,17929,Average,Average,0,Unknown,Unknown
Hospital 907,Apalachicola,Government,-1,None,None,Same,None,None,None,None,0,Unknown,Unknown,0,Unknown,Unknown,0,Unknown,Unknown,0,Unknown,Unknown
Hospital 908,Bonifay,Government,-1,Same,None,Below,None,None,None,None,0,Unknown,Unknown,16836,Average,Average,19274,Average,Higher,0,Unknown,Unknown
Hospital 909,Chipley,Private,-1,Same,None,Below,None,None,None,None,0,Unknown,Unknown,17497,Average,Average,15223,Average,Lower,0,Unknown,Unknown
Hospital 910,Clewiston,Unknown,2,Same,None,Same,None,Below,Same,Same,0,Unknown,Unknown,17108,Average,Average,15804,Average,Average,0,Unknown,Unknown
Hospital 911,Starke,Proprietary,2,Same,None,Below,Below,Same,Same,Same,0,Unknown,Unknown,15788,Average,Average,15411,Average,Lower,0,Unknown,Unknown
Hospital 912,Madison,Government,-1,Same,None,Same,None,None,None,None,0,Unknown,Unknown,18745,Average,Average,18672,Average,Average,0,Unknown,Unknown
Hospital 913,Marathon,Private,3,Same,None,Same,None,None,None,Same,0,Unknown,Unknown,20875,Average,Higher,19603,Average,Average,24517,Average,Average
Hospital 914,Tavernier,Private,5,Same,None,Above,None,Same,Above,Same,0,Unknown,Unknown,14489,Average,Average,14587,Average,Lower,0,Unknown,Unknown
Hospital 915,Saint Petersburg,Unknown,-1,None,None,None,None,None,None,None,0,Unknown,Unknown,0,Unknown,Unknown,0,Unknown,Unknown,0,Unknown,Unknown
Hospital 916,Miami,Private,-1,None,None,None,None,None,None,None,0,Unknown,Unknown,0,Unknown,Unknown,0,Unknown,Unknown,0,Unknown,Unknown
Hospital 917,Tampa,Unknown,-1,None,None,None,None,None,None,None,0,Unknown,Unknown,0,Unknown,Unknown,0,Unknown,Unknown,0,Unknown,Unknown
Hospital 918,Orlando,Private,-1,None,None,None,None,None,None,None,0,Unknown,Unknown,0,Unknown,Unknown,0,Unknown,Unknown,0,Unknown,Unknown
Hospital 919,Dalton,Private,4,Same,Above,Above,Same,Above,Same,Same,21315,Average,Lower,16637,Average,Average,15255,Average,Lower,22766,Average,Average
Hospital 920,Thomaston,Unknown,2,Same,Same,Same,Same,Same,Same,Same,23348,Average,Average,13445,Average,Lower,17015,Worse,Average,0,Unknown,Unknown
Hospital 921,Waycross,Private,3,Same,Above,Same,Below,Same,Below,Same,25000,Average,Average,17302,Average,Average,16628,Average,Average,23733,Average,Average
Hospital 922,Cumming,Private,4,Same,Above,Above,Above,Same,Same,Same,24122,Average,Average,15668,Average,Average,16662,Average,Average,17042,Average,Lower
Hospital 923,Athens,Private,3,Below,Same,Above,Same,Same,Below,Same,21535,Average,Lower,15085,Average,Lower,17052,Average,Average,21406,Average,Lower
Hospital 924,Albany,Government,1,Below,Above,Below,Below,Below,Below,Same,24432,Average,Average,15012,Average,Lower,17361,Worse,Average,22494,Average,Average
Hospital 925,Canton,Unknown,2,Below,Below,Above,Above,Same,Below,Below,24680,Average,Average,17253,Worse,Average,16878,Average,Average,19989,Average,Lower
Hospital 926,Atlanta,Private,3,Above,Below,Above,Above,Same,Below,Same,23358,Average,Average,16462,Average,Average,18715,Average,Higher,18598,Average,Lower
Hospital 927,Carrollton,Government,2,Below,Below,Below,Above,Same,Same,Same,25180,Average,Average,17687,Average,Average,18303,Worse,Average,23487,Average,Higher
Hospital 928,Villa Rica,Government,3,Same,Above,Below,Above,Same,Same,Same,22872,Average,Average,16080,Average,Average,17792,Average,Average,0,Unknown,Unknown
Hospital 929,Lagrange,Private,4,Same,Above,Above,Below,Same,Same,Same,24259,Average,Average,16336,Average,Average,17585,Average,Average,23023,Average,Average
Hospital 930,Covington,Private,2,Same,Above,Below,Below,Same,Below,Same,23951,Average,Average,16786,Average,Average,17287,Average,Average,27418,Average,Higher
Hospital 931,Calhoun,Church,5,Same,Above,Above,Above,Same,Same,Same,25201,Average,Average,15726,Average,Average,16910,Average,Average,22437,Average,Average
Hospital 932,Savannah,Unknown,2,Same,Above,Above,Below,Same,Below,Below,0,Unknown,Unknown,16154,Average,Average,17123,Average,Average,21559,Average,Average
Hospital 933,Brunswick,Government,2,Below,Same,Below,Below,Same,Below,Below,22677,Average,Average,15517,Average,Lower,16174,Average,Lower,21252,Average,Average
Hospital 934,Elberton,Government,3,Same,None,Same,None,Same,Above,Same,0,Unknown,Unknown,14243,Average,Lower,14639,Average,Lower,0,Unknown,Unknown
Hospital 935,Lavonia,Private,3,Same,None,Same,Same,Same,Same,Same,0,Unknown,Unknown,17516,Average,Average,17168,Average,Average,0,Unknown,Unknown
Hospital 936,Augusta,Unknown,4,Same,Above,Same,Same,Same,Below,Same,23962,Average,Average,17419,Average,Higher,17708,Average,Average,18766,Average,Lower
Hospital 937,Gainesville,Government,3,Same,Below,Below,Below,Same,Below,Above,23437,Average,Average,15118,Better,Lower,17139,Average,Average,18330,Better,Lower
Hospital 938,Cartersville,Private,4,Same,Above,Same,Below,Above,Same,Same,24413,Average,Average,15167,Average,Lower,17842,Average,Average,20254,Average,Lower
Hospital 939,Griffin,Proprietary,2,Below,Above,Below,Below,Same,Below,Above,21715,Average,Lower,15140,Average,Lower,16941,Average,Average,22817,Average,Average
Hospital 940,Toccoa,Government,3,Same,Same,Below,Same,Same,Same,Same,0,Unknown,Unknown,14045,Average,Lower,15498,Average,Lower,25153,Average,Higher
Hospital 941,Augusta,Unknown,1,Same,Below,Below,Below,Same,Below,Below,23592,Average,Average,16929,Average,Average,18683,Average,Higher,19632,Average,Lower
Hospital 942,Marietta,Government,3,Same,Same,Above,Below,Same,Below,Same,24947,Average,Average,17044,Better,Average,17000,Average,Average,18516,Average,Lower
Hospital 943,Savannah,Unknown,1,Same,Below,Above,Below,Same,Below,Same,21978,Average,Average,15401,Average,Lower,19067,Average,Higher,19020,Average,Lower
Hospital 944,Thomasville,Private,3,Same,Same,Above,Same,Same,Below,Below,22747,Average,Average,16221,Average,Average,16987,Average,Average,23473,Average,Higher
Hospital 945,Commerce,Government,3,Same,None,Above,Same,Same,Same,Same,0,Unknown,Unknown,14599,Average,Lower,15866,Average,Average,0,Unknown,Unknown
Hospital 946,Demorest,Government,2,Same,Same,Below,Same,Same,Same,Same,0,Unknown,Unknown,14120,Average,Lower,16856,Average,Average,22339,Average,Average
Hospital 947,Hiram,Unknown,5,Above,Same,Above,Same,Same,Below,Same,23959,Average,Average,15110,Average,Lower,15568,Average,Lower,19683,Average,Lower
Hospital 948,Savannah,Private,2,Same,Below,Below,Same,Same,Below,Same,23812,Worse,Average,17045,Average,Average,16192,Average,Lower,17934,Average,Lower
Hospital 949,Americus,Government,3,Same,Below,Above,Same,Same,Below,Same,0,Unknown,Unknown,14513,Average,Lower,18653,Worse,Average,23216,Average,Average
Hospital 950,Winder,Proprietary,3,Same,None,Above,Below,Same,Below,None,0,Unknown,Unknown,15360,Average,Average,15978,Average,Average,0,Unknown,Unknown
Hospital 951,Monroe,Proprietary,1,Same,Below,Above,Below,Same,Same,Same,22835,Average,Average,15286,Average,Average,17695,Average,Average,22370,Average,Average
Hospital 952,Chatsworth,Private,4,Same,None,Above,None,Same,Above,Same,0,Unknown,Unknown,15800,Average,Average,16622,Average,Average,0,Unknown,Unknown
Hospital 953,Blairsville,Government,4,Same,Above,Above,Above,Same,Same,Same,21933,Average,Average,13122,Average,Lower,15186,Average,Lower,23580,Average,Higher
Hospital 954,Rome,Government,4,Same,Above,Above,Same,Same,Same,Above,22441,Average,Average,17244,Average,Average,18289,Average,Average,22100,Average,Average
Hospital 955,Columbus,Unknown,1,Same,Below,Below,Below,Same,Below,Below,23434,Average,Average,16951,Average,Average,19861,Average,Higher,0,Unknown,Unknown
Hospital 956,Warner Robins,Private,3,Above,Above,Below,Below,Same,Below,Below,22419,Average,Average,15443,Average,Lower,17808,Average,Average,23903,Average,Higher
Hospital 957,Baxley,Government,4,None,None,Above,None,Same,Same,Same,0,Unknown,Unknown,0,Unknown,Unknown,15012,Average,Lower,0,Unknown,Unknown
Hospital 958,Fitzgerald,Government,3,Same,None,Same,Same,Below,Above,Same,0,Unknown,Unknown,0,Unknown,Unknown,16205,Average,Average,0,Unknown,Unknown
Hospital 959,Athens,Unknown,3,Same,Below,Above,Same,Same,Same,Same,20859,Average,Lower,15303,Average,Lower,16710,Average,Average,20954,Average,Average
Hospital 960,Statesboro,Proprietary,2,Below,Above,Below,Below,Same,Same,Below,23998,Average,Average,14790,Average,Lower,16833,Worse,Average,26878,Average,Higher
Hospital 961,Decatur,Private,1,Below,Below,Below,Below,Below,Below,Same,22961,Average,Average,16049,Worse,Average,15878,Average,Lower,22835,Average,Higher
Hospital 962,Atlanta,Private,3,Above,Below,Above,Same,Below,Below,Same,23627,Average,Average,15749,Better,Average,16300,Average,Average,23042,Average,Higher
Hospital 963,Atlanta,Unknown,1,Same,Below,Below,Below,Below,Below,Same,23746,Average,Average,14165,Average,Lower,19326,Average,Higher,0,Unknown,Unknown
Hospital 964,Atlanta,Private,4,Above,Above,Below,Above,Below,Same,Same,23383,Average,Average,17314,Average,Average,16846,Average,Average,17698,Average,Lower
Hospital 965,Atlanta,Private,2,Above,Below,Below,Same,Same,Below,Below,23314,Average,Average,17302,Average,Average,17439,Average,Average,19609,Average,Lower
Hospital 966,Sandersville,Government,4,Same,None,Same,None,Same,Same,None,0,Unknown,Unknown,15244,Average,Average,17235,Average,Average,0,Unknown,Unknown
Hospital 967,Lawrenceville,Government,3,Same,Below,Above,Same,Same,Below,Same,23113,Average,Average,16370,Average,Average,16537,Average,Lower,19726,Average,Lower
Hospital 968,Douglas,Government,2,Same,Above,Below,Same,Same,Above,Same,0,Unknown,Unknown,16743,Average,Average,16006,Average,Lower,20897,Average,Average
Hospital 969,Conyers,Proprietary,2,Same,Below,Below,Below,Same,Below,Same,25537,Average,Average,15171,Average,Lower,16150,Average,Lower,24732,Average,Higher
Hospital 970,Eastman,Government,3,Same,None,Above,Same,Same,Same,None,0,Unknown,Unknown,16135,Average,Average,15252,Average,Lower,0,Unknown,Unknown
Hospital 971,Tifton,Government,3,Below,Above,Above,Same,Same,Below,Same,21630,Average,Lower,14885,Worse,Lower,15265,Average,Lower,18974,Average,Lower
Hospital 972,Louisville,Government,3,None,None,Same,None,Same,Above,None,0,Unknown,Unknown,0,Unknown,Unknown,14663,Average,Lower,0,Unknown,Unknown
Hospital 973,Adel,Proprietary,-1,None,None,Same,None,Same,None,None,0,Unknown,Unknown,0,Unknown,Unknown,12357,Average,Lower,0,Unknown,Unknown
Hospital 974,Cordele,Government,3,Same,Above,Below,Below,Same,Same,Same,23737,Average,Average,14605,Average,Lower,15870,Average,Lower,0,Unknown,Unknown
Hospital 975,Moultrie,Government,2,Same,Same,Below,Same,Same,Same,Same,23697,Average,Average,15045,Average,Lower,17580,Average,Average,21770,Average,Average
Hospital 976,Macon,Government,3,Below,Above,Above,Below,Same,Below,Above,21879,Average,Lower,17599,Average,Higher,17257,Average,Average,23807,Average,Higher
Hospital 977,Swainsboro,Government,4,Same,None,Same,Same,Same,Above,None,0,Unknown,Unknown,15319,Average,Average,17512,Average,Average,0,Unknown,Unknown
Hospital 978,Thomson,Government,3,None,Same,Same,None,Below,Same,None,0,Unknown,Unknown,0,Unknown,Unknown,15731,Average,Average,25023,Average,Higher
Hospital 979,Waynesboro,Proprietary,-1,None,None,None,None,Same,Same,None,0,Unknown,Unknown,0,Unknown,Unknown,14050,Average,Lower,0,Unknown,Unknown
Hospital 980,Atlanta,Proprietary,1,Same,Above,Below,Below,Same,Below,Same,24983,Average,Average,16974,Average,Average,19847,Average,Higher,23989,Average,Higher
Hospital 981,Cairo,Private,3,Same,None,Same,Same,Same,Above,None,0,Unknown,Unknown,13170,Average,Lower,15152,Average,Average,0,Unknown,Unknown
Hospital 982,Valdosta,Government,4,Same,Above,Above,Below,Below,Below,Below,26436,Average,Higher,15917,Average,Average,16536,Average,Average,21444,Average,Average
Hospital 983,Jesup,Government,3,Same,Same,Same,Same,Below,Same,Same,0,Unknown,Unknown,15921,Average,Average,15320,Average,Lower,18883,Average,Lower
Hospital 984,Dublin,Proprietary,4,Same,Above,Above,Same,Same,Above,Above,23640,Average,Average,16215,Average,Average,17444,Average,Average,19896,Average,Lower
Hospital 985,Vidalia,Proprietary,3,Same,Below,Above,Same,Same,Same,Below,23426,Average,Average,14523,Average,Lower,16943,Average,Average,23336,Average,Average
Hospital 986,Columbus,Private,3,Below,Below,Above,Below,Same,Below,Same,22844,Average,Average,16384,Average,Average,17863,Average,Average,23315,Average,Higher
Hospital 987,Ocilla,Government,-1,None,None,None,None,Same,Above,None,0,Unknown,Unknown,0,Unknown,Unknown,0,Unknown,Unknown,0,Unknown,Unknown
Hospital 988,Bainbridge,Government,2,Same,None,Above,Below,Same,Above,None,0,Unknown,Unknown,15830,Average,Average,11855,Average,Lower,0,Unknown,Unknown
Hospital 989,Hawkinsville,Private,3,Same,Same,Same,Same,Below,Above,Same,0,Unknown,Unknown,16411,Average,Average,16499,Average,Average,24323,Average,Higher
Hospital 990,Claxton,Government,4,Same,None,Above,Same,Same,Above,None,0,Unknown,Unknown,14909,Average,Average,14839,Average,Lower,0,Unknown,Unknown
Hospital 991,Austell,Unknown,3,Same,Below,Above,Below,Same,Below,Same,22645,Average,Average,16982,Average,Average,16746,Average,Average,21225,Average,Average
Hospital 992,Saint Marys,Government,3,Same,Same,Same,Same,Below,Same,Below,0,Unknown,Unknown,17106,Average,Average,16043,Average,Average,20336,Average,Average
Hospital 993,Milledgeville,Proprietary,3,Same,Same,Same,Below,Same,Below,Same,0,Unknown,Unknown,16664,Average,Average,16987,Average,Average,21435,Average,Average
Hospital 994,Perry,Private,4,Same,Above,Same,Same,Same,Same,None,23459,Average,Average,15650,Average,Average,15449,Average,Lower,21937,Average,Average
Hospital 995,Atlanta,Private,4,Same,Below,Above,Above,Same,Same,Below,22305,Average,Average,16670,Average,Average,17620,Average,Average,18427,Average,Lower
Hospital 996,Macon,Private,3,Same,Above,Below,Below,Same,Same,Same,24265,Average,Average,16265,Average,Average,16263,Worse,Lower,0,Unknown,Unknown
Hospital 997,Riverdale,Private,1,Same,Above,Below,Below,Same,Below,Same,23413,Average,Average,15736,Average,Average,19327,Average,Higher,22803,Average,Average
Hospital 998,Rome,Proprietary,4,Same,Above,Below,Below,Same,Above,Above,20578,Average,Lower,14737,Average,Lower,17573,Average,Average,21447,Average,Average
Hospital 999,Augusta,Proprietary,2,Same,Above,Below,Below,Same,Above,Same,23505,Average,Average,15311,Average,Average,18568,Average,Higher,21348,Average,Average
Hospital 1000,Douglasville,Private,3,Same,Above,Below,Same,Same,Below,Same,20725,Average,Lower,16680,Average,Average,17486,Average,Average,20289,Average,Lower
Hospital 1001,Dahlonega,Proprietary,2,Same,Same,Below,None,Same,Same,None,0,Unknown,Unknown,14592,Average,Average,14458,Average,Lower,19845,Average,Lower
Hospital 1002,Blue Ridge,Proprietary,2,Same,None,Below,Same,Same,Same,Same,0,Unknown,Unknown,16666,Average,Average,16793,Worse,Average,0,Unknown,Unknown
Hospital 1003,Montezuma,Private,-1,None,None,None,None,None,None,None,0,Unknown,Unknown,0,Unknown,Unknown,0,Unknown,Unknown,0,Unknown,Unknown
Hospital 1004,Stockbridge,Government,1,Below,Below,Below,Below,Below,Below,Same,23582,Average,Average,17129,Worse,Average,18701,Worse,Higher,21092,Average,Lower
Hospital 1005,Snellville,Proprietary,2,Same,Above,Same,Below,Same,Below,Same,22578,Average,Average,17354,Average,Average,18800,Average,Higher,22238,Average,Average
Hospital 1006,Donalsonville,Private,4,None,None,Above,Same,Below,Same,None,0,Unknown,Unknown,0,Unknown,Unknown,11570,Average,Lower,0,Unknown,Unknown
Hospital 1007,Roswell,Proprietary,1,Same,Above,Below,Below,Same,Below,Same,24540,Average,Average,16887,Average,Average,18406,Average,Average,21389,Average,Average
Hospital 1008,Columbus,Proprietary,5,None,Above,Same,Above,Same,None,None,0,Unknown,Unknown,0,Unknown,Unknown,0,Unknown,Unknown,21608,Average,Average
Hospital 1009,Macon,Proprietary,5,Same,Above,Above,Same,Same,Above,Same,0,Unknown,Unknown,14585,Average,Lower,15928,Average,Average,21474,Average,Average
Hospital 1010,Moultrie,Proprietary,-1,None,None,None,None,None,None,None,0,Unknown,Unknown,0,Unknown,Unknown,0,Unknown,Unknown,0,Unknown,Unknown
Hospital 1011,Fayetteville,Private,2,Same,Below,Below,Same,Same,Below,Same,24323,Average,Average,16354,Average,Average,18639,Average,Higher,19777,Average,Lower
Hospital 1012,Jasper,Unknown,4,Same,Above,Above,Same,Same,Below,Same,21132,Average,Lower,15057,Average,Average,16454,Average,Average,18195,Average,Lower
Hospital 1013,Lithonia,Government,1,Same,Same,Below,Below,Same,Below,Same,24211,Average,Average,15366,Average,Average,16195,Average,Average,0,Unknown,Unknown
Hospital 1014,Newnan,Private,2,Same,Below,Same,Same,Same,Below,Same,22742,Average,Average,15074,Average,Lower,18555,Average,Higher,20719,Average,Lower
Hospital 1015,Johns Creek,Proprietary,4,Above,Below,Above,Same,Same,Below,Above,22634,Average,Average,16030,Better,Average,16053,Average,Lower,20015,Average,Lower
Hospital 1016,Newnan,Proprietary,2,None,Below,None,Above,Below,None,None,0,Unknown,Unknown,0,Unknown,Unknown,0,Unknown,Unknown,0,Unknown,Unknown
Hospital 1017,Nashville,Government,-1,None,None,None,None,Same,Above,None,0,Unknown,Unknown,0,Unknown,Unknown,13818,Average,Lower,0,Unknown,Unknown
Hospital 1018,Fort Oglethorpe,Proprietary,-1,None,None,None,Same,Same,Same,None,0,Unknown,Unknown,0,Unknown,Unknown,0,Unknown,Unknown,0,Unknown,Unknown
Hospital 1019,Cuthbert,Government,-1,None,None,None,None,Same,Above,None,0,Unknown,Unknown,0,Unknown,Unknown,13905,Average,Lower,0,Unknown,Unknown
Hospital 1020,Cochran,Government,3,None,None,Same,None,Same,Same,None,0,Unknown,Unknown,0,Unknown,Unknown,17209,Average,Average,0,Unknown,Unknown
Hospital 1021,Monticello,Government,-1,None,None,None,None,Same,Same,None,0,Unknown,Unknown,0,Unknown,Unknown,0,Unknown,Unknown,0,Unknown,Unknown
Hospital 1022,Madison,Government,-1,None,None,None,None,Same,Above,None,0,Unknown,Unknown,0,Unknown,Unknown,17293,Average,Average,0,Unknown,Unknown
Hospital 1023,Colquitt,Government,3,None,None,Same,None,Same,Above,None,0,Unknown,Unknown,16795,Unknown,Unknown,18809,Average,Average,0,Unknown,Unknown
Hospital 1024,Springfield,Government,4,None,None,Same,None,Same,Same,Below,0,Unknown,Unknown,0,Unknown,Unknown,17199,Average,Average,0,Unknown,Unknown
Hospital 1025,Homerville,Government,-1,None,None,None,None,Same,Same,None,0,Unknown,Unknown,0,Unknown,Unknown,0,Unknown,Unknown,0,Unknown,Unknown
Hospital 1026,Byron,Government,3,Same,None,Same,Same,Same,Below,Same,0,Unknown,Unknown,14024,Average,Lower,16439,Average,Average,0,Unknown,Unknown
Hospital 1027,Millen,Proprietary,-1,None,None,None,None,Same,Above,None,0,Unknown,Unknown,0,Unknown,Unknown,0,Unknown,Unknown,0,Unknown,Unknown
Hospital 1028,Sylvania,Proprietary,3,None,None,Same,None,Same,Above,None,0,Unknown,Unknown,0,Unknown,Unknown,17137,Average,Average,0,Unknown,Unknown
Hospital 1029,Eatonton,Government,4,Same,None,Above,None,Same,Same,Same,0,Unknown,Unknown,15845,Average,Average,15596,Average,Average,0,Unknown,Unknown
Hospital 1030,Blakely,Private,-1,None,None,None,None,None,Above,None,0,Unknown,Unknown,0,Unknown,Unknown,19440,Average,Average,0,Unknown,Unknown
Hospital 1031,Warm Springs,Unknown,-1,None,None,None,None,Same,Same,None,0,Unknown,Unknown,0,Unknown,Unknown,0,Unknown,Unknown,0,Unknown,Unknown
Hospital 1032,Forsyth,Government,3,None,None,Same,None,Same,Same,None,0,Unknown,Unknown,0,Unknown,Unknown,16723,Average,Average,0,Unknown,Unknown
Hospital 1033,Jackson,Government,-1,None,None,None,None,None,None,None,0,Unknown,Unknown,0,Unknown,Unknown,0,Unknown,Unknown,0,Unknown,Unknown
Hospital 1034,Bremen,Government,4,None,None,Same,Above,Same,Above,Same,0,Unknown,Unknown,0,Unknown,Unknown,20107,Average,Higher,0,Unknown,Unknown
Hospital 1035,Reidsville,Proprietary,-1,None,None,None,Above,Same,Same,Same,0,Unknown,Unknown,0,Unknown,Unknown,0,Unknown,Unknown,42546,Average,Higher
Hospital 1036,Hiawassee,Government,5,Same,None,Above,None,Same,Above,Same,0,Unknown,Unknown,15722,Average,Average,14726,Average,Lower,0,Unknown,Unknown
Hospital 1037,Washington,Government,4,Same,None,Above,None,Same,Above,None,0,Unknown,Unknown,16667,Average,Average,17666,Average,Average,0,Unknown,Unknown
Hospital 1038,Lakeland,Government,-1,None,None,None,None,Same,Same,None,0,Unknown,Unknown,0,Unknown,Unknown,14811,Average,Average,0,Unknown,Unknown
Hospital 1039,Alma,Unknown,4,Same,None,Same,Above,Same,Same,Same,0,Unknown,Unknown,16830,Average,Average,13923,Average,Lower,0,Unknown,Unknown
Hospital 1040,Sylvester,Private,-1,None,None,None,None,None,Above,None,0,Unknown,Unknown,0,Unknown,Unknown,0,Unknown,Unknown,0,Unknown,Unknown
Hospital 1041,Greensboro,Proprietary,3,Same,None,Same,Same,Same,Above,Same,0,Unknown,Unknown,16641,Average,Average,16726,Average,Average,22541,Average,Average
Hospital 1042,Cedartown,Private,-1,None,None,None,Above,Same,Above,None,0,Unknown,Unknown,0,Unknown,Unknown,0,Unknown,Unknown,0,Unknown,Unknown
Hospital 1043,Camilla,Government,-1,None,None,None,None,Same,Same,Same,0,Unknown,Unknown,0,Unknown,Unknown,0,Unknown,Unknown,0,Unknown,Unknown
Hospital 1044,Quitman,Government,-1,None,None,None,None,None,Same,None,0,Unknown,Unknown,0,Unknown,Unknown,0,Unknown,Unknown,0,Unknown,Unknown
Hospital 1045,Hazlehurst,Government,2,Same,None,Same,None,Below,Below,Same,0,Unknown,Unknown,16244,Average,Average,16035,Average,Average,0,Unknown,Unknown
Hospital 1046,Metter,Government,3,None,None,Same,Same,Same,Same,None,0,Unknown,Unknown,0,Unknown,Unknown,15871,Average,Average,0,Unknown,Unknown
Hospital 1047,Hinesville,Government,3,Same,None,Above,Same,Below,Same,Same,0,Unknown,Unknown,14157,Average,Lower,18000,Average,Average,0,Unknown,Unknown
Hospital 1048,Clayton,Proprietary,-1,None,None,Same,None,None,None,None,0,Unknown,Unknown,0,Unknown,Unknown,16725,Average,Average,0,Unknown,Unknown
Hospital 1049,Atlanta,Unknown,-1,None,None,None,None,None,None,None,0,Unknown,Unknown,0,Unknown,Unknown,0,Unknown,Unknown,0,Unknown,Unknown
Hospital 1050,Atlanta,Unknown,-1,None,None,None,None,None,None,None,0,Unknown,Unknown,0,Unknown,Unknown,0,Unknown,Unknown,0,Unknown,Unknown
Hospital 1051,Honolulu,Private,5,Same,Above,Above,Above,Same,Below,Same,20433,Average,Lower,15552,Average,Lower,17237,Average,Average,19597,Average,Lower
Hospital 1052,Wailuku,Government,3,Same,Above,Above,Below,Below,Below,Above,21048,Average,Lower,14862,Average,Lower,15330,Average,Lower,0,Unknown,Unknown
Hospital 1053,Wahiawa,Private,3,Same,None,Above,Below,Same,Same,Same,21484,Average,Average,15444,Average,Average,15367,Average,Lower,0,Unknown,Unknown
Hospital 1054,Hilo,Government,4,Same,Above,Above,Same,Above,Below,Below,22375,Average,Average,14741,Average,Lower,15878,Average,Lower,18536,Average,Lower
Hospital 1055,Kailua,Church,4,Same,Same,Above,Above,Same,Same,Same,21435,Average,Lower,16349,Average,Average,16666,Average,Average,17861,Average,Lower
Hospital 1056,Honolulu,Private,3,Same,Same,Above,Below,Same,Same,Same,23313,Average,Average,15907,Average,Average,18377,Average,Average,27163,Average,Higher
Hospital 1057,Honolulu,Private,4,None,Above,Same,Above,Above,None,None,0,Unknown,Unknown,15802,Average,Average,15486,Average,Average,16724,Average,Lower
Hospital 1058,Lihue,Government,4,Same,Above,Above,Same,Same,Same,Same,22825,Average,Average,13943,Average,Lower,15166,Average,Lower,17658,Average,Lower
Hospital 1059,Kealakekua,Government,2,Same,Above,Below,Below,Same,Below,Same,0,Unknown,Unknown,15492,Average,Average,16882,Average,Average,0,Unknown,Unknown
Hospital 1060,Honolulu,Proprietary,5,Same,Above,Above,Above,Same,Same,Same,21057,Average,Lower,15513,Average,Average,18374,Average,Average,19787,Average,Lower
Hospital 1061,Aiea,Proprietary,5,Same,Above,Above,Above,Above,Same,Same,23902,Average,Average,15173,Average,Lower,17242,Average,Average,0,Unknown,Unknown
Hospital 1062,Kamuela,Private,4,Same,Same,Above,Same,Same,Same,Same,0,Unknown,Unknown,15720,Average,Average,15763,Average,Average,22175,Average,Average
Hospital 1063,Waimea,Government,3,None,None,Same,None,Same,Same,None,0,Unknown,Unknown,0,Unknown,Unknown,19101,Average,Average,0,Unknown,Unknown
Hospital 1064,Pahala,Government,-1,None,None,None,None,None,Same,None,0,Unknown,Unknown,0,Unknown,Unknown,0,Unknown,Unknown,0,Unknown,Unknown
Hospital 1065,Kapaau,Government,-1,None,None,None,None,None,None,None,0,Unknown,Unknown,0,Unknown,Unknown,0,Unknown,Unknown,0,Unknown,Unknown
Hospital 1066,Kaunakakai,Private,-1,None,None,None,None,None,None,None,0,Unknown,Unknown,0,Unknown,Unknown,0,Unknown,Unknown,0,Unknown,Unknown
Hospital 1067,Kahuku,Unknown,-1,None,None,None,None,Same,Above,None,0,Unknown,Unknown,0,Unknown,Unknown,0,Unknown,Unknown,0,Unknown,Unknown
Hospital 1068,Lanai City,Government,-1,None,None,None,None,None,None,None,0,Unknown,Unknown,0,Unknown,Unknown,0,Unknown,Unknown,0,Unknown,Unknown
Hospital 1069,Kapaa,Government,-1,None,None,None,None,Same,Above,None,0,Unknown,Unknown,0,Unknown,Unknown,0,Unknown,Unknown,0,Unknown,Unknown
Hospital 1070,Honokaa,Government,-1,None,None,None,None,None,None,None,0,Unknown,Unknown,0,Unknown,Unknown,0,Unknown,Unknown,0,Unknown,Unknown
Hospital 1071,Kula,Government,-1,None,None,None,None,None,None,None,0,Unknown,Unknown,0,Unknown,Unknown,0,Unknown,Unknown,0,Unknown,Unknown
Hospital 1072,Honolulu,Private,-1,None,None,None,None,None,None,None,0,Unknown,Unknown,0,Unknown,Unknown,0,Unknown,Unknown,0,Unknown,Unknown
Hospital 1073,Honolulu,Private,-1,None,None,None,None,None,None,None,0,Unknown,Unknown,0,Unknown,Unknown,0,Unknown,Unknown,0,Unknown,Unknown
Hospital 1074,Twin Falls,Private,5,Same,Above,Above,Same,Same,Same,Same,24566,Average,Average,16452,Average,Average,17527,Average,Average,21294,Average,Average
Hospital 1075,Lewiston,Private,3,Below,Below,Above,Same,Same,Above,Same,21853,Average,Average,15235,Worse,Lower,16750,Worse,Average,20113,Average,Lower
Hospital 1076,Boise,Private,5,Same,Above,Above,Above,Same,Same,Same,19680,Average,Lower,14739,Average,Lower,17557,Average,Average,18213,Better,Lower
Hospital 1077,Boise,Church,4,Same,Above,Above,Below,Above,Same,Above,22465,Average,Average,15712,Average,Average,16735,Average,Average,18840,Average,Lower
Hospital 1078,Nampa,Church,4,Same,Above,Above,Same,Same,Same,Same,21219,Average,Lower,15062,Average,Average,17922,Average,Average,18710,Average,Lower
Hospital 1079,Caldwell,Proprietary,4,Same,Above,Same,Same,Same,Above,Same,22910,Average,Average,15917,Average,Average,17223,Average,Average,20171,Average,Lower
Hospital 1080,Idaho Falls,Proprietary,4,Below,Above,Above,Below,Same,Above,Above,23483,Average,Average,15543,Average,Average,16915,Average,Average,22461,Average,Average
Hospital 1081,Rexburg,Government,4,Same,Above,Above,Same,Same,Above,Same,0,Unknown,Unknown,15159,Average,Average,14290,Average,Lower,21544,Average,Average
Hospital 1082,Pocatello,Proprietary,4,Same,Above,Above,Same,Same,Above,Same,24908,Average,Average,15548,Average,Average,17766,Average,Average,20944,Average,Lower
Hospital 1083,Coeur D'alene,Government,4,Below,Above,Above,Above,Same,Same,Same,23444,Average,Average,17217,Worse,Average,16995,Average,Average,20180,Better,Lower
Hospital 1084,Boise,Proprietary,-1,None,None,None,Above,None,None,None,0,Unknown,Unknown,0,Unknown,Unknown,0,Unknown,Unknown,0,Unknown,Unknown
Hospital 1085,Idaho Falls,Unknown,5,None,Above,Above,Above,Same,None,Same,0,Unknown,Unknown,0,Unknown,Unknown,0,Unknown,Unknown,21732,Average,Average
Hospital 1086,Post Falls,Proprietary,5,None,None,Above,Above,Same,None,Same,0,Unknown,Unknown,0,Unknown,Unknown,0,Unknown,Unknown,19888,Average,Lower
Hospital 1087,Blackfoot,Proprietary,-1,None,None,None,None,None,None,None,0,Unknown,Unknown,0,Unknown,Unknown,0,Unknown,Unknown,0,Unknown,Unknown
Hospital 1088,Nampa,Private,-1,None,None,None,None,Same,Same,None,0,Unknown,Unknown,0,Unknown,Unknown,0,Unknown,Unknown,0,Unknown,Unknown
Hospital 1089,Bonners Ferry,Unknown,-1,None,None,None,None,None,None,None,0,Unknown,Unknown,0,Unknown,Unknown,15490,Average,Average,0,Unknown,Unknown
Hospital 1090,Gooding,Private,5,Same,None,Above,Above,Same,Above,None,0,Unknown,Unknown,21069,Average,Higher,18558,Average,Average,0,Unknown,Unknown
Hospital 1091,Malad,Government,-1,None,None,None,None,Same,Same,None,0,Unknown,Unknown,0,Unknown,Unknown,20444,Average,Higher,0,Unknown,Unknown
Hospital 1092,American Falls,Government,-1,None,None,None,None,None,None,None,0,Unknown,Unknown,0,Unknown,Unknown,0,Unknown,Unknown,0,Unknown,Unknown
Hospital 1093,Salmon,Government,4,None,None,Above,Above,None,Same,Same,0,Unknown,Unknown,0,Unknown,Unknown,15463,Average,Average,18510,Average,Lower
Hospital 1094,Weiser,Government,3,None,None,Same,None,Same,Above,Same,0,Unknown,Unknown,0,Unknown,Unknown,19050,Average,Average,22746,Average,Average
Hospital 1095,Cascade,Government,-1,None,None,None,None,None,None,None,0,Unknown,Unknown,0,Unknown,Unknown,0,Unknown,Unknown,0,Unknown,Unknown
Hospital 1096,Soda Springs,Government,-1,None,None,None,None,None,None,None,0,Unknown,Unknown,0,Unknown,Unknown,0,Unknown,Unknown,0,Unknown,Unknown
Hospital 1097,Jerome,Private,-1,None,None,None,None,None,None,None,0,Unknown,Unknown,0,Unknown,Unknown,18572,Average,Average,0,Unknown,Unknown
Hospital 1098,Mountain Home,Private,2,Same,None,Same,Below,None,None,None,0,Unknown,Unknown,16834,Average,Average,18144,Average,Average,0,Unknown,Unknown
Hospital 1099,Mc Call,Private,-1,None,None,Above,Above,None,None,None,0,Unknown,Unknown,0,Unknown,Unknown,16390,Average,Average,19917,Average,Lower
Hospital 1100,Driggs,Private,-1,None,None,None,None,Same,Same,None,0,Unknown,Unknown,0,Unknown,Unknown,0,Unknown,Unknown,0,Unknown,Unknown
Hospital 1101,Kellogg,Government,-1,Same,None,Above,None,None,None,None,0,Unknown,Unknown,0,Unknown,Unknown,17884,Average,Average,0,Unknown,Unknown
Hospital 1102,Grangeville,Government,2,Same,None,Below,None,Same,Above,None,0,Unknown,Unknown,16076,Average,Average,16088,Average,Average,0,Unknown,Unknown
Hospital 1103,Montpelier,Government,3,None,None,Same,None,Same,Above,None,0,Unknown,Unknown,0,Unknown,Unknown,18414,Average,Average,23442,Average,Average
Hospital 1104,St Maries,Government,3,None,None,Same,None,Same,Same,Same,0,Unknown,Unknown,0,Unknown,Unknown,12844,Average,Lower,26736,Average,Higher
Hospital 1105,Emmett,Government,-1,None,None,None,None,Same,Same,Same,0,Unknown,Unknown,0,Unknown,Unknown,20077,Average,Average,0,Unknown,Unknown
Hospital 1106,Rupert,Government,-1,None,None,Above,Above,None,None,None,0,Unknown,Unknown,0,Unknown,Unknown,14111,Average,Lower,19369,Average,Lower
Hospital 1107,Orofino,Private,2,Same,None,Below,Same,None,None,None,0,Unknown,Unknown,17800,Average,Average,14960,Average,Lower,0,Unknown,Unknown
Hospital 1108,Cottonwood,Private,4,Same,None,Same,Above,None,None,None,0,Unknown,Unknown,18587,Average,Average,15902,Average,Average,0,Unknown,Unknown
Hospital 1109,Preston,Government,-1,None,None,Same,Above,None,None,None,0,Unknown,Unknown,14759,Average,Average,13887,Average,Lower,23143,Average,Average
Hospital 1110,Ketchum,Private,-1,None,None,Same,Above,None,None,None,0,Unknown,Unknown,0,Unknown,Unknown,17578,Average,Average,20373,Average,Lower
Hospital 1111,Arco,Government,-1,None,None,None,None,None,None,None,0,Unknown,Unknown,0,Unknown,Unknown,0,Unknown,Unknown,0,Unknown,Unknown
Hospital 1112,Blackfoot,Private,3,Same,None,Above,Same,Same,None,None,0,Unknown,Unknown,14802,Average,Average,13409,Average,Lower,21017,Average,Average
Hospital 1113,Burley,Private,4,Same,None,Same,Above,Same,Same,Same,0,Unknown,Unknown,14870,Average,Average,15797,Average,Average,20515,Average,Average
Hospital 1114,Moscow,Private,4,Same,None,Above,Above,Same,None,None,0,Unknown,Unknown,17491,Average,Average,16902,Average,Average,20621,Average,Average
Hospital 1115,Sandpoint,Private,3,Same,None,Above,Same,Same,Above,Same,0,Unknown,Unknown,17158,Average,Average,15898,Average,Average,20693,Average,Average
Hospital 1116,Canton,Unknown,3,Same,Above,Above,Same,Same,Above,Same,0,Unknown,Unknown,15934,Average,Average,15541,Average,Lower,21620,Average,Average
Hospital 1117,Alton,Private,1,Below,Below,Below,Same,Below,Above,Same,23266,Average,Average,15206,Worse,Lower,17180,Average,Average,19007,Average,Lower
Hospital 1118,Joliet,Church,1,Same,Below,Below,Below,Below,Below,Same,24546,Average,Average,17894,Average,Higher,19600,Average,Higher,23325,Average,Higher
Hospital 1119,Melrose Park,Private,4,Same,Above,Above,Below,Same,Same,Same,24951,Average,Average,17986,Average,Higher,16879,Average,Average,22795,Average,Average
Hospital 1120,Evanston,Unknown,4,Above,Above,Below,Above,Same,Same,Same,23366,Better,Average,17651,Better,Higher,16896,Better,Lower,23943,Average,Higher
Hospital 1121,Herrin,Private,1,Same,Same,Below,Same,Same,Same,Below,25333,Average,Average,17064,Average,Average,16377,Average,Lower,20235,Average,Lower
Hospital 1122,Dixon,Private,4,Same,Above,Above,Above,Same,Above,Same,23849,Average,Average,15802,Worse,Average,16065,Average,Lower,21441,Average,Average
Hospital 1123,Peoria,Private,3,Below,Above,Above,Below,Same,Above,Same,21585,Average,Average,16330,Average,Average,16534,Worse,Average,20250,Average,Lower
Hospital 1124,Quincy,Private,3,Same,Above,Same,Same,Same,Same,Same,25711,Average,Higher,15375,Average,Lower,15529,Average,Lower,22189,Average,Average
Hospital 1125,Chicago,Private,1,Same,Below,Below,Below,Same,Below,Same,22769,Average,Average,15130,Average,Average,18469,Average,Average,0,Unknown,Unknown
Hospital 1126,Shelbyville,Private,3,Same,None,Below,None,Same,Above,Same,0,Unknown,Unknown,16951,Average,Average,15827,Average,Average,0,Unknown,Unknown
Hospital 1127,Aurora,Private,4,Same,Above,Below,Above,Same,Same,Above,24764,Average,Average,16808,Average,Average,17500,Average,Average,20882,Average,Lower
Hospital 1128,Elgin,Private,5,Above,Above,Above,Above,Same,Above,Same,25573,Average,Average,17580,Average,Higher,17694,Better,Average,21708,Average,Average
Hospital 1129,Effingham,Church,3,Same,Below,Same,Above,Same,Above,Same,22882,Average,Average,15205,Average,Lower,16842,Worse,Average,19701,Average,Lower
Hospital 1130,Waukegan,Proprietary,-1,None,None,None,None,Same,Same,None,0,Unknown,Unknown,0,Unknown,Unknown,0,Unknown,Unknown,0,Unknown,Unknown
Hospital 1131,Centralia,Church,5,Above,Above,Below,Above,Same,Same,Same,26595,Average,Average,15396,Average,Average,16161,Better,Lower,0,Unknown,Unknown
Hospital 1132,Galesburg,Proprietary,3,Same,Same,Same,Same,Above,Above,Same,0,Unknown,Unknown,15857,Average,Average,19386,Average,Higher,19504,Average,Lower
Hospital 1133,Sterling,Government,4,Same,Above,Below,Above,Same,Above,Same,25889,Average,Average,16126,Average,Average,16041,Average,Lower,22872,Average,Average
Hospital 1134,Mount Vernon,Private,2,Same,Below,Below,Same,Same,Same,Below,26012,Average,Higher,15488,Average,Average,17083,Average,Average,27442,Average,Higher
Hospital 1135,Chicago,Unknown,3,Above,Below,Above,Below,Same,Below,Same,23382,Average,Average,15485,Average,Average,20545,Average,Higher,24926,Average,Higher
Hospital 1136,Oak Park,Unknown,4,Above,Above,Below,Below,Same,Below,Same,25505,Average,Average,15708,Average,Average,18404,Average,Average,22486,Average,Average
Hospital 1137,Alton,Church,3,Same,Above,Above,Same,Same,Same,Same,23960,Average,Average,16960,Average,Average,16469,Average,Average,23363,Average,Average
Hospital 1138,Springfield,Church,3,Below,Above,Above,Same,Same,Below,Same,23661,Average,Average,17722,Worse,Higher,18184,Average,Average,19854,Average,Lower
Hospital 1139,Berwyn,Proprietary,2,Same,Below,Same,Below,Same,Below,Same,26174,Average,Higher,17712,Average,Average,18616,Worse,Higher,24365,Average,Higher
Hospital 1140,Jacksonville,Private,4,Same,Above,Above,Same,Same,Same,Same,0,Unknown,Unknown,15496,Average,Average,16853,Average,Average,19192,Average,Lower
Hospital 1141,Jerseyville,Government,4,Same,None,Above,Above,Same,Same,Same,0,Unknown,Unknown,16954,Average,Average,16862,Average,Average,23549,Average,Average
Hospital 1142,Palos Heights,Private,4,Above,Below,Below,Same,Same,Same,Above,24264,Average,Average,16978,Better,Average,17449,Better,Average,21977,Average,Average
Hospital 1143,Oak Park,Church,4,Above,Above,Same,Same,Same,Above,Same,22747,Average,Average,15271,Average,Lower,17442,Average,Average,23105,Average,Average
Hospital 1144,Galesburg,Church,3,Below,Above,Same,Above,Same,Same,Same,23444,Average,Average,16356,Average,Average,18127,Worse,Average,23489,Average,Average
Hospital 1145,La Grange,Church,4,Same,Above,Same,Above,Same,Above,Same,23367,Average,Average,17458,Average,Average,18548,Average,Higher,25001,Average,Higher
Hospital 1146,Peoria,Church,2,Below,Below,Below,Same,Same,Below,Above,21801,Average,Lower,16041,Average,Average,19108,Worse,Higher,19238,Average,Lower
Hospital 1147,Chicago,Unknown,1,Same,None,Below,Below,Below,Below,None,0,Unknown,Unknown,15753,Average,Average,18511,Average,Average,0,Unknown,Unknown
Hospital 1148,Centreville,Private,3,None,None,Same,None,Same,Below,None,0,Unknown,Unknown,15995,Average,Average,16051,Average,Average,0,Unknown,Unknown
Hospital 1149,Evanston,Church,2,Same,Below,Below,Below,Same,Same,Same,25236,Average,Average,18226,Average,Higher,19283,Average,Higher,29137,Average,Higher
Hospital 1150,Chicago,Proprietary,1,Same,Below,Below,Below,Same,Above,Same,24544,Average,Average,17376,Average,Average,21006,Average,Higher,25358,Worse,Higher
Hospital 1151,Chicago,Unknown,2,Same,Below,Below,None,Same,Below,None,0,Unknown,Unknown,16820,Average,Average,21765,Average,Higher,0,Unknown,Unknown
Hospital 1152,Waukegan,Unknown,2,Same,Below,Below,Below,Same,Below,Same,23392,Average,Average,17763,Average,Higher,18871,Average,Higher,21196,Average,Average
Hospital 1153,Chicago,Private,2,Same,Below,Below,Same,Same,Below,Same,26819,Average,Higher,17857,Average,Higher,19282,Average,Higher,22780,Average,Average
Hospital 1154,Macomb,Government,2,Same,Below,Same,Below,Same,Same,Below,0,Unknown,Unknown,14544,Average,Lower,15838,Average,Lower,20827,Average,Average
Hospital 1155,Urbana,Private,3,Same,Above,Below,Above,Above,Same,Same,23687,Average,Average,16978,Average,Average,17301,Better,Average,21016,Average,Lower
Hospital 1156,Danville,Church,2,Above,Same,Below,Below,Same,Same,Same,23437,Average,Average,15982,Average,Average,18475,Average,Average,23574,Average,Average
Hospital 1157,Chicago,Private,2,Same,Above,Below,Below,Same,Below,Same,0,Unknown,Unknown,15641,Average,Average,18239,Average,Average,23478,Average,Average
Hospital 1158,Zion,Proprietary,5,None,Above,None,Above,Same,Same,None,0,Unknown,Unknown,0,Unknown,Unknown,0,Unknown,Unknown,0,Unknown,Unknown
Hospital 1159,Morris,Private,3,Below,Above,Below,Above,Same,Above,Same,25423,Average,Average,17319,Average,Average,18773,Worse,Higher,20559,Average,Lower
Hospital 1160,Chicago,Private,1,Same,Above,Below,Below,Same,Below,None,0,Unknown,Unknown,16780,Average,Average,20406,Average,Higher,0,Unknown,Unknown
Hospital 1161,Ottawa,Private,4,Same,None,Above,Same,Same,Above,Same,24045,Average,Average,16487,Average,Average,16651,Average,Average,0,Unknown,Unknown
Hospital 1162,Urbana,Church,2,Same,Above,Below,Same,Same,Same,Same,22836,Average,Average,16266,Average,Average,17602,Average,Average,19979,Average,Lower
Hospital 1163,Chicago,Church,3,Above,Below,Below,Below,Same,Same,Below,24285,Average,Average,18103,Average,Higher,18356,Average,Average,23975,Average,Higher
Hospital 1164,Chicago,Private,2,Same,None,Below,Below,Same,Above,Same,0,Unknown,Unknown,17504,Average,Average,19762,Average,Higher,0,Unknown,Unknown
Hospital 1165,Mchenry,Unknown,5,Above,Above,Above,Below,Same,Below,Same,25535,Average,Higher,16824,Average,Average,18171,Better,Average,21520,Average,Average
Hospital 1166,Chicago,Church,3,Above,Above,Below,Below,Same,Above,Same,27242,Better,Higher,21122,Average,Higher,20325,Average,Higher,26536,Average,Higher
Hospital 1167,Blue Island,Proprietary,2,Same,Same,Below,Below,Same,Below,Same,24426,Average,Average,15220,Average,Lower,18239,Average,Average,24246,Average,Higher
Hospital 1168,Chicago,Private,4,Above,Above,Below,Above,Same,Below,Same,24162,Average,Average,17412,Better,Average,15905,Better,Lower,20367,Average,Lower
Hospital 1169,Pekin,Private,3,Same,Below,Below,Same,Same,Above,Same,23510,Average,Average,15329,Average,Average,15133,Average,Lower,21362,Average,Average
Hospital 1170,Hinsdale,Private,5,Above,Above,Above,Above,Same,Same,Below,22963,Average,Average,18200,Average,Higher,17406,Average,Average,21803,Average,Average
Hospital 1171,Chicago,Government,1,Same,Below,Below,Below,Below,Below,Same,22512,Average,Average,12331,Average,Lower,17248,Average,Average,0,Unknown,Unknown
Hospital 1172,Granite City,Proprietary,2,Same,Same,Below,Same,Same,Above,Below,24256,Average,Average,16598,Average,Average,16722,Average,Average,19698,Average,Lower
Hospital 1173,Normal,Church,4,Same,Below,Above,Above,Same,Same,Same,21730,Average,Average,16470,Average,Average,18517,Average,Average,19027,Average,Lower
Hospital 1174,Lake Forest,Unknown,3,Above,Below,Above,Above,Same,Same,Below,25092,Average,Average,17806,Better,Average,16922,Average,Average,21981,Average,Average
Hospital 1175,Chicago,Private,2,Same,Above,Below,Below,Same,Below,Same,24184,Average,Average,18236,Average,Higher,20008,Average,Higher,29284,Average,Higher
Hospital 1176,Decatur,Unknown,3,Same,Above,Below,Below,Same,Same,Same,23262,Average,Average,14908,Average,Lower,16206,Average,Lower,20413,Average,Lower
Hospital 1177,Greenville,Private,3,Same,None,Same,Same,Below,Above,None,0,Unknown,Unknown,16913,Average,Average,16531,Average,Average,0,Unknown,Unknown
Hospital 1178,Spring Valley,Private,3,Same,Below,Same,Above,Above,Above,Same,0,Unknown,Unknown,17735,Average,Average,17626,Average,Average,21034,Average,Average
Hospital 1179,Breese,Church,4,Same,None,Above,Above,Same,Same,Same,0,Unknown,Unknown,16410,Average,Average,16959,Average,Average,0,Unknown,Unknown
Hospital 1180,Olney,Private,3,Same,None,Below,Above,Same,Above,Same,0,Unknown,Unknown,15043,Average,Lower,16783,Average,Average,0,Unknown,Unknown
Hospital 1181,Springfield,Private,2,Below,Below,Below,Above,Same,Below,Above,23636,Average,Average,16351,Worse,Average,17761,Worse,Average,19978,Average,Lower
Hospital 1182,Chicago,Government,1,Same,Below,Below,Same,Same,Below,Same,23050,Average,Average,16186,Average,Average,17162,Average,Average,20668,Average,Average
Hospital 1183,Kankakee,Private,2,Same,Below,Below,Same,Same,Same,Below,23017,Average,Average,17991,Average,Average,16462,Average,Average,20685,Average,Lower
Hospital 1184,Chicago,Private,1,Above,Below,Below,Below,Same,Below,Same,22765,Average,Average,15962,Average,Average,17680,Average,Average,23103,Average,Average
Hospital 1185,Freeport,Private,3,Same,Above,Below,Same,Same,Above,Same,23207,Average,Average,15407,Average,Average,16067,Average,Lower,20666,Average,Lower
Hospital 1186,Pontiac,Church,4,Same,Above,Above,Above,Same,Above,Same,0,Unknown,Unknown,15787,Average,Average,17173,Average,Average,22145,Average,Average
Hospital 1187,Bloomington,Church,4,Same,Above,Above,Above,Same,Same,Same,22324,Average,Average,14863,Average,Lower,16444,Average,Average,20098,Average,Lower
Hospital 1188,Carbondale,Private,1,Same,Same,Below,Same,Same,Same,Below,24606,Average,Average,17434,Average,Average,17494,Average,Average,21226,Average,Average
Hospital 1189,Decatur,Private,3,Same,Above,Below,Below,Same,Below,Same,20962,Average,Lower,17094,Average,Average,18100,Average,Average,19931,Average,Lower
Hospital 1190,Watseka,Private,3,Same,None,Same,None,Same,Above,Same,23969,Average,Average,15891,Average,Average,18051,Average,Average,20731,Average,Average
Hospital 1191,Olympia Fields,Church,1,Same,Below,Below,Below,Same,Below,Same,23788,Average,Average,17313,Average,Average,18872,Average,Higher,27900,Average,Higher
Hospital 1192,Aurora,Church,4,Same,Above,Above,Same,Same,Same,Above,24320,Average,Average,16524,Average,Average,18573,Average,Average,19300,Average,Lower
Hospital 1193,Woodstock,Private,-1,None,None,None,None,None,None,None,0,Unknown,Unknown,0,Unknown,Unknown,0,Unknown,Unknown,0,Unknown,Unknown
Hospital 1194,Chicago,Private,1,Same,Same,Below,Below,Below,Above,None,0,Unknown,Unknown,16233,Average,Average,21169,Average,Higher,0,Unknown,Unknown
Hospital 1195,Evergreen Park,Unknown,2,Above,Below,Below,Same,Same,Below,Same,25481,Average,Average,16809,Average,Average,18884,Average,Higher,22789,Average,Average
Hospital 1196,Chicago,Church,5,Above,Above,Above,Same,Same,Same,Below,22193,Average,Average,15850,Better,Average,18346,Average,Average,24744,Average,Higher
Hospital 1197,Chicago,Private,1,Same,Below,Same,Below,Below,Below,None,24237,Average,Average,17199,Average,Average,19114,Average,Average,0,Unknown,Unknown
Hospital 1198,Chicago,Church,3,Same,Below,Above,Same,Same,Same,Same,24136,Average,Average,16802,Average,Average,19765,Average,Higher,26205,Average,Higher
Hospital 1199,Marion,Proprietary,3,Same,Below,Above,Same,Above,Same,Same,23873,Average,Average,16492,Average,Average,17799,Average,Average,21825,Average,Average
Hospital 1200,Belleville,Private,2,Same,Below,Below,Above,Same,Same,Same,21806,Average,Lower,16197,Better,Average,19041,Worse,Higher,22287,Average,Average
Hospital 1201,Kankakee,Private,4,Above,Above,Below,Above,Same,Above,Same,25712,Average,Average,19680,Average,Higher,18624,Better,Higher,20483,Average,Lower
Hospital 1202,O Fallon,Church,3,Same,Below,Below,Same,Same,Same,Same,26062,Average,Higher,18043,Average,Higher,17327,Average,Average,22825,Average,Average
Hospital 1203,Mattoon,Private,3,Same,Below,Below,Above,Same,Same,Same,23528,Average,Average,15711,Average,Average,16440,Average,Lower,21601,Average,Average
Hospital 1204,Harvey,Private,3,Above,Below,Below,Below,Same,Below,Same,21875,Average,Lower,15459,Better,Lower,17593,Average,Average,21915,Average,Average
Hospital 1205,Chicago,Private,3,Same,None,Below,None,Same,Same,None,0,Unknown,Unknown,17084,Average,Average,17712,Average,Average,0,Unknown,Unknown
Hospital 1206,Elmhurst,Proprietary,4,Above,Below,Above,Above,Same,Same,Same,26785,Average,Higher,17114,Average,Average,18195,Average,Higher,22798,Average,Higher
Hospital 1207,Libertyville,Private,4,Same,Above,Above,Same,Same,Same,Above,23199,Average,Average,18362,Average,Higher,17596,Average,Average,23337,Average,Higher
Hospital 1208,Chicago,Private,1,Same,Below,Below,Below,Same,Below,None,23598,Average,Average,16466,Average,Average,21315,Average,Higher,0,Unknown,Unknown
Hospital 1209,Oak Lawn,Church,2,Above,Below,Below,Below,Same,Below,Above,25959,Average,Higher,18874,Better,Higher,18402,Better,Higher,23685,Average,Higher
Hospital 1210,Peoria,Private,4,Below,Above,Above,Above,Same,Below,Same,22118,Average,Average,16438,Worse,Average,18116,Average,Average,19449,Average,Lower
Hospital 1211,Harrisburg,Unknown,2,Same,None,Below,Same,Same,Above,Below,0,Unknown,Unknown,15248,Average,Average,15252,Average,Lower,0,Unknown,Unknown
Hospital 1212,Geneva,Private,5,Above,Above,Above,Above,Same,Same,Same,24361,Average,Average,17309,Average,Average,16785,Average,Average,19437,Average,Lower
Hospital 1213,New Lenox,Private,4,Above,Above,Below,Above,Below,Same,Above,25507,Average,Higher,17181,Average,Average,16721,Better,Average,22620,Average,Average
Hospital 1214,Elgin,Church,4,Same,Above,Above,Below,Same,Above,Same,28173,Average,Higher,19178,Average,Higher,20240,Average,Higher,22100,Average,Average
Hospital 1215,Park Ridge,Church,5,Above,Above,Above,Same,Same,Same,Above,26455,Average,Higher,18082,Average,Higher,19753,Better,Higher,23482,Average,Higher
Hospital 1216,Chicago,Church,4,Above,Above,Same,Below,Same,Same,Same,24452,Average,Average,17509,Better,Average,17669,Average,Average,23973,Average,Higher
Hospital 1217,Rockford,Unknown,2,Same,Below,Above,Same,Same,Same,Above,22899,Average,Average,15651,Average,Lower,15963,Worse,Lower,20383,Average,Lower
Hospital 1218,Naperville,Private,5,Above,Above,Above,Above,Same,Same,Same,26724,Average,Higher,17161,Better,Average,17570,Average,Average,22306,Average,Average
Hospital 1219,Rockford,Church,2,Same,Above,Below,Below,Same,Same,Same,25166,Average,Average,15942,Average,Average,17776,Average,Average,21467,Average,Average
Hospital 1220,Peru,Private,3,Same,Above,Below,Above,Same,Above,Same,23626,Average,Average,14983,Average,Lower,16598,Average,Average,18305,Average,Lower
Hospital 1221,Rockford,Private,3,Same,Same,Same,Below,Same,Above,Same,25283,Average,Average,16388,Average,Average,18092,Average,Average,19891,Average,Lower
Hospital 1222,Melrose Park,Unknown,3,Same,Same,Above,Below,Same,Same,Same,23696,Average,Average,18449,Average,Average,18755,Average,Average,0,Unknown,Unknown
Hospital 1223,Winfield,Private,5,Same,Same,Above,Above,Same,Same,Same,25779,Average,Average,17211,Average,Average,18331,Average,Higher,21789,Better,Average
Hospital 1224,Hazel Crest,Church,3,Same,Same,Above,Below,Same,Below,Same,25383,Average,Average,17338,Average,Average,18215,Average,Average,19944,Average,Lower
Hospital 1225,Chicago,Private,1,Same,Above,Below,Below,Same,Same,Same,23768,Average,Average,18292,Average,Higher,20143,Average,Higher,24978,Average,Higher
Hospital 1226,Arlington Heights,Private,3,Below,Below,Above,Same,Same,Above,Same,24446,Average,Average,17691,Average,Higher,19171,Average,Higher,24179,Average,Higher
Hospital 1227,Elk Grove Village,Church,4,Above,Same,Above,Below,Same,Same,Same,26573,Average,Higher,18733,Better,Higher,18993,Better,Higher,25686,Average,Higher
Hospital 1228,Silvis,Government,2,Same,Same,Above,Below,Same,Same,Same,25050,Average,Average,15494,Worse,Average,16336,Average,Average,19778,Average,Lower
Hospital 1229,Maywood,Private,2,Above,Below,Below,Same,Same,Below,Same,26713,Average,Higher,17753,Average,Higher,18319,Average,Average,24112,Average,Higher
Hospital 1230,Rock Island,Unknown,3,Below,Above,Above,Below,Same,Same,Above,22057,Average,Lower,16170,Average,Average,17387,Average,Average,18540,Average,Lower
Hospital 1231,Chicago,Private,3,Above,Below,Below,Above,Same,Below,Below,22066,Better,Average,15233,Better,Lower,16863,Better,Average,22022,Average,Average
Hospital 1232,Dekalb,Private,3,Same,Same,Above,Same,Same,Same,Same,23849,Average,Average,17797,Average,Average,16932,Average,Average,18765,Average,Lower
Hospital 1233,Downers Grove,Church,4,Above,Below,Above,Above,Same,Same,Above,26090,Average,Higher,19317,Better,Higher,18490,Better,Higher,23304,Average,Higher
Hospital 1234,Maryville,Private,3,Same,Same,Above,Above,Same,Same,Same,26488,Average,Higher,16547,Average,Average,16563,Average,Average,19357,Average,Lower
Hospital 1235,Hoffman Estates,Church,4,Above,Below,Above,Below,Same,Same,Same,25798,Average,Average,18468,Better,Higher,20106,Average,Higher,25672,Average,Higher
Hospital 1236,Barrington,Church,4,Above,Below,Above,Same,Same,Same,Same,25721,Average,Average,18121,Average,Higher,17954,Average,Average,21680,Average,Average
Hospital 1237,Glendale Heights,Unknown,2,Same,Same,Above,Below,Same,Above,Same,25752,Average,Average,17998,Average,Average,18378,Average,Average,0,Unknown,Unknown
Hospital 1238,Mount Vernon,Proprietary,3,Same,Same,Same,Same,Same,Same,None,0,Unknown,Unknown,14996,Average,Average,14952,Average,Lower,21629,Average,Average
Hospital 1239,Chicago,Government,-1,None,None,None,None,Same,Below,None,0,Unknown,Unknown,0,Unknown,Unknown,0,Unknown,Unknown,0,Unknown,Unknown
Hospital 1240,Bolingbrook,Private,2,Same,Below,Below,Same,Same,Above,Same,23003,Average,Average,17110,Average,Average,17805,Average,Average,29678,Average,Higher
Hospital 1241,Shiloh,Private,3,Same,Below,Below,Above,Same,Above,Same,23914,Average,Average,15931,Average,Average,16654,Average,Average,0,Unknown,Unknown
Hospital 1242,Carrollton,Private,-1,None,None,Same,None,None,None,None,0,Unknown,Unknown,0,Unknown,Unknown,21359,Average,Higher,0,Unknown,Unknown
Hospital 1243,Monticello,Private,-1,None,None,None,None,None,None,None,0,Unknown,Unknown,0,Unknown,Unknown,20747,Average,Higher,0,Unknown,Unknown
Hospital 1244,Galena,Private,-1,None,None,None,None,None,None,None,0,Unknown,Unknown,0,Unknown,Unknown,0,Unknown,Unknown,0,Unknown,Unknown
Hospital 1245,Clinton,Government,-1,None,None,Same,None,None,None,Same,0,Unknown,Unknown,16061,Average,Average,16841,Average,Average,0,Unknown,Unknown
Hospital 1246,Aledo,Private,-1,None,None,None,None,Same,Above,None,0,Unknown,Unknown,0,Unknown,Unknown,15938,Average,Average,0,Unknown,Unknown
Hospital 1247,Carthage,Private,4,Same,None,Above,Above,None,Same,Same,0,Unknown,Unknown,16323,Average,Average,17689,Average,Average,0,Unknown,Unknown
Hospital 1248,Staunton,Private,-1,None,None,Same,None,None,None,None,0,Unknown,Unknown,17672,Average,Average,17807,Average,Average,0,Unknown,Unknown
Hospital 1249,Pinckneyville,Government,2,None,None,Below,None,Same,Same,Same,0,Unknown,Unknown,0,Unknown,Unknown,19357,Average,Average,0,Unknown,Unknown
Hospital 1250,Nashville,Government,-1,None,None,None,None,Same,Same,Same,0,Unknown,Unknown,0,Unknown,Unknown,0,Unknown,Unknown,0,Unknown,Unknown
Hospital 1251,Eureka,Private,3,None,None,Same,None,Same,Above,None,0,Unknown,Unknown,0,Unknown,Unknown,15031,Average,Lower,0,Unknown,Unknown
Hospital 1252,Mendota,Private,3,Same,None,Same,None,Same,None,Same,0,Unknown,Unknown,19549,Average,Higher,18562,Average,Average,28045,Average,Higher
Hospital 1253,Fairfield,Private,4,Same,None,Above,Above,Same,Above,Same,0,Unknown,Unknown,16169,Average,Average,13970,Average,Lower,0,Unknown,Unknown
Hospital 1254,Rochelle,Private,4,Same,None,Same,Above,None,None,None,0,Unknown,Unknown,16096,Average,Average,15209,Average,Lower,22518,Average,Average
Hospital 1255,Havana,Government,4,None,None,Same,None,Same,Above,None,0,Unknown,Unknown,0,Unknown,Unknown,20493,Average,Higher,0,Unknown,Unknown
Hospital 1256,Pittsfield,Private,3,Same,None,Same,None,Same,Same,Same,0,Unknown,Unknown,16769,Average,Average,15501,Average,Lower,0,Unknown,Unknown
Hospital 1257,Hoopeston,Private,-1,Same,None,Same,None,None,None,None,0,Unknown,Unknown,17088,Average,Average,16484,Average,Average,0,Unknown,Unknown
Hospital 1258,Gibson City,Private,4,None,None,Above,Above,None,None,Below,0,Unknown,Unknown,0,Unknown,Unknown,17293,Average,Average,21452,Average,Average
Hospital 1259,Monmouth,Private,4,Same,None,Same,None,Same,Above,Same,0,Unknown,Unknown,16110,Average,Average,14527,Average,Lower,0,Unknown,Unknown
Hospital 1260,Geneseo,Government,4,Same,None,Above,Above,None,None,Same,0,Unknown,Unknown,15637,Average,Average,13441,Average,Lower,19586,Average,Lower
Hospital 1261,Paris,Unknown,4,Same,None,Same,Above,Same,Above,None,0,Unknown,Unknown,15229,Average,Average,14173,Average,Lower,19624,Average,Lower
Hospital 1262,Benton,Government,3,Same,None,Same,None,Same,Same,Same,0,Unknown,Unknown,17907,Average,Average,15410,Average,Lower,0,Unknown,Unknown
Hospital 1263,Lincoln,Private,4,Same,Same,Above,Above,Same,Same,Same,0,Unknown,Unknown,17112,Average,Average,17038,Average,Average,20118,Average,Average
Hospital 1264,Metropolis,Government,4,Same,None,Below,Above,Same,Same,Same,0,Unknown,Unknown,15026,Average,Average,15109,Average,Lower,0,Unknown,Unknown
Hospital 1265,Eldorado,Private,-1,Same,None,Same,None,None,None,None,0,Unknown,Unknown,15329,Worse,Average,13709,Average,Lower,0,Unknown,Unknown
Hospital 1266,Kewanee,Church,3,Same,None,Same,None,Same,None,None,0,Unknown,Unknown,15698,Average,Average,15529,Average,Lower,0,Unknown,Unknown
Hospital 1267,Mcleansboro,Government,2,Same,None,Below,Below,None,None,None,0,Unknown,Unknown,15503,Worse,Average,17699,Average,Average,0,Unknown,Unknown
Hospital 1268,Mount Carmel,Government,4,Same,None,Same,Above,Same,Above,Same,0,Unknown,Unknown,15482,Average,Average,16072,Average,Average,17526,Average,Lower
Hospital 1269,Rosiclare,Private,2,Same,None,Below,Above,None,None,None,0,Unknown,Unknown,15318,Average,Average,15100,Average,Lower,0,Unknown,Unknown
Hospital 1270,Morrison,Government,-1,None,None,None,None,Same,Same,None,0,Unknown,Unknown,0,Unknown,Unknown,0,Unknown,Unknown,0,Unknown,Unknown
Hospital 1271,Hopedale,Private,5,None,None,Same,Above,None,Above,None,0,Unknown,Unknown,0,Unknown,Unknown,17888,Average,Average,0,Unknown,Unknown
Hospital 1272,Du Quoin,Private,2,Same,None,Below,None,Same,Same,Same,0,Unknown,Unknown,19115,Average,Average,14741,Average,Lower,0,Unknown,Unknown
Hospital 1273,Hillsboro,Private,3,Same,None,Above,None,Same,Same,None,0,Unknown,Unknown,17075,Average,Average,16335,Average,Average,0,Unknown,Unknown
Hospital 1274,Rushville,Government,-1,None,None,Same,None,None,None,None,0,Unknown,Unknown,17550,Average,Average,18413,Average,Average,0,Unknown,Unknown
Hospital 1275,Murphysboro,Private,3,Same,None,Same,None,Same,Same,None,0,Unknown,Unknown,15440,Average,Average,17017,Average,Average,0,Unknown,Unknown
Hospital 1276,Harvard,Private,3,Same,None,Same,None,Same,Above,Same,0,Unknown,Unknown,16749,Average,Average,15141,Average,Average,0,Unknown,Unknown
Hospital 1277,Highland,Church,5,Same,None,Above,Above,Same,None,Same,0,Unknown,Unknown,18987,Average,Higher,20133,Average,Higher,24425,Average,Higher
Hospital 1278,Princeton,Government,3,Same,None,Same,Above,Same,Same,Same,0,Unknown,Unknown,15942,Average,Average,16621,Average,Average,0,Unknown,Unknown
Hospital 1279,Chester,Government,4,Same,None,Same,Above,Same,Same,None,0,Unknown,Unknown,16371,Average,Average,14528,Worse,Lower,20858,Average,Average
Hospital 1280,Taylorville,Private,4,Same,None,Below,Above,Same,Above,Same,0,Unknown,Unknown,18731,Average,Average,16410,Average,Average,19676,Average,Average
Hospital 1281,Sandwich,Private,4,Same,None,Above,Above,Same,Same,Same,0,Unknown,Unknown,15788,Average,Average,17873,Average,Average,0,Unknown,Unknown
Hospital 1282,Pana,Private,3,Same,None,Same,None,None,None,Same,0,Unknown,Unknown,17213,Average,Average,15956,Average,Average,0,Unknown,Unknown
Hospital 1283,Anna,Proprietary,4,None,None,Same,None,Same,Above,Same,0,Unknown,Unknown,0,Unknown,Unknown,16953,Average,Average,0,Unknown,Unknown
Hospital 1284,Robinson,Government,4,Same,None,Above,Above,Same,None,None,0,Unknown,Unknown,15921,Average,Average,16855,Average,Average,18244,Average,Lower
Hospital 1285,Lawrenceville,Private,4,Same,None,Same,Same,None,None,None,0,Unknown,Unknown,15219,Average,Average,17955,Average,Average,0,Unknown,Unknown
Hospital 1286,Salem,Government,4,Same,None,Above,Above,None,None,None,0,Unknown,Unknown,16563,Average,Average,15171,Average,Lower,27816,Average,Higher
Hospital 1287,Vandalia,Unknown,3,Same,None,Below,Above,None,None,None,0,Unknown,Unknown,16787,Average,Average,15308,Average,Lower,0,Unknown,Unknown
Hospital 1288,Carlinville,Private,4,Same,None,Same,None,Same,Same,Same,0,Unknown,Unknown,18508,Average,Average,18840,Average,Average,0,Unknown,Unknown
Hospital 1289,Red Bud,Proprietary,3,Same,None,Below,Same,Same,Above,None,0,Unknown,Unknown,17680,Average,Average,17897,Average,Average,0,Unknown,Unknown
Hospital 1290,Sparta,Government,3,Same,None,Above,None,None,None,Same,0,Unknown,Unknown,16466,Average,Average,16827,Average,Average,0,Unknown,Unknown
Hospital 1291,Litchfield,Church,4,Same,None,Below,Above,Same,None,Same,0,Unknown,Unknown,15647,Average,Average,16400,Average,Average,20252,Average,Lower
Hospital 1292,Flora,Government,3,Same,None,Below,None,Same,Same,None,0,Unknown,Unknown,15761,Average,Average,14547,Average,Lower,0,Unknown,Unknown
Hospital 1293,Chicago,Private,-1,None,None,None,None,None,None,None,0,Unknown,Unknown,0,Unknown,Unknown,0,Unknown,Unknown,0,Unknown,Unknown
Hospital 1294,Chicago,Private,-1,None,None,None,None,None,None,None,0,Unknown,Unknown,0,Unknown,Unknown,0,Unknown,Unknown,0,Unknown,Unknown
Hospital 1295,Chicago,Private,-1,None,None,None,None,None,None,None,0,Unknown,Unknown,0,Unknown,Unknown,0,Unknown,Unknown,0,Unknown,Unknown
Hospital 1296,Franklin,Government,3,Same,Same,Same,Same,Same,Same,Same,0,Unknown,Unknown,17036,Average,Average,18328,Average,Average,25354,Average,Higher
Hospital 1297,Gary,Private,3,Above,Above,Below,Same,Same,Below,Same,26183,Average,Average,17779,Better,Higher,18152,Average,Average,23916,Average,Higher
Hospital 1298,Hammond,Church,3,Same,Above,Same,Below,Same,Below,Same,26118,Average,Average,19184,Average,Higher,21326,Average,Higher,0,Unknown,Unknown
Hospital 1299,Danville,Government,4,Same,Above,Same,Above,Above,Above,Below,22994,Average,Average,16131,Average,Average,18085,Average,Average,20395,Average,Lower
Hospital 1300,La Porte,Private,3,Below,Below,Above,Below,Same,Above,Same,24298,Average,Average,17083,Average,Average,18440,Average,Average,21410,Average,Average
Hospital 1301,Kokomo,Private,4,Same,Same,Above,Same,Same,Above,Same,25682,Average,Average,18379,Average,Higher,20214,Average,Higher,20310,Average,Lower
Hospital 1302,East Chicago,Private,4,Above,Below,Above,Above,Same,Same,Same,27185,Average,Higher,20273,Better,Higher,22795,Average,Higher,22381,Average,Average
Hospital 1303,Jeffersonville,Unknown,2,Same,Same,Below,Below,Same,Below,Above,24416,Average,Average,17172,Average,Average,18510,Average,Higher,21633,Average,Average
Hospital 1304,Kokomo,Church,4,Below,Above,Above,Above,Same,Above,Same,24111,Average,Average,17738,Average,Average,18707,Average,Higher,22968,Average,Higher
Hospital 1305,Marion,Private,3,Same,Below,Above,Same,Same,Same,Same,22090,Average,Average,16374,Average,Average,15362,Average,Lower,21020,Average,Average
Hospital 1306,Mishawaka,Private,3,Below,Same,Above,Below,Same,Same,Same,21996,Average,Lower,16070,Worse,Average,17658,Average,Average,18476,Average,Lower
Hospital 1307,Michigan City,Church,4,Below,Above,Above,Below,Same,Same,Same,22747,Average,Average,16592,Average,Average,18418,Average,Average,20823,Average,Average
Hospital 1308,Fort Wayne,Proprietary,2,Below,Below,Above,Below,Same,Below,Same,22490,Average,Average,18743,Average,Higher,17390,Average,Average,25093,Average,Higher
Hospital 1309,Elkhart,Government,4,Same,Same,Above,Same,Same,Same,Above,22946,Average,Average,15263,Average,Lower,17609,Average,Average,18375,Average,Lower
Hospital 1310,Fort Wayne,Private,4,Same,Below,Above,Above,Same,Same,Same,20628,Average,Lower,15209,Average,Lower,15931,Average,Lower,23140,Average,Average
Hospital 1311,Crawfordsville,Church,3,Same,Same,Same,Same,Same,Above,Same,0,Unknown,Unknown,15755,Average,Average,17739,Average,Average,22427,Average,Average
Hospital 1312,Terre Haute,Private,3,Same,Same,Above,Same,Same,Same,Below,22328,Average,Lower,17776,Average,Higher,17016,Average,Average,22048,Average,Average
Hospital 1313,Indianapolis,Government,5,Above,Above,Above,Same,Same,Same,Above,18996,Average,Lower,15517,Average,Average,19042,Average,Average,26773,Average,Higher
Hospital 1314,Goshen,Private,4,Same,Same,Above,Above,Below,Same,Below,25331,Average,Average,16187,Worse,Average,17280,Average,Average,21927,Average,Average
Hospital 1315,New Castle,Government,4,Same,Same,Above,Above,Same,Above,Same,0,Unknown,Unknown,16655,Average,Average,16754,Average,Average,21880,Average,Average
Hospital 1316,Hobart,Private,5,Above,Above,Below,Above,Same,Same,Same,25233,Average,Average,17860,Better,Higher,17910,Better,Average,19577,Average,Lower
Hospital 1317,Valparaiso,Proprietary,4,Same,Above,Below,Below,Same,Below,Same,25466,Average,Average,17687,Average,Higher,18614,Average,Higher,19556,Average,Lower
Hospital 1318,Greenfield,Government,3,Below,Above,Above,Above,Same,Above,Same,22783,Average,Average,18554,Average,Higher,20687,Worse,Higher,21982,Average,Average
Hospital 1319,Vincennes,Unknown,4,Same,Above,Below,Above,Same,Above,Same,24824,Average,Average,18287,Average,Higher,18616,Average,Higher,20172,Average,Lower
Hospital 1320,New Albany,Private,3,Above,Below,Below,Below,Same,Same,Same,24155,Average,Average,17836,Average,Higher,18088,Average,Higher,22546,Average,Average
Hospital 1321,Auburn,Private,3,Same,Above,Below,Same,Same,Same,Same,0,Unknown,Unknown,16627,Average,Average,15268,Average,Lower,21747,Average,Average
Hospital 1322,Terre Haute,Proprietary,2,Same,Below,Below,Same,Same,Above,Same,23336,Average,Average,17243,Average,Average,17537,Average,Average,26038,Average,Higher
Hospital 1323,Fort Wayne,Proprietary,2,Same,Below,Same,Below,Same,Same,Same,23825,Average,Average,15378,Average,Average,17731,Average,Average,0,Unknown,Unknown
Hospital 1324,Richmond,Private,5,Same,Above,Above,Same,Same,Same,Same,23641,Average,Average,16333,Average,Average,17342,Better,Average,21261,Average,Lower
Hospital 1325,Bloomington,Private,4,Same,Above,Above,Below,Same,Same,Above,23683,Average,Average,16495,Average,Average,18861,Average,Higher,21507,Average,Average
Hospital 1326,Indianapolis,Private,4,Same,Above,Same,Below,Same,Below,Above,23770,Average,Average,16587,Average,Average,17950,Average,Average,20972,Average,Lower
Hospital 1327,Mooresville,Church,5,Same,Above,Above,Above,Same,Above,Same,0,Unknown,Unknown,15086,Average,Average,15903,Average,Lower,19965,Better,Lower
Hospital 1328,South Bend,Private,4,Below,Same,Above,Same,Below,Same,Same,21508,Average,Lower,15785,Worse,Average,17067,Worse,Average,19181,Average,Lower
Hospital 1329,Noblesville,Government,3,Below,Below,Above,Above,Same,Above,Same,21510,Average,Average,17633,Average,Average,17047,Average,Average,20473,Average,Lower
Hospital 1330,Washington,Unknown,4,Same,Same,Above,Same,Same,Above,Same,24804,Average,Average,17947,Average,Average,17386,Average,Average,23914,Average,Average
Hospital 1331,Connersville,Proprietary,4,Same,None,Above,Same,Below,Same,Same,0,Unknown,Unknown,15600,Average,Average,15758,Average,Lower,0,Unknown,Unknown
Hospital 1332,Seymour,Government,5,Same,Above,Above,Above,Same,Above,Same,0,Unknown,Unknown,15079,Average,Average,15819,Average,Lower,20187,Average,Lower
Hospital 1333,Madison,Private,4,Same,Above,Above,Above,Same,Same,Same,0,Unknown,Unknown,16772,Average,Average,16652,Average,Average,17441,Average,Lower
Hospital 1334,Logansport,Government,3,Same,None,Above,Same,Same,Above,Same,0,Unknown,Unknown,15637,Average,Average,17442,Average,Average,0,Unknown,Unknown
Hospital 1335,Indianapolis,Private,4,Below,Above,Above,Above,Same,Same,Same,23683,Average,Average,18522,Average,Higher,17554,Worse,Average,20981,Average,Average
Hospital 1336,Bluffton,Proprietary,3,Same,Same,Same,Same,Same,Above,Same,0,Unknown,Unknown,15685,Average,Average,16124,Average,Average,19805,Average,Lower
Hospital 1337,Plymouth,Church,4,Same,Same,Above,Above,Same,Above,Same,23886,Average,Average,16287,Average,Average,19063,Average,Average,20150,Average,Average
Hospital 1338,Evansville,Private,3,Below,Above,Below,Above,Above,Above,Same,22796,Average,Average,16220,Average,Average,18300,Worse,Higher,20727,Average,Lower
Hospital 1339,Indianapolis,Church,3,Below,Below,Above,Same,Below,Same,Same,22127,Average,Lower,16293,Average,Average,18084,Worse,Average,23389,Average,Higher
Hospital 1340,Lawrenceburg,Government,3,Same,Below,Below,Above,Same,Above,Same,22497,Average,Average,16990,Average,Average,18320,Average,Average,22101,Average,Average
Hospital 1341,Anderson,Private,3,Same,Below,Above,Above,Same,Same,Same,22385,Average,Average,18325,Average,Higher,17971,Average,Average,20049,Worse,Lower
Hospital 1342,Muncie,Private,3,Above,Below,Above,Below,Same,Same,Above,22979,Average,Average,15707,Average,Lower,18125,Average,Higher,21109,Average,Lower
Hospital 1343,Dyer,Church,3,Same,Above,Above,Below,Same,Below,Same,26442,Average,Higher,19082,Average,Higher,18438,Average,Average,20968,Average,Lower
Hospital 1344,Huntington,Private,4,Same,Same,Above,Above,Same,Same,None,0,Unknown,Unknown,16180,Average,Average,16297,Average,Average,22114,Average,Average
Hospital 1345,Shelbyville,Government,3,Same,Below,Below,Above,Same,Above,Below,23055,Average,Average,15361,Average,Average,17865,Average,Average,19762,Average,Lower
Hospital 1346,Evansville,Private,3,Same,Below,Same,Above,Same,Above,Same,23382,Average,Average,17441,Average,Average,17793,Average,Average,18530,Average,Lower
Hospital 1347,Columbia City,Private,4,Same,None,Above,Above,Same,Above,Same,0,Unknown,Unknown,15790,Average,Average,16409,Average,Average,0,Unknown,Unknown
Hospital 1348,Knox,Proprietary,3,Same,None,Same,None,Same,Above,Same,0,Unknown,Unknown,17404,Average,Average,16898,Average,Average,0,Unknown,Unknown
Hospital 1349,Lebanon,Government,4,Same,Above,Above,Above,Same,Above,Same,24050,Average,Average,15095,Average,Average,16674,Average,Average,24035,Average,Higher
Hospital 1350,Lafayette,Church,4,Same,Below,Above,Above,Same,Same,Above,21757,Average,Lower,16781,Average,Average,18894,Average,Higher,20038,Average,Lower
Hospital 1351,Columbus,Government,4,Same,Above,Above,Below,Same,Above,Same,23553,Average,Average,16212,Average,Average,16810,Average,Average,19462,Average,Lower
Hospital 1352,Anderson,Private,3,Same,Below,Above,Above,Same,Above,Same,23969,Average,Average,15490,Average,Average,18242,Average,Average,20209,Average,Lower
Hospital 1353,Jasper,Church,5,Same,Above,Above,Above,Same,Above,Same,24470,Average,Average,17059,Average,Average,18642,Average,Higher,20053,Average,Lower
Hospital 1354,Munster,Private,4,Above,Above,Below,Above,Same,Same,Same,28240,Average,Higher,20428,Better,Higher,19593,Average,Higher,21873,Average,Average
Hospital 1355,Crown Point,Church,4,Same,Above,Same,Same,Same,Same,Above,24437,Average,Average,17354,Average,Average,18912,Average,Higher,22002,Average,Average
Hospital 1356,Indianapolis,Private,4,Same,Above,Above,Above,Same,Same,Same,22050,Average,Average,16623,Average,Average,17971,Worse,Average,19128,Average,Lower
Hospital 1357,Warsaw,Proprietary,2,Same,Same,Same,Below,Above,Above,Same,24677,Average,Average,15561,Average,Average,17030,Average,Average,21120,Average,Average
Hospital 1358,Kendallville,Private,4,Same,Same,Same,Above,Same,Above,Same,0,Unknown,Unknown,16274,Average,Average,17682,Average,Average,25604,Average,Higher
Hospital 1359,Newburgh,Proprietary,5,None,Same,None,Above,Same,Above,None,0,Unknown,Unknown,0,Unknown,Unknown,0,Unknown,Unknown,0,Unknown,Unknown
Hospital 1360,Fort Wayne,Proprietary,4,Same,Above,Same,Same,Same,Above,Same,0,Unknown,Unknown,15284,Average,Average,17382,Average,Average,19508,Average,Lower
Hospital 1361,Indianapolis,Proprietary,5,Above,Above,Above,Above,Same,Same,None,22060,Average,Lower,14950,Average,Lower,0,Unknown,Unknown,0,Unknown,Unknown
Hospital 1362,Carmel,Church,4,Same,Above,Above,Above,Same,Same,Same,0,Unknown,Unknown,17630,Average,Average,18899,Average,Average,21012,Average,Average
Hospital 1363,Avon,Proprietary,5,Above,Above,Above,Above,Same,Below,Same,24073,Average,Average,16828,Average,Average,17041,Average,Average,23813,Average,Higher
Hospital 1364,Indianapolis,Unknown,-1,None,None,None,Above,None,None,None,0,Unknown,Unknown,0,Unknown,Unknown,0,Unknown,Unknown,19523,Average,Lower
Hospital 1365,Carmel,Private,5,Same,Above,Above,Above,Same,Same,Same,25134,Average,Average,16409,Average,Average,17851,Average,Average,21414,Average,Average
Hospital 1366,Indianapolis,Church,2,Same,Below,Above,Above,Same,Below,Same,23764,Average,Average,17188,Average,Average,19068,Average,Higher,22170,Average,Average
Hospital 1367,Munster,Private,3,Same,Above,Below,Same,Same,Above,Same,24202,Average,Average,16608,Average,Average,15170,Average,Lower,23301,Average,Average
Hospital 1368,Crown Point,Unknown,4,Same,Above,Same,Above,None,None,None,0,Unknown,Unknown,15709,Average,Average,17185,Average,Average,24565,Average,Higher
Hospital 1369,Fort Wayne,Private,-1,None,None,None,Above,None,None,None,0,Unknown,Unknown,0,Unknown,Unknown,0,Unknown,Unknown,20731,Better,Lower
Hospital 1370,Fort Wayne,Proprietary,-1,None,None,None,Above,None,None,None,0,Unknown,Unknown,0,Unknown,Unknown,0,Unknown,Unknown,19335,Average,Lower
Hospital 1371,Indianapolis,Private,3,Below,Below,Below,Above,Same,Same,Below,24445,Average,Average,17893,Average,Average,18101,Average,Average,22667,Average,Average
Hospital 1372,New Albany,Unknown,5,None,None,Same,Above,Below,None,None,0,Unknown,Unknown,0,Unknown,Unknown,0,Unknown,Unknown,20266,Average,Lower
Hospital 1373,Lafayette,Private,3,Below,Above,Above,Same,Same,Below,Above,22768,Average,Average,17891,Worse,Higher,17424,Average,Average,25445,Average,Higher
Hospital 1374,Newburgh,Proprietary,4,Same,None,Below,Above,None,None,None,25296,Average,Average,18171,Average,Average,0,Unknown,Unknown,0,Unknown,Unknown
Hospital 1375,Clarksville,Proprietary,2,Same,None,Below,Below,Below,Above,Same,27561,Average,Higher,19972,Average,Higher,20368,Average,Higher,0,Unknown,Unknown
Hospital 1376,Mishawaka,Unknown,-1,None,None,None,Above,Same,None,None,0,Unknown,Unknown,0,Unknown,Unknown,0,Unknown,Unknown,25762,Average,Higher
Hospital 1377,Indianapolis,Private,-1,None,None,None,None,None,None,None,0,Unknown,Unknown,0,Unknown,Unknown,0,Unknown,Unknown,0,Unknown,Unknown
Hospital 1378,Fishers,Private,3,Same,None,Same,Same,Same,Same,Same,0,Unknown,Unknown,17046,Average,Average,17135,Average,Average,19988,Average,Average
Hospital 1379,Carmel,Church,5,None,None,Above,Above,Same,None,None,0,Unknown,Unknown,0,Unknown,Unknown,0,Unknown,Unknown,19144,Average,Lower
Hospital 1380,Bloomington,Proprietary,4,None,Above,Above,Same,Same,Above,Same,0,Unknown,Unknown,17951,Average,Average,16958,Average,Average,38211,Average,Higher
Hospital 1381,Bremen,Private,-1,None,None,Same,None,None,None,Same,0,Unknown,Unknown,0,Unknown,Unknown,19392,Average,Average,0,Unknown,Unknown
Hospital 1382,Winchester,Private,4,Same,None,Same,Above,Same,Same,None,0,Unknown,Unknown,16236,Average,Average,13045,Average,Lower,0,Unknown,Unknown
Hospital 1383,Hartford City,Private,-1,None,None,Above,None,None,Same,None,0,Unknown,Unknown,0,Unknown,Unknown,22844,Average,Higher,0,Unknown,Unknown
Hospital 1384,North Vernon,Church,4,None,None,Same,None,Same,Same,None,0,Unknown,Unknown,0,Unknown,Unknown,15298,Average,Average,0,Unknown,Unknown
Hospital 1385,Rushville,Government,3,Same,None,Same,None,Below,Above,Same,0,Unknown,Unknown,16065,Average,Average,16957,Average,Average,0,Unknown,Unknown
Hospital 1386,Winamac,Unknown,3,Same,None,Same,Same,Same,Above,Same,0,Unknown,Unknown,16485,Average,Average,17192,Average,Average,0,Unknown,Unknown
Hospital 1387,Paoli,Private,4,None,None,Same,None,Same,Same,Same,0,Unknown,Unknown,0,Unknown,Unknown,15911,Average,Average,0,Unknown,Unknown
Hospital 1388,Williamsport,Church,4,Same,None,Same,None,Same,Above,Same,0,Unknown,Unknown,15034,Average,Average,15064,Average,Lower,0,Unknown,Unknown
Hospital 1389,Elwood,Church,-1,Same,None,Same,None,None,None,None,0,Unknown,Unknown,16665,Average,Average,17397,Average,Average,0,Unknown,Unknown
Hospital 1390,Brazil,Private,3,Same,None,Same,None,Same,Same,None,0,Unknown,Unknown,18144,Average,Average,20721,Average,Higher,0,Unknown,Unknown
Hospital 1391,Wabash,Private,4,Same,None,Same,Above,Same,Above,None,0,Unknown,Unknown,17224,Average,Average,18929,Average,Average,0,Unknown,Unknown
Hospital 1392,Tipton,Unknown,4,Same,None,Above,None,Same,Above,Same,0,Unknown,Unknown,17628,Average,Average,19443,Average,Higher,24397,Average,Higher
Hospital 1393,Monticello,Private,4,Same,None,Above,None,Same,Above,Same,0,Unknown,Unknown,15718,Average,Average,16111,Average,Average,0,Unknown,Unknown
Hospital 1394,Rochester,Government,4,Same,None,Above,Same,None,None,Same,0,Unknown,Unknown,15525,Average,Average,13679,Average,Lower,21232,Average,Average
Hospital 1395,Salem,Private,-1,None,None,None,None,Same,Same,Same,0,Unknown,Unknown,0,Unknown,Unknown,0,Unknown,Unknown,0,Unknown,Unknown
Hospital 1396,Angola,Private,4,Same,None,Above,Above,Same,Above,Same,0,Unknown,Unknown,15495,Average,Average,16819,Average,Average,28380,Average,Higher
Hospital 1397,Frankfort,Private,4,Same,None,Same,None,Same,Above,None,0,Unknown,Unknown,17498,Average,Average,17108,Average,Average,0,Unknown,Unknown
Hospital 1398,Linton,Government,2,Same,None,Below,Same,Same,Above,Same,0,Unknown,Unknown,17031,Average,Average,15634,Average,Average,0,Unknown,Unknown
Hospital 1399,Peru,Private,2,Same,None,Below,Same,Same,Above,Same,23720,Average,Average,17033,Average,Average,16056,Average,Average,27950,Average,Higher
Hospital 1400,Princeton,Private,-1,None,None,Above,None,None,Above,None,0,Unknown,Unknown,0,Unknown,Unknown,17040,Average,Average,0,Unknown,Unknown
Hospital 1401,Portland,Government,4,Same,None,Above,Same,Same,Above,None,0,Unknown,Unknown,14802,Average,Average,16429,Average,Average,0,Unknown,Unknown
Hospital 1402,Tell City,Unknown,3,Same,None,Above,Above,Same,None,Below,0,Unknown,Unknown,17125,Average,Average,17423,Average,Average,0,Unknown,Unknown
Hospital 1403,Lagrange,Private,4,Same,None,Above,Above,Same,Above,Same,0,Unknown,Unknown,15792,Average,Average,15139,Average,Lower,0,Unknown,Unknown
Hospital 1404,Rensselaer,Private,2,Same,None,Below,None,Same,Above,None,0,Unknown,Unknown,16672,Average,Average,15359,Average,Lower,0,Unknown,Unknown
Hospital 1405,Boonville,Private,3,None,None,Same,None,Same,Above,None,0,Unknown,Unknown,0,Unknown,Unknown,16235,Average,Average,0,Unknown,Unknown
Hospital 1406,Clinton,Private,4,Same,None,Above,Above,Same,Same,None,0,Unknown,Unknown,17091,Average,Average,18655,Average,Average,0,Unknown,Unknown
Hospital 1407,Sullivan,Government,3,Same,None,Below,Above,None,Same,None,0,Unknown,Unknown,17697,Average,Average,16349,Average,Average,0,Unknown,Unknown
Hospital 1408,Bedford,Private,4,Same,None,Above,None,Same,Above,Same,0,Unknown,Unknown,16403,Average,Average,17886,Average,Average,0,Unknown,Unknown
Hospital 1409,Batesville,Private,5,Same,Same,Above,Above,Same,Above,Below,0,Unknown,Unknown,16355,Average,Average,18094,Average,Average,23939,Average,Higher
Hospital 1410,Decatur,Government,4,Same,None,Above,Above,Same,Above,Same,0,Unknown,Unknown,16616,Average,Average,17248,Average,Average,21819,Average,Average
Hospital 1411,Corydon,Government,4,Same,None,Above,Above,Same,Above,Same,0,Unknown,Unknown,16064,Average,Average,17818,Average,Average,0,Unknown,Unknown
Hospital 1412,Greensburg,Government,3,Same,None,Same,Above,Same,Above,Below,0,Unknown,Unknown,17043,Average,Average,16783,Average,Average,24353,Average,Higher
Hospital 1413,Greencastle,Government,4,Same,None,Above,Same,Same,Above,Same,0,Unknown,Unknown,17680,Average,Average,16918,Average,Average,0,Unknown,Unknown
Hospital 1414,Scottsburg,Proprietary,3,Same,None,Below,Same,Same,Above,Same,0,Unknown,Unknown,18206,Average,Average,17287,Average,Average,0,Unknown,Unknown
Hospital 1415,Bedford,Private,4,Same,None,Below,Above,Same,Same,Same,0,Unknown,Unknown,15418,Average,Average,16692,Average,Average,27367,Average,Higher
Hospital 1416,Marshalltown,Private,3,Same,Same,Above,Below,Same,Same,Same,24551,Average,Average,18059,Average,Average,17992,Average,Average,19294,Average,Lower
Hospital 1417,Carroll,Private,4,Same,Same,Above,Above,Same,Above,Same,0,Unknown,Unknown,14803,Average,Lower,15171,Average,Lower,18774,Average,Lower
Hospital 1418,Keokuk,Private,3,Same,None,Same,Same,Same,Above,Same,0,Unknown,Unknown,16241,Average,Average,14849,Average,Lower,24468,Average,Average
Hospital 1419,Muscatine,Private,4,Same,None,Above,Same,Same,Same,Same,0,Unknown,Unknown,15516,Average,Average,17425,Average,Average,0,Unknown,Unknown
Hospital 1420,Fort Dodge,Private,3,Below,Below,Above,Same,Same,Above,Same,25226,Average,Average,16943,Average,Average,17040,Average,Average,23389,Average,Average
Hospital 1421,Des Moines,Private,3,Same,Above,Same,Same,Below,Same,Same,20766,Average,Lower,14483,Average,Lower,15570,Average,Lower,18149,Average,Lower
Hospital 1422,Council Bluffs,Private,4,Same,Above,Below,Same,Same,Above,Same,24246,Average,Average,16790,Average,Average,16159,Average,Lower,18386,Average,Lower
Hospital 1423,Iowa City,Church,5,Above,Above,Above,Above,Above,Above,Same,21218,Average,Lower,15482,Average,Average,16214,Average,Lower,17339,Average,Lower
Hospital 1424,Ames,Government,4,Same,Below,Above,Above,Same,Above,Above,22543,Average,Average,14646,Average,Lower,16406,Average,Lower,20960,Worse,Lower
Hospital 1425,Newton,Government,4,Same,Above,Above,Above,Same,Above,Same,0,Unknown,Unknown,14852,Average,Average,14108,Worse,Lower,19930,Average,Lower
Hospital 1426,Davenport,Private,2,Same,Below,Below,Below,Same,Same,Above,24514,Average,Average,16803,Average,Average,17170,Average,Average,20449,Worse,Lower
Hospital 1427,Cedar Falls,Church,2,Same,Below,Same,Below,Below,Above,Same,0,Unknown,Unknown,16749,Average,Average,17564,Average,Average,20868,Average,Lower
Hospital 1428,Cedar Rapids,Private,5,Same,Above,Above,Same,Same,Same,Above,25125,Average,Average,17977,Average,Higher,18286,Average,Higher,20091,Average,Lower
Hospital 1429,Council Bluffs,Private,4,Same,Above,Below,Above,Below,Above,Same,24980,Average,Average,17391,Average,Average,17260,Average,Average,20560,Average,Lower
Hospital 1430,West Burlington,Private,2,Same,Below,Same,Below,Same,Above,Below,21723,Average,Lower,15768,Average,Average,17177,Average,Average,20936,Average,Lower
Hospital 1431,Iowa City,Government,2,Same,Same,Below,Below,Same,Below,Above,23446,Average,Average,17744,Average,Higher,17428,Average,Average,18854,Average,Lower
Hospital 1432,Mason City,Private,4,Below,Above,Above,Same,Same,Above,Same,25886,Average,Higher,18467,Worse,Higher,17430,Average,Average,20770,Average,Lower
Hospital 1433,Waterloo,Church,2,Same,Below,Same,Below,Below,Same,Same,25565,Average,Average,17405,Average,Average,18454,Average,Average,23128,Average,Higher
Hospital 1434,Dubuque,Church,4,Same,Same,Above,Above,Above,Above,Same,23372,Average,Average,16683,Average,Average,17970,Average,Average,22863,Average,Average
Hospital 1435,Cedar Rapids,Church,5,Above,Same,Above,Same,Same,Above,Same,20558,Average,Lower,13811,Average,Lower,15374,Better,Lower,20095,Average,Lower
Hospital 1436,Clinton,Private,4,Same,Above,Same,Same,Same,Above,Same,23292,Average,Average,17817,Average,Average,17529,Average,Average,23520,Average,Average
Hospital 1437,Des Moines,Private,3,Below,Above,Above,Above,Below,Same,Same,21269,Average,Lower,16106,Average,Average,17063,Average,Average,18671,Average,Lower
Hospital 1438,Des Moines,Private,2,Below,Below,Above,Same,Same,Same,Above,22789,Average,Average,16261,Average,Average,16914,Average,Average,19506,Average,Lower
Hospital 1439,Ottumwa,Proprietary,4,Same,Above,Above,Below,Same,Same,Below,25110,Average,Average,17755,Average,Average,19853,Average,Higher,21448,Average,Average
Hospital 1440,Des Moines,Government,3,None,Same,Same,Same,Same,Below,Same,0,Unknown,Unknown,0,Unknown,Unknown,14595,Average,Lower,17911,Average,Lower
Hospital 1441,Bettendorf,Private,3,Same,Above,Below,Same,Same,Same,Same,24109,Average,Average,16409,Average,Average,18850,Average,Average,17901,Average,Lower
Hospital 1442,Waterloo,Private,3,Below,Above,Above,Above,Same,Above,Same,22350,Average,Average,17052,Worse,Average,17613,Average,Average,20629,Average,Lower
Hospital 1443,Spencer,Government,3,Same,Above,Same,Above,Same,Above,Below,0,Unknown,Unknown,15611,Average,Average,15272,Average,Lower,18948,Average,Lower
Hospital 1444,Dubuque,Private,3,Same,Same,Same,Above,Same,Same,Same,23863,Average,Average,17304,Average,Average,17606,Average,Average,23485,Average,Higher
Hospital 1445,Fort Madison,Private,4,Same,Above,Above,Above,Same,Above,Below,0,Unknown,Unknown,15064,Average,Average,14348,Average,Lower,18588,Average,Lower
Hospital 1446,Spirit Lake,Unknown,4,Same,Same,Above,Above,Same,Above,Same,0,Unknown,Unknown,14540,Average,Average,14960,Average,Lower,19177,Average,Lower
Hospital 1447,Sioux City,Private,2,Below,Below,Above,Same,Same,Same,Same,22256,Average,Average,16470,Worse,Average,17016,Worse,Average,19561,Average,Lower
Hospital 1448,Grinnell,Private,4,Same,None,Above,Above,Same,Above,Same,0,Unknown,Unknown,14114,Average,Lower,16312,Average,Average,0,Unknown,Unknown
Hospital 1449,Sioux City,Private,1,Below,Below,Same,Below,Same,Same,Same,22122,Average,Average,16856,Average,Average,17194,Average,Average,21480,Average,Average
Hospital 1450,Primghar,Church,4,None,None,Same,None,Same,Above,None,0,Unknown,Unknown,0,Unknown,Unknown,0,Unknown,Unknown,0,Unknown,Unknown
Hospital 1451,Belmond,Government,5,None,None,Same,Above,Same,Above,None,0,Unknown,Unknown,17749,Average,Average,20368,Average,Higher,0,Unknown,Unknown
Hospital 1452,Clarion,Government,3,None,None,Below,Above,Same,Above,None,0,Unknown,Unknown,0,Unknown,Unknown,15924,Average,Average,20097,Average,Lower
Hospital 1453,Grundy Center,Unknown,3,None,None,Same,None,Same,Above,Same,0,Unknown,Unknown,0,Unknown,Unknown,0,Unknown,Unknown,20007,Average,Lower
Hospital 1454,Corning,Private,4,Same,None,Above,None,Same,Above,None,0,Unknown,Unknown,16724,Average,Average,16018,Average,Average,0,Unknown,Unknown
Hospital 1455,Pocahontas,Government,-1,None,None,None,None,None,None,None,0,Unknown,Unknown,0,Unknown,Unknown,0,Unknown,Unknown,0,Unknown,Unknown
Hospital 1456,Anamosa,Private,4,Same,None,Above,None,Same,Same,Same,0,Unknown,Unknown,15667,Average,Average,19416,Average,Average,0,Unknown,Unknown
Hospital 1457,Britt,Unknown,3,Same,None,Above,None,Same,Above,Same,0,Unknown,Unknown,16454,Average,Average,17213,Average,Average,0,Unknown,Unknown
Hospital 1458,Hampton,Government,3,None,None,Same,None,Same,Above,None,0,Unknown,Unknown,0,Unknown,Unknown,16806,Average,Average,0,Unknown,Unknown
Hospital 1459,Missouri Valley,Private,4,Same,None,Above,None,Same,Above,Same,0,Unknown,Unknown,17892,Average,Average,19397,Average,Average,0,Unknown,Unknown
Hospital 1460,Greenfield,Government,-1,None,None,None,None,None,Above,None,0,Unknown,Unknown,0,Unknown,Unknown,15366,Average,Average,0,Unknown,Unknown
Hospital 1461,Hawarden,Government,-1,None,None,None,None,Same,Above,None,0,Unknown,Unknown,0,Unknown,Unknown,20495,Average,Average,0,Unknown,Unknown
Hospital 1462,Guttenberg,Government,-1,None,None,Same,None,None,None,None,0,Unknown,Unknown,0,Unknown,Unknown,19521,Average,Average,0,Unknown,Unknown
Hospital 1463,Dewitt,Private,4,None,None,Same,None,Same,Above,None,0,Unknown,Unknown,0,Unknown,Unknown,14908,Average,Lower,0,Unknown,Unknown
Hospital 1464,Guthrie Center,Government,3,None,None,Same,None,Same,Above,None,0,Unknown,Unknown,0,Unknown,Unknown,17312,Average,Average,18429,Average,Lower
Hospital 1465,Sigourney,Unknown,-1,None,None,None,None,None,Same,None,0,Unknown,Unknown,0,Unknown,Unknown,19179,Average,Average,0,Unknown,Unknown
Hospital 1466,West Union,Private,-1,None,None,Same,None,None,Same,None,0,Unknown,Unknown,18004,Average,Average,19239,Average,Average,0,Unknown,Unknown
Hospital 1467,Marengo,Unknown,-1,None,None,Same,None,None,None,None,0,Unknown,Unknown,21722,Average,Higher,23273,Average,Higher,0,Unknown,Unknown
Hospital 1468,Waukon,Government,5,Same,None,Same,Above,None,None,None,0,Unknown,Unknown,16498,Average,Average,18537,Average,Average,0,Unknown,Unknown
Hospital 1469,Elkader,Private,-1,None,None,None,None,Same,Above,None,0,Unknown,Unknown,0,Unknown,Unknown,19455,Average,Average,0,Unknown,Unknown
Hospital 1470,Sumner,Private,4,None,None,Same,None,None,Above,Same,0,Unknown,Unknown,0,Unknown,Unknown,20753,Average,Higher,0,Unknown,Unknown
Hospital 1471,Rock Rapids,Private,-1,None,None,Same,None,None,None,None,0,Unknown,Unknown,19111,Average,Average,19733,Average,Average,0,Unknown,Unknown
Hospital 1472,Perry,Unknown,-1,None,None,None,None,Same,Same,None,0,Unknown,Unknown,0,Unknown,Unknown,18199,Average,Average,0,Unknown,Unknown
Hospital 1473,Osage,Unknown,4,Same,None,Above,None,None,Same,Same,0,Unknown,Unknown,16646,Average,Average,15930,Average,Average,0,Unknown,Unknown
Hospital 1474,Hamburg,Proprietary,-1,None,None,Same,None,None,Same,None,0,Unknown,Unknown,0,Unknown,Unknown,24338,Average,Higher,0,Unknown,Unknown
Hospital 1475,Jefferson,Government,-1,None,None,Same,None,None,None,None,0,Unknown,Unknown,0,Unknown,Unknown,16273,Average,Average,20387,Average,Average
Hospital 1476,Winterset,Government,-1,None,None,Same,None,None,None,None,0,Unknown,Unknown,14478,Average,Average,14869,Average,Lower,0,Unknown,Unknown
Hospital 1477,Bloomfield,Government,-1,Same,None,Same,None,None,None,None,0,Unknown,Unknown,16272,Average,Average,17287,Average,Average,22123,Average,Average
Hospital 1478,Cresco,Unknown,3,None,None,Same,None,Same,Same,None,0,Unknown,Unknown,0,Unknown,Unknown,23224,Average,Higher,0,Unknown,Unknown
Hospital 1479,Maquoketa,Government,-1,None,None,None,None,Same,Above,Same,0,Unknown,Unknown,0,Unknown,Unknown,17642,Average,Average,0,Unknown,Unknown
Hospital 1480,Audubon,Government,-1,None,None,Same,None,None,Same,None,0,Unknown,Unknown,0,Unknown,Unknown,21807,Average,Higher,0,Unknown,Unknown
Hospital 1481,New Hampton,Church,-1,None,None,None,None,None,None,Same,0,Unknown,Unknown,0,Unknown,Unknown,19393,Average,Average,0,Unknown,Unknown
Hospital 1482,Manning,Private,-1,None,None,None,None,Same,Same,None,0,Unknown,Unknown,0,Unknown,Unknown,19869,Average,Average,0,Unknown,Unknown
Hospital 1483,Nevada,Government,-1,None,None,None,None,None,None,None,0,Unknown,Unknown,0,Unknown,Unknown,14801,Average,Lower,0,Unknown,Unknown
Hospital 1484,Humboldt,Unknown,-1,None,None,Same,None,None,Same,None,0,Unknown,Unknown,18042,Average,Average,18399,Average,Average,0,Unknown,Unknown
Hospital 1485,Independence,Unknown,-1,None,None,Same,None,None,None,None,0,Unknown,Unknown,0,Unknown,Unknown,14918,Average,Lower,0,Unknown,Unknown
Hospital 1486,Rock Valley,Private,-1,None,None,None,None,Same,Above,Same,0,Unknown,Unknown,0,Unknown,Unknown,15302,Average,Average,0,Unknown,Unknown
Hospital 1487,Keosauqua,Government,-1,Same,None,Same,None,None,None,None,0,Unknown,Unknown,0,Unknown,Unknown,17546,Average,Average,0,Unknown,Unknown
Hospital 1488,Oelwein,Church,-1,None,None,None,None,Same,None,None,0,Unknown,Unknown,16769,Average,Average,16959,Average,Average,0,Unknown,Unknown
Hospital 1489,Waverly,Government,4,Same,None,Same,Above,Same,Same,None,0,Unknown,Unknown,18772,Average,Average,16113,Average,Average,23756,Average,Average
Hospital 1490,Leon,Government,-1,None,None,None,None,None,None,None,0,Unknown,Unknown,0,Unknown,Unknown,17465,Average,Average,0,Unknown,Unknown
Hospital 1491,Chariton,Unknown,3,None,None,Same,None,Same,Above,None,0,Unknown,Unknown,15297,Average,Average,16998,Average,Average,0,Unknown,Unknown
Hospital 1492,Albia,Unknown,2,None,None,Same,None,Same,Above,None,0,Unknown,Unknown,0,Unknown,Unknown,17639,Average,Average,0,Unknown,Unknown
Hospital 1493,Manchester,Proprietary,4,Same,None,Above,Above,Same,Same,Same,0,Unknown,Unknown,17522,Average,Average,19630,Average,Higher,18441,Average,Lower
Hospital 1494,Washington,Unknown,4,Same,None,Same,Above,None,None,Same,0,Unknown,Unknown,17187,Average,Average,20859,Average,Higher,0,Unknown,Unknown
Hospital 1495,Sibley,Private,4,Same,None,Same,Above,None,None,None,0,Unknown,Unknown,15712,Average,Average,14969,Average,Average,0,Unknown,Unknown
Hospital 1496,Sioux Center,Private,4,None,None,Above,Same,Same,Above,None,0,Unknown,Unknown,0,Unknown,Unknown,16049,Average,Average,0,Unknown,Unknown
Hospital 1497,Charles City,Unknown,4,Same,None,Above,Above,Same,Above,Same,0,Unknown,Unknown,18361,Average,Average,18318,Average,Average,0,Unknown,Unknown
Hospital 1498,Osceola,Unknown,-1,None,None,None,None,None,Above,Same,0,Unknown,Unknown,0,Unknown,Unknown,15060,Average,Lower,0,Unknown,Unknown
Hospital 1499,Vinton,Private,-1,Same,None,Same,None,None,None,None,0,Unknown,Unknown,15647,Average,Average,17911,Average,Average,0,Unknown,Unknown
Hospital 1500,Lake City,Private,4,None,None,Above,Above,None,Above,None,0,Unknown,Unknown,0,Unknown,Unknown,18772,Average,Average,24883,Average,Higher
Hospital 1501,Estherville,Church,-1,Same,None,Same,None,None,None,None,0,Unknown,Unknown,17530,Average,Average,21018,Average,Higher,20299,Average,Average
Hospital 1502,Clarinda,Unknown,2,Same,None,Same,None,None,Above,None,0,Unknown,Unknown,16260,Average,Average,16121,Average,Average,0,Unknown,Unknown
Hospital 1503,Algona,Government,3,Same,None,Same,Same,None,Above,Same,0,Unknown,Unknown,17806,Average,Average,17697,Average,Average,0,Unknown,Unknown
Hospital 1504,Ida Grove,Private,3,None,None,Same,None,Same,Above,None,0,Unknown,Unknown,19957,Average,Higher,21660,Average,Higher,0,Unknown,Unknown
Hospital 1505,Knoxville,Private,2,Same,None,Same,None,Same,Above,None,0,Unknown,Unknown,18204,Average,Average,20169,Average,Higher,0,Unknown,Unknown
Hospital 1506,Mount Pleasant,Government,4,Same,None,Above,Above,None,None,None,0,Unknown,Unknown,15664,Average,Average,16423,Average,Average,21510,Average,Average
Hospital 1507,Emmetsburg,Government,-1,None,None,Same,None,None,None,None,0,Unknown,Unknown,19320,Average,Average,17186,Average,Average,0,Unknown,Unknown
Hospital 1508,Corydon,Government,4,Same,None,Same,Above,None,None,None,0,Unknown,Unknown,16465,Average,Average,16558,Average,Average,21128,Average,Average
Hospital 1509,Onawa,Private,4,Same,None,Above,Above,Same,Above,Same,0,Unknown,Unknown,15812,Average,Average,17254,Worse,Average,0,Unknown,Unknown
Hospital 1510,Orange City,Unknown,4,Same,None,Above,Above,None,Same,None,0,Unknown,Unknown,14639,Average,Average,15805,Average,Average,18101,Average,Lower
Hospital 1511,Webster City,Government,3,Same,None,Below,Above,Same,Same,Same,22480,Average,Average,16662,Average,Average,16622,Average,Average,0,Unknown,Unknown
Hospital 1512,Cherokee,Private,3,Same,None,Same,Same,None,None,None,0,Unknown,Unknown,17153,Average,Average,18916,Average,Average,0,Unknown,Unknown
Hospital 1513,Red Oak,Government,5,Same,None,Above,Above,None,None,None,0,Unknown,Unknown,14241,Average,Lower,16467,Average,Average,20515,Average,Average
Hospital 1514,Fairfield,Government,4,Same,None,Above,Above,None,None,Same,0,Unknown,Unknown,16745,Average,Average,19212,Average,Higher,22205,Average,Average
Hospital 1515,Creston,Government,5,None,None,Above,Above,Same,Above,Same,0,Unknown,Unknown,0,Unknown,Unknown,15924,Average,Average,21779,Average,Average
Hospital 1516,Shenandoah,Private,3,None,None,Same,None,Same,Above,None,0,Unknown,Unknown,0,Unknown,Unknown,15830,Average,Average,0,Unknown,Unknown
Hospital 1517,Pella,Unknown,4,Same,None,Above,Above,Same,Above,Below,0,Unknown,Unknown,17883,Average,Average,19433,Average,Higher,23198,Average,Average
Hospital 1518,Le Mars,Proprietary,4,Same,None,Above,Above,None,None,None,0,Unknown,Unknown,13808,Average,Lower,13767,Average,Lower,18624,Average,Lower
Hospital 1519,Denison,Unknown,3,Same,None,Above,Same,None,None,None,0,Unknown,Unknown,16433,Average,Average,15748,Average,Average,0,Unknown,Unknown
Hospital 1520,Sac City,Private,4,Same,None,Above,None,Same,Above,Same,0,Unknown,Unknown,17554,Average,Average,15825,Average,Lower,0,Unknown,Unknown
Hospital 1521,Decorah,Government,3,Same,None,Above,Above,Same,Above,Same,0,Unknown,Unknown,16493,Average,Average,18047,Average,Average,26523,Average,Higher
Hospital 1522,Boone,Government,2,Same,None,Below,Same,None,Same,Same,0,Unknown,Unknown,15502,Average,Average,16791,Average,Average,0,Unknown,Unknown
Hospital 1523,Mount Ayr,Government,-1,None,None,Same,None,None,None,None,0,Unknown,Unknown,15574,Average,Average,13472,Average,Lower,21398,Average,Average
Hospital 1524,Harlan,Unknown,4,Same,None,Same,Above,Same,Same,None,0,Unknown,Unknown,18804,Average,Average,19998,Average,Higher,0,Unknown,Unknown
Hospital 1525,Storm Lake,Government,3,Same,None,Above,Above,Same,Same,None,0,Unknown,Unknown,14891,Average,Average,15718,Average,Average,19084,Average,Lower
Hospital 1526,Atlantic,Government,3,Same,None,Above,Same,Same,Above,None,0,Unknown,Unknown,16463,Average,Average,20761,Average,Higher,0,Unknown,Unknown
Hospital 1527,Centerville,Private,-1,Same,None,Same,None,None,None,None,0,Unknown,Unknown,16103,Average,Average,17271,Average,Average,0,Unknown,Unknown
Hospital 1528,Dyersville,Private,-1,None,None,None,None,None,None,None,0,Unknown,Unknown,0,Unknown,Unknown,0,Unknown,Unknown,0,Unknown,Unknown
Hospital 1529,Oskaloosa,Government,3,Same,None,Above,Above,None,None,Below,0,Unknown,Unknown,13787,Average,Lower,14359,Worse,Lower,21064,Average,Average
Hospital 1530,Iowa Falls,Government,3,Same,None,Same,None,None,Same,Same,0,Unknown,Unknown,17341,Average,Average,16075,Average,Average,0,Unknown,Unknown
Hospital 1531,Sheldon,Private,3,Same,None,Same,None,None,Same,None,0,Unknown,Unknown,18685,Average,Average,19407,Average,Higher,0,Unknown,Unknown
Hospital 1532,Pittsburg,Private,2,Below,Below,Above,Same,Same,Above,Below,25301,Average,Average,16497,Average,Average,15527,Average,Lower,24369,Average,Higher
Hospital 1533,Leavenworth,Unknown,4,Same,None,Same,Above,Same,Above,None,0,Unknown,Unknown,16221,Average,Average,18660,Better,Average,0,Unknown,Unknown
Hospital 1534,Salina,Private,3,Same,Below,Above,Same,Same,Above,Same,23780,Average,Average,18417,Average,Higher,17660,Average,Average,22678,Average,Average
Hospital 1535,Hays,Unknown,3,Same,Below,Above,Above,Same,Above,Below,25082,Average,Average,17320,Average,Average,19101,Average,Higher,24274,Average,Higher
Hospital 1536,Ottawa,Government,4,Same,Same,Above,Same,Same,Above,Same,0,Unknown,Unknown,15932,Average,Average,17625,Average,Average,21598,Average,Average
Hospital 1537,Topeka,Church,4,Same,Above,Above,Same,Same,Above,Same,25101,Average,Average,17741,Average,Average,18057,Average,Average,19928,Average,Lower
Hospital 1538,El Dorado,Private,3,Below,Above,Below,Above,Same,Above,Same,0,Unknown,Unknown,15927,Average,Average,14800,Worse,Lower,22036,Average,Average
Hospital 1539,Hutchinson,Proprietary,3,Below,Below,Above,Below,Same,Above,Above,24527,Average,Average,16113,Average,Average,16442,Worse,Lower,19248,Average,Lower
Hospital 1540,Garden City,Private,2,Same,Below,Same,Below,Below,Above,Below,25326,Average,Average,17525,Average,Average,16618,Average,Average,24638,Average,Higher
Hospital 1541,Pratt,Private,4,Same,Below,Above,Above,Same,Above,Below,0,Unknown,Unknown,17306,Average,Average,16163,Average,Average,23331,Average,Higher
Hospital 1542,Wellington,Government,3,None,None,Same,None,Below,Above,None,0,Unknown,Unknown,0,Unknown,Unknown,15366,Average,Average,0,Unknown,Unknown
Hospital 1543,Kansas City,Government,5,Above,Above,Below,Above,Same,Below,Same,24496,Average,Average,19336,Better,Higher,17092,Better,Average,23408,Average,Higher
Hospital 1544,Olathe,Private,1,Same,Below,Below,Same,Same,Same,Same,22743,Average,Average,16796,Average,Average,17297,Worse,Average,22116,Average,Average
Hospital 1545,Fort Scott,Church,3,Same,None,Same,Same,Same,Same,Same,0,Unknown,Unknown,15839,Average,Average,15581,Average,Lower,0,Unknown,Unknown
Hospital 1546,Liberal,Government,2,Same,Below,Above,Below,Same,Above,Same,0,Unknown,Unknown,16909,Average,Average,19859,Average,Higher,20403,Average,Average
Hospital 1547,Junction City,Government,3,Same,Same,Above,Same,Same,Above,Same,0,Unknown,Unknown,15401,Average,Average,14170,Worse,Lower,19719,Average,Lower
Hospital 1548,Moundridge,Church,4,None,None,Above,None,Same,Above,None,0,Unknown,Unknown,15111,Average,Average,14469,Average,Lower,0,Unknown,Unknown
Hospital 1549,Topeka,Private,4,Same,Above,Above,Same,Same,Same,Same,23385,Average,Average,17999,Average,Higher,19519,Average,Higher,19220,Average,Lower
Hospital 1550,Newton,Private,5,Same,Same,Above,Above,Same,Above,Same,23732,Average,Average,15371,Average,Average,17378,Average,Average,18564,Average,Lower
Hospital 1551,Shawnee Mission,Church,4,Same,Same,Above,Above,Same,Same,Same,23605,Average,Average,17711,Average,Higher,18630,Average,Higher,22668,Average,Higher
Hospital 1552,Mcpherson,Private,3,Same,None,Same,Above,Same,Above,None,0,Unknown,Unknown,15832,Average,Average,17653,Average,Average,0,Unknown,Unknown
Hospital 1553,Paola,Private,4,Same,None,Same,Above,Same,Above,Same,0,Unknown,Unknown,15996,Average,Average,15615,Average,Average,21198,Average,Average
Hospital 1554,Ulysses,Government,-1,None,None,None,None,Same,Above,None,0,Unknown,Unknown,0,Unknown,Unknown,14285,Average,Lower,0,Unknown,Unknown
Hospital 1555,Parsons,Government,3,Same,Below,Above,Above,Same,Above,Same,0,Unknown,Unknown,17405,Average,Average,18192,Average,Average,17483,Average,Lower
Hospital 1556,Wichita,Church,2,Below,Same,Above,Below,Below,Same,Below,25361,Average,Higher,18128,Average,Higher,19715,Worse,Higher,21270,Average,Average
Hospital 1557,Wichita,Proprietary,4,Below,Above,Above,Same,Above,Above,Same,22680,Average,Average,18442,Worse,Higher,19597,Average,Higher,23685,Average,Higher
Hospital 1558,Leavenworth,Private,3,Same,None,Below,Same,Same,Same,None,0,Unknown,Unknown,15390,Average,Average,17899,Average,Average,25456,Average,Higher
Hospital 1559,Lawrence,Government,4,Below,Above,Above,Above,Above,Above,Above,21925,Average,Average,15941,Worse,Average,17293,Average,Average,20760,Average,Lower
Hospital 1560,Manhattan,Church,2,Below,Below,Above,Same,Same,Above,Same,22704,Average,Average,17910,Worse,Average,17496,Average,Average,21957,Average,Average
Hospital 1561,Coffeyville,Government,3,Same,Above,Above,Same,Same,Above,Same,0,Unknown,Unknown,14356,Average,Lower,15805,Average,Lower,20498,Average,Average
Hospital 1562,Kansas City,Church,5,Above,Above,Below,Below,Same,Above,Same,22630,Average,Average,16868,Better,Average,20087,Better,Higher,22686,Average,Average
Hospital 1563,Arkansas City,Government,2,Same,None,Same,Same,Same,Above,Below,0,Unknown,Unknown,15871,Average,Average,15632,Average,Lower,21574,Average,Average
Hospital 1564,Elkhart,Government,3,Same,None,Same,None,Same,Above,None,0,Unknown,Unknown,13692,Average,Lower,14196,Average,Lower,0,Unknown,Unknown
Hospital 1565,Dodge City,Proprietary,2,Same,Above,Above,Below,Same,Above,Same,21063,Average,Lower,15459,Average,Average,15988,Average,Average,22726,Average,Average
Hospital 1566,Overland Park,Proprietary,2,Same,Same,Below,Same,Same,Above,Same,24080,Average,Average,16264,Average,Average,17407,Average,Average,23363,Average,Higher
Hospital 1567,Overland Park,Unknown,3,Same,Above,Below,Below,Same,Above,Same,22477,Average,Average,16051,Average,Average,18259,Average,Average,21193,Average,Lower
Hospital 1568,Wichita,Unknown,-1,None,None,None,Above,None,None,None,0,Unknown,Unknown,0,Unknown,Unknown,0,Unknown,Unknown,19537,Better,Lower
Hospital 1569,Overland Park,Unknown,5,Same,Above,Above,Above,Same,Same,Same,22809,Average,Average,17283,Average,Average,18085,Average,Average,20359,Average,Lower
Hospital 1570,Wichita,Proprietary,5,Same,Above,Above,Above,None,None,None,25671,Average,Higher,15802,Average,Average,0,Unknown,Unknown,0,Unknown,Unknown
Hospital 1571,Salina,Unknown,5,None,None,Above,Above,Same,None,None,0,Unknown,Unknown,0,Unknown,Unknown,0,Unknown,Unknown,19824,Average,Lower
Hospital 1572,Leawood,Unknown,-1,None,None,None,Above,None,None,None,0,Unknown,Unknown,0,Unknown,Unknown,0,Unknown,Unknown,20525,Average,Lower
Hospital 1573,Manhattan,Unknown,5,None,None,Same,Above,Same,None,None,0,Unknown,Unknown,0,Unknown,Unknown,0,Unknown,Unknown,19768,Average,Lower
Hospital 1574,Great Bend,Proprietary,3,Same,Above,Same,Same,Below,Above,Below,0,Unknown,Unknown,17696,Average,Average,15359,Average,Lower,22435,Average,Average
Hospital 1575,Leawood,Proprietary,-1,None,None,None,None,None,None,None,0,Unknown,Unknown,0,Unknown,Unknown,0,Unknown,Unknown,0,Unknown,Unknown
Hospital 1576,Wichita,Unknown,-1,None,None,None,Above,None,None,None,0,Unknown,Unknown,0,Unknown,Unknown,0,Unknown,Unknown,21936,Average,Average
Hospital 1577,Andover,Proprietary,4,Same,Above,Above,Above,Same,Above,Below,24715,Average,Average,19572,Average,Higher,18144,Average,Average,18408,Average,Lower
Hospital 1578,Hutchinson,Unknown,-1,None,None,None,None,None,None,None,0,Unknown,Unknown,0,Unknown,Unknown,0,Unknown,Unknown,20758,Average,Lower
Hospital 1579,Lenexa,Proprietary,-1,None,None,None,None,None,None,None,0,Unknown,Unknown,0,Unknown,Unknown,0,Unknown,Unknown,0,Unknown,Unknown
Hospital 1580,Wichita,Church,4,Same,Below,Above,Above,Same,Above,Below,24620,Average,Average,17274,Average,Average,18144,Average,Average,20101,Average,Lower
Hospital 1581,Overland Park,Proprietary,-1,None,None,None,Above,None,None,None,0,Unknown,Unknown,0,Unknown,Unknown,0,Unknown,Unknown,0,Unknown,Unknown
Hospital 1582,Galena,Government,5,None,None,Above,Above,Below,None,None,0,Unknown,Unknown,0,Unknown,Unknown,0,Unknown,Unknown,20049,Average,Lower
Hospital 1583,Ransom,Government,-1,None,None,None,None,None,None,None,0,Unknown,Unknown,0,Unknown,Unknown,0,Unknown,Unknown,0,Unknown,Unknown
Hospital 1584,Ellinwood,Government,-1,None,None,None,None,None,None,None,0,Unknown,Unknown,22097,Average,Higher,19962,Average,Average,0,Unknown,Unknown
Hospital 1585,Oswego,Proprietary,-1,None,None,None,None,None,None,None,0,Unknown,Unknown,0,Unknown,Unknown,0,Unknown,Unknown,0,Unknown,Unknown
Hospital 1586,Dighton,Unknown,-1,None,None,None,None,None,None,None,0,Unknown,Unknown,0,Unknown,Unknown,0,Unknown,Unknown,0,Unknown,Unknown
Hospital 1587,Ashland,Unknown,-1,None,None,None,None,None,None,None,0,Unknown,Unknown,0,Unknown,Unknown,0,Unknown,Unknown,0,Unknown,Unknown
Hospital 1588,Leoti,Government,-1,None,None,None,None,Same,Same,None,0,Unknown,Unknown,0,Unknown,Unknown,0,Unknown,Unknown,0,Unknown,Unknown
Hospital 1589,Atwood,Unknown,-1,None,None,Same,None,None,None,None,0,Unknown,Unknown,0,Unknown,Unknown,20318,Average,Average,0,Unknown,Unknown
Hospital 1590,Columbus,Church,-1,None,None,None,None,Same,Same,None,0,Unknown,Unknown,0,Unknown,Unknown,0,Unknown,Unknown,0,Unknown,Unknown
Hospital 1591,Mankato,Government,-1,None,None,None,None,None,None,None,0,Unknown,Unknown,0,Unknown,Unknown,0,Unknown,Unknown,0,Unknown,Unknown
Hospital 1592,St Francis,Private,-1,None,None,Same,None,None,None,None,0,Unknown,Unknown,0,Unknown,Unknown,21278,Average,Higher,0,Unknown,Unknown
Hospital 1593,Plainville,Government,-1,None,None,Same,None,None,None,None,0,Unknown,Unknown,0,Unknown,Unknown,19417,Average,Average,0,Unknown,Unknown
Hospital 1594,Coldwater,Government,-1,None,None,None,None,None,None,None,0,Unknown,Unknown,0,Unknown,Unknown,21772,Average,Higher,0,Unknown,Unknown
Hospital 1595,Lakin,Government,-1,None,None,None,Same,None,None,None,0,Unknown,Unknown,0,Unknown,Unknown,16795,Average,Average,0,Unknown,Unknown
Hospital 1596,Winchester,Private,-1,None,None,None,None,None,None,None,0,Unknown,Unknown,0,Unknown,Unknown,0,Unknown,Unknown,0,Unknown,Unknown
Hospital 1597,Seneca,Private,3,None,None,Same,None,Same,Above,Same,0,Unknown,Unknown,18403,Average,Average,21430,Average,Higher,0,Unknown,Unknown
Hospital 1598,Garnett,Private,-1,None,None,None,None,Same,Same,None,0,Unknown,Unknown,0,Unknown,Unknown,22857,Average,Higher,0,Unknown,Unknown
Hospital 1599,Kinsley,Government,-1,None,None,None,None,Same,Above,None,0,Unknown,Unknown,0,Unknown,Unknown,0,Unknown,Unknown,0,Unknown,Unknown
Hospital 1600,Sedan,Government,-1,None,None,None,None,None,None,None,0,Unknown,Unknown,0,Unknown,Unknown,21879,Average,Higher,0,Unknown,Unknown
Hospital 1601,Holton,Private,4,None,None,Same,None,Same,Same,Same,0,Unknown,Unknown,0,Unknown,Unknown,14489,Average,Lower,0,Unknown,Unknown
Hospital 1602,Horton,Proprietary,-1,None,None,None,None,None,None,None,0,Unknown,Unknown,0,Unknown,Unknown,0,Unknown,Unknown,0,Unknown,Unknown
Hospital 1603,Meade,Government,3,None,None,Same,None,None,Above,Same,0,Unknown,Unknown,0,Unknown,Unknown,16659,Average,Average,21218,Average,Average
Hospital 1604,Syracuse,Government,-1,None,None,None,None,None,None,None,0,Unknown,Unknown,0,Unknown,Unknown,0,Unknown,Unknown,0,Unknown,Unknown
Hospital 1605,Stafford,Unknown,-1,None,None,None,None,None,None,None,0,Unknown,Unknown,0,Unknown,Unknown,0,Unknown,Unknown,0,Unknown,Unknown
Hospital 1606,Satanta,Government,-1,None,None,None,None,None,None,None,0,Unknown,Unknown,0,Unknown,Unknown,17160,Average,Average,0,Unknown,Unknown
Hospital 1607,Hill City,Government,-1,None,None,Same,None,None,Above,None,0,Unknown,Unknown,14199,Unknown,Unknown,17640,Average,Average,0,Unknown,Unknown
Hospital 1608,Oakley,Government,-1,None,None,None,None,None,None,None,0,Unknown,Unknown,0,Unknown,Unknown,0,Unknown,Unknown,0,Unknown,Unknown
Hospital 1609,Ellsworth,Government,-1,Same,None,Below,None,None,None,None,0,Unknown,Unknown,17495,Average,Average,17713,Average,Average,0,Unknown,Unknown
Hospital 1610,Minneapolis,Unknown,-1,None,None,None,None,None,Above,None,0,Unknown,Unknown,0,Unknown,Unknown,21698,Average,Higher,0,Unknown,Unknown
Hospital 1611,Caldwell,Government,-1,None,None,None,None,None,None,None,0,Unknown,Unknown,0,Unknown,Unknown,21248,Average,Higher,0,Unknown,Unknown
Hospital 1612,Lyons,Government,-1,None,None,Same,None,None,None,None,0,Unknown,Unknown,0,Unknown,Unknown,18163,Average,Average,0,Unknown,Unknown
Hospital 1613,Kiowa,Government,-1,None,None,None,None,None,None,None,0,Unknown,Unknown,0,Unknown,Unknown,0,Unknown,Unknown,0,Unknown,Unknown
Hospital 1614,Greensburg,Government,-1,None,None,None,None,None,None,None,0,Unknown,Unknown,0,Unknown,Unknown,0,Unknown,Unknown,0,Unknown,Unknown
Hospital 1615,Hoisington,Private,4,None,None,Above,None,Same,Above,None,0,Unknown,Unknown,0,Unknown,Unknown,18633,Average,Average,21603,Average,Average
Hospital 1616,Medicine Lodge,Government,-1,None,None,None,None,None,None,None,0,Unknown,Unknown,0,Unknown,Unknown,16672,Average,Average,0,Unknown,Unknown
Hospital 1617,Hugoton,Government,-1,None,None,None,None,None,None,None,0,Unknown,Unknown,0,Unknown,Unknown,19618,Average,Average,0,Unknown,Unknown
Hospital 1618,Ness City,Government,-1,None,None,None,None,None,Above,None,0,Unknown,Unknown,0,Unknown,Unknown,16821,Average,Average,0,Unknown,Unknown
Hospital 1619,Wamego,Unknown,4,None,None,Same,None,None,Same,Same,0,Unknown,Unknown,0,Unknown,Unknown,19024,Average,Average,0,Unknown,Unknown
Hospital 1620,Sabetha,Private,4,None,None,Above,None,Same,Above,None,0,Unknown,Unknown,0,Unknown,Unknown,15921,Average,Average,0,Unknown,Unknown
Hospital 1621,Eureka,Government,3,Same,None,Same,Above,Same,Above,None,0,Unknown,Unknown,19300,Average,Higher,19983,Average,Higher,0,Unknown,Unknown
Hospital 1622,Herington,Government,-1,None,None,Same,None,None,None,None,0,Unknown,Unknown,17360,Average,Average,16141,Average,Average,0,Unknown,Unknown
Hospital 1623,Hiawatha,Private,4,Same,None,Same,Above,None,Above,Below,0,Unknown,Unknown,16117,Average,Average,17555,Average,Average,0,Unknown,Unknown
Hospital 1624,La Crosse,Government,-1,None,None,None,None,None,None,None,0,Unknown,Unknown,0,Unknown,Unknown,15756,Average,Average,0,Unknown,Unknown
Hospital 1625,Johnson,Government,-1,None,None,None,None,None,None,None,0,Unknown,Unknown,0,Unknown,Unknown,0,Unknown,Unknown,0,Unknown,Unknown
Hospital 1626,Neodesha,Government,3,Same,None,Same,None,Same,Above,None,0,Unknown,Unknown,18697,Average,Average,19025,Average,Average,0,Unknown,Unknown
Hospital 1627,Larned,Government,4,None,None,Above,None,Same,Same,None,0,Unknown,Unknown,20640,Average,Higher,23589,Average,Higher,0,Unknown,Unknown
Hospital 1628,Anthony,Government,-1,None,None,None,None,None,None,None,0,Unknown,Unknown,0,Unknown,Unknown,19927,Average,Average,0,Unknown,Unknown
Hospital 1629,Hoxie,Government,-1,None,None,None,None,Same,Above,None,0,Unknown,Unknown,0,Unknown,Unknown,20894,Average,Higher,0,Unknown,Unknown
Hospital 1630,Norton,Government,-1,None,None,None,None,Same,Above,None,0,Unknown,Unknown,0,Unknown,Unknown,15700,Average,Average,0,Unknown,Unknown
Hospital 1631,Concordia,Private,-1,Same,None,Below,None,None,None,None,0,Unknown,Unknown,16379,Average,Average,18588,Average,Average,0,Unknown,Unknown
Hospital 1632,Russell,Private,-1,None,None,Same,None,None,None,None,0,Unknown,Unknown,0,Unknown,Unknown,17880,Average,Average,0,Unknown,Unknown
Hospital 1633,Washington,Government,-1,None,None,None,None,None,None,None,0,Unknown,Unknown,0,Unknown,Unknown,20433,Average,Higher,0,Unknown,Unknown
Hospital 1634,Oberlin,Government,-1,None,None,None,None,Same,Same,None,0,Unknown,Unknown,0,Unknown,Unknown,21779,Average,Higher,0,Unknown,Unknown
Hospital 1635,Phillipsburg,Government,-1,None,None,Same,None,None,None,None,0,Unknown,Unknown,0,Unknown,Unknown,22235,Average,Higher,0,Unknown,Unknown
Hospital 1636,Onaga,Government,4,Same,None,Above,None,Same,Above,Same,0,Unknown,Unknown,19734,Average,Higher,18465,Average,Average,0,Unknown,Unknown
Hospital 1637,Wa Keeney,Government,-1,Same,None,Same,None,None,None,None,0,Unknown,Unknown,17453,Average,Average,20634,Average,Higher,0,Unknown,Unknown
Hospital 1638,Marion,Government,-1,None,None,None,None,Same,Above,None,0,Unknown,Unknown,0,Unknown,Unknown,15725,Average,Average,0,Unknown,Unknown
Hospital 1639,Hillsboro,Proprietary,-1,None,None,None,None,None,None,None,0,Unknown,Unknown,0,Unknown,Unknown,21920,Average,Higher,0,Unknown,Unknown
Hospital 1640,Lindsborg,Private,-1,None,None,None,None,None,None,None,0,Unknown,Unknown,0,Unknown,Unknown,18510,Average,Average,0,Unknown,Unknown
Hospital 1641,Tribune,Government,3,Same,None,Same,None,None,Above,None,0,Unknown,Unknown,16776,Average,Average,18039,Average,Average,0,Unknown,Unknown
Hospital 1642,Lincoln,Government,-1,None,None,None,None,None,None,None,0,Unknown,Unknown,0,Unknown,Unknown,24927,Average,Higher,0,Unknown,Unknown
Hospital 1643,Belleville,Private,3,Same,None,Below,Same,None,None,None,0,Unknown,Unknown,17638,Average,Average,20002,Average,Higher,0,Unknown,Unknown
Hospital 1644,Colby,Private,3,Same,None,Same,Same,None,None,None,0,Unknown,Unknown,18567,Average,Average,21546,Average,Higher,0,Unknown,Unknown
Hospital 1645,Marysville,Private,-1,Same,None,Same,None,None,None,None,0,Unknown,Unknown,16378,Average,Average,17270,Average,Average,0,Unknown,Unknown
Hospital 1646,Osborne,Government,-1,None,None,None,None,None,None,None,0,Unknown,Unknown,0,Unknown,Unknown,20188,Average,Higher,0,Unknown,Unknown
Hospital 1647,Hanover,Government,-1,None,None,None,None,None,None,None,0,Unknown,Unknown,0,Unknown,Unknown,0,Unknown,Unknown,0,Unknown,Unknown
Hospital 1648,Quinter,Unknown,3,Same,None,Same,None,Same,Above,None,0,Unknown,Unknown,0,Unknown,Unknown,21566,Average,Higher,0,Unknown,Unknown
Hospital 1649,Minneola,Government,-1,None,None,Same,None,None,None,None,0,Unknown,Unknown,15970,Average,Average,18267,Average,Average,0,Unknown,Unknown
Hospital 1650,Jetmore,Government,-1,None,None,None,None,None,None,None,0,Unknown,Unknown,0,Unknown,Unknown,20148,Average,Average,0,Unknown,Unknown
Hospital 1651,Goodland,Government,3,Same,None,Same,None,Same,Above,None,0,Unknown,Unknown,15642,Average,Average,18234,Average,Average,0,Unknown,Unknown
Hospital 1652,Clay Center,Government,2,Same,None,Below,Above,Same,Above,Below,0,Unknown,Unknown,18856,Average,Average,19774,Average,Higher,0,Unknown,Unknown
Hospital 1653,Scott City,Private,-1,Same,None,Same,None,None,None,None,0,Unknown,Unknown,18358,Average,Average,20673,Average,Higher,0,Unknown,Unknown
Hospital 1654,Iola,Government,2,Same,None,Same,None,None,Above,None,0,Unknown,Unknown,19779,Worse,Higher,22928,Average,Higher,0,Unknown,Unknown
Hospital 1655,Fredonia,Government,-1,None,None,Above,None,None,None,None,0,Unknown,Unknown,0,Unknown,Unknown,16957,Average,Average,0,Unknown,Unknown
Hospital 1656,Beloit,Government,3,Same,None,Below,Above,None,Above,Same,0,Unknown,Unknown,16635,Average,Average,17187,Average,Average,0,Unknown,Unknown
Hospital 1657,Girard,Government,3,Same,None,Same,None,Same,Above,None,0,Unknown,Unknown,17969,Average,Average,17024,Average,Average,0,Unknown,Unknown
Hospital 1658,Smith Center,Government,4,None,None,Same,Above,Same,Above,None,0,Unknown,Unknown,15945,Average,Average,14444,Average,Lower,0,Unknown,Unknown
Hospital 1659,Kingman,Private,3,Same,None,Same,None,Same,Above,Same,0,Unknown,Unknown,17902,Average,Average,19224,Average,Average,0,Unknown,Unknown
Hospital 1660,Council Grove,Government,-1,Same,None,Above,None,None,None,None,0,Unknown,Unknown,17235,Average,Average,19793,Average,Average,0,Unknown,Unknown
Hospital 1661,Chanute,Government,3,Same,None,Below,Above,Same,Above,Same,0,Unknown,Unknown,16732,Average,Average,16540,Average,Average,0,Unknown,Unknown
Hospital 1662,Abilene,Government,-1,Same,None,Above,None,None,None,None,0,Unknown,Unknown,17900,Average,Average,17864,Worse,Average,0,Unknown,Unknown
Hospital 1663,Atchison,Private,3,Same,None,Same,Above,None,None,None,0,Unknown,Unknown,16816,Average,Average,19155,Average,Average,22950,Average,Average
Hospital 1664,Winfield,Government,3,Same,None,Same,Above,Same,Above,Below,0,Unknown,Unknown,15089,Average,Average,13754,Average,Lower,0,Unknown,Unknown
Hospital 1665,Emporia,Government,3,Same,None,Same,Same,Same,Above,Same,25074,Average,Average,18362,Average,Average,17824,Average,Average,20806,Average,Average
Hospital 1666,Burlington,Government,4,Same,None,Above,Above,Same,None,None,0,Unknown,Unknown,0,Unknown,Unknown,0,Unknown,Unknown,0,Unknown,Unknown
Hospital 1667,Overland Park,Private,-1,None,None,None,None,None,None,None,0,Unknown,Unknown,0,Unknown,Unknown,0,Unknown,Unknown,0,Unknown,Unknown
Hospital 1668,Fort Thomas,Private,3,Same,Same,Below,Above,Same,Same,Above,22276,Average,Average,16949,Average,Average,17925,Average,Average,0,Unknown,Unknown
Hospital 1669,Whitesburg,Unknown,3,Same,Above,Below,Above,Same,Above,Same,23709,Average,Average,15347,Average,Average,15200,Average,Lower,0,Unknown,Unknown
Hospital 1670,Greenville,Private,4,Same,Above,Above,Above,Same,Above,Same,0,Unknown,Unknown,15956,Average,Average,15441,Average,Lower,21850,Average,Average
Hospital 1671,Prestonsburg,Proprietary,1,Same,Below,Below,Below,Same,Below,Same,23145,Average,Average,16123,Average,Average,15705,Average,Lower,21353,Average,Average
Hospital 1672,Ashland,Private,2,Same,Same,Below,Same,Same,Below,Same,24641,Average,Average,16201,Average,Average,16539,Average,Lower,22425,Average,Average
Hospital 1673,Lexington,Church,2,Same,Below,Above,Below,Same,Below,Above,23985,Average,Average,17125,Average,Average,19867,Average,Higher,20487,Average,Lower
Hospital 1674,London,Private,4,Same,Above,Above,Same,Same,Below,Same,22789,Average,Average,16474,Average,Average,16543,Average,Average,23090,Average,Average
Hospital 1675,Elizabethtown,Government,3,Same,Below,Above,Same,Below,Below,Same,24779,Average,Average,15450,Average,Lower,16936,Average,Average,21113,Average,Lower
Hospital 1676,Bowling Green,Private,1,Same,Below,Below,Same,Same,Below,Above,23159,Average,Average,17488,Average,Average,18395,Average,Higher,25814,Average,Higher
Hospital 1677,Shelbyville,Private,3,Same,Same,Same,Same,Same,Same,Same,0,Unknown,Unknown,18025,Average,Average,18389,Average,Average,22162,Average,Average
Hospital 1678,Glasgow,Unknown,2,Below,Below,Above,Below,Same,Same,Below,22347,Average,Average,16484,Average,Average,18000,Worse,Average,26610,Average,Higher
Hospital 1679,Morehead,Government,2,Same,Below,Below,Same,Same,Above,Above,24968,Average,Average,16398,Average,Average,17858,Average,Average,19730,Average,Average
Hospital 1680,Maysville,Proprietary,3,Same,Above,Above,Same,Same,Above,Below,23149,Average,Average,17261,Average,Average,17776,Average,Average,21946,Average,Average
Hospital 1681,Middlesboro,Private,3,Same,Same,Below,Same,Same,Same,Same,24129,Average,Average,16004,Average,Average,16351,Average,Average,0,Unknown,Unknown
Hospital 1682,Pineville,Private,4,Same,None,Same,None,Same,Above,None,0,Unknown,Unknown,12916,Average,Lower,13592,Average,Lower,0,Unknown,Unknown
Hospital 1683,Lebanon,Proprietary,3,Same,Same,Same,Same,Same,Same,Same,0,Unknown,Unknown,15881,Average,Average,15439,Average,Lower,22093,Average,Average
Hospital 1684,Bardstown,Private,3,Same,Below,Above,Same,Same,Same,Same,24143,Average,Average,17692,Average,Average,17422,Average,Average,21258,Average,Average
Hospital 1685,Murray,Unknown,2,Same,Same,Same,Same,Below,Same,Same,24027,Average,Average,14128,Average,Lower,14178,Average,Lower,21294,Average,Average
Hospital 1686,Hazard,Private,2,Same,Above,Below,Below,Same,Below,Same,23250,Average,Average,14667,Average,Lower,18505,Average,Higher,23512,Average,Average
Hospital 1687,Edgewood,Church,4,Above,Above,Below,Above,Same,Same,Above,22768,Average,Average,18146,Better,Higher,18017,Average,Average,21133,Average,Lower
Hospital 1688,Ashland,Private,2,Same,Below,Below,Above,Same,Above,Same,24636,Average,Average,16029,Average,Average,18244,Average,Average,22331,Average,Average
Hospital 1689,Owensboro,Private,3,Below,Below,Above,Same,Same,Above,Below,25319,Average,Average,16150,Average,Average,17945,Average,Average,22782,Average,Higher
Hospital 1690,Louisville,Private,2,Above,Below,Below,Below,Below,Below,Above,23141,Average,Average,18702,Average,Higher,18919,Average,Higher,21667,Average,Average
Hospital 1691,Manchester,Church,4,Same,None,Below,Above,Same,Same,Same,0,Unknown,Unknown,17976,Average,Average,16770,Average,Average,0,Unknown,Unknown
Hospital 1692,Pikeville,Private,1,Same,Below,Below,Same,Above,Above,Below,22082,Average,Lower,16642,Average,Average,17652,Average,Average,18493,Average,Lower
Hospital 1693,Florence,Private,3,Same,Above,Below,Below,Same,Same,Same,25287,Average,Average,17428,Average,Average,18317,Average,Average,0,Unknown,Unknown
Hospital 1694,Paris,Proprietary,3,None,None,Same,Same,Same,Above,Same,0,Unknown,Unknown,0,Unknown,Unknown,14266,Average,Lower,0,Unknown,Unknown
Hospital 1695,Danville,Private,3,Same,Same,Same,Same,Same,Same,Same,25566,Average,Average,16604,Average,Average,17507,Average,Average,21591,Average,Average
Hospital 1696,Richmond,Private,4,Below,Above,Above,Above,Same,Same,Same,23823,Average,Average,17792,Average,Average,18137,Worse,Average,25112,Average,Higher
Hospital 1697,Harlan,Unknown,2,Same,Above,Below,Below,Same,Above,Below,23570,Average,Average,14524,Average,Lower,15783,Average,Lower,0,Unknown,Unknown
Hospital 1698,Hopkinsville,Private,2,Below,Below,Same,Same,Same,Same,Same,23319,Average,Average,15975,Average,Average,16920,Worse,Average,22350,Average,Average
Hospital 1699,Flemingsburg,Unknown,3,Same,None,Above,Below,Same,Above,Below,0,Unknown,Unknown,16001,Average,Average,14584,Average,Lower,21244,Average,Average
Hospital 1700,Henderson,Church,2,Same,Below,Below,Same,Same,Same,Same,22612,Average,Average,17681,Average,Average,17688,Average,Average,0,Unknown,Unknown
Hospital 1701,Mount Sterling,Private,3,Same,Below,Above,Same,Same,Same,Same,0,Unknown,Unknown,16077,Average,Average,16622,Average,Average,22451,Average,Average
Hospital 1702,Russellville,Proprietary,4,Same,None,Above,Above,Same,Above,Same,0,Unknown,Unknown,16546,Average,Average,16345,Average,Average,0,Unknown,Unknown
Hospital 1703,Lexington,Government,1,Below,Below,Below,Same,Same,Below,Above,23268,Average,Average,19177,Average,Higher,19077,Average,Higher,20254,Average,Lower
Hospital 1704,South Williamson,Proprietary,2,Same,Same,Below,Same,Same,Same,Same,0,Unknown,Unknown,14406,Average,Lower,15366,Average,Lower,0,Unknown,Unknown
Hospital 1705,Leitchfield,Unknown,4,Same,Above,Same,Same,Same,Above,Same,0,Unknown,Unknown,15048,Average,Lower,15651,Average,Lower,21614,Average,Average
Hospital 1706,Paintsville,Proprietary,3,Same,Same,Same,Below,Same,Same,Same,21919,Average,Average,15903,Average,Average,17061,Average,Average,0,Unknown,Unknown
Hospital 1707,Cynthiana,Unknown,2,Below,None,Below,Above,Same,Above,Same,25280,Average,Average,16691,Average,Average,13734,Worse,Lower,0,Unknown,Unknown
Hospital 1708,Corbin,Private,2,Same,Below,Below,Same,Same,Same,Same,22845,Average,Average,16675,Average,Average,20373,Worse,Higher,23515,Average,Average
Hospital 1709,Campbellsville,Government,4,Same,Same,Above,Same,Same,Same,Below,25161,Average,Average,17150,Average,Average,16841,Average,Average,21782,Average,Average
Hospital 1710,Louisville,Private,2,Same,Below,Below,Same,Below,Below,Below,22905,Average,Average,16434,Better,Average,19083,Average,Higher,20385,Average,Lower
Hospital 1711,Winchester,Proprietary,3,Same,Above,Above,Same,Same,Above,Same,22815,Average,Average,15076,Worse,Average,14523,Average,Lower,24643,Average,Higher
Hospital 1712,Madisonville,Private,2,Below,Same,Below,Same,Same,Same,Same,23738,Average,Average,17241,Average,Average,18332,Worse,Average,24777,Average,Higher
Hospital 1713,Marion,Proprietary,3,Same,None,Same,Same,Same,Above,None,0,Unknown,Unknown,14197,Average,Lower,15272,Average,Lower,0,Unknown,Unknown
Hospital 1714,Georgetown,Proprietary,4,Same,None,Above,Above,Same,Above,Same,0,Unknown,Unknown,15701,Average,Average,16983,Average,Average,0,Unknown,Unknown
Hospital 1715,Paducah,Church,3,Below,Above,Below,Same,Same,Same,Below,23755,Average,Average,16267,Worse,Average,16809,Average,Average,21141,Average,Lower
Hospital 1716,Lexington,Unknown,4,Same,Above,Above,Above,Same,Below,Same,24763,Average,Average,18292,Average,Higher,18621,Average,Higher,20091,Average,Lower
Hospital 1717,Paducah,Church,3,Below,Above,Above,Above,Same,Same,Below,22200,Worse,Lower,14775,Worse,Lower,15919,Worse,Lower,21890,Average,Average
Hospital 1718,Tompkinsville,Unknown,3,Same,None,Below,Above,Same,Above,Same,0,Unknown,Unknown,16112,Average,Average,13370,Average,Lower,0,Unknown,Unknown
Hospital 1719,Albany,Private,2,Same,None,Same,None,Same,Above,None,0,Unknown,Unknown,14945,Average,Average,14491,Average,Lower,0,Unknown,Unknown
Hospital 1720,Mount Vernon,Private,4,Same,None,Below,Above,Same,Above,Same,0,Unknown,Unknown,16309,Average,Average,13479,Average,Lower,0,Unknown,Unknown
Hospital 1721,Mayfield,Government,4,Same,Above,Above,Same,Same,Above,Same,24250,Average,Average,16457,Average,Average,16919,Average,Average,21909,Average,Average
Hospital 1722,Bowling Green,Proprietary,3,Same,Above,Below,Same,Same,Above,Same,23128,Average,Average,15544,Average,Average,16293,Average,Average,20935,Average,Lower
Hospital 1723,Frankfort,Proprietary,2,Same,Above,Below,Below,Above,Above,Same,22799,Average,Average,17210,Average,Average,17550,Worse,Average,22492,Average,Average
Hospital 1724,Louisa,Proprietary,3,Same,Same,Below,Above,Same,Same,Same,0,Unknown,Unknown,15458,Average,Average,14451,Average,Lower,0,Unknown,Unknown
Hospital 1725,Louisville,Private,2,Below,Below,Above,Above,Same,Same,Above,22460,Average,Average,16763,Worse,Average,18368,Worse,Higher,21162,Average,Lower
Hospital 1726,Somerset,Proprietary,1,Below,Below,Below,Below,Same,Same,Below,22727,Average,Average,15724,Worse,Average,16543,Average,Lower,23008,Average,Average
Hospital 1727,La Grange,Private,3,Same,Below,Same,Above,Same,Same,Same,0,Unknown,Unknown,16245,Average,Average,17894,Average,Average,20691,Average,Average
Hospital 1728,Jackson,Unknown,2,Same,None,Below,Same,Same,Above,None,0,Unknown,Unknown,14993,Average,Average,15481,Average,Lower,0,Unknown,Unknown
Hospital 1729,Louisville,Private,1,Below,Below,Below,Below,Same,Below,Above,23648,Average,Average,17519,Average,Average,20049,Average,Higher,0,Unknown,Unknown
Hospital 1730,Lexington,Private,4,Same,Above,Above,Same,Below,Below,None,23643,Average,Average,18336,Average,Average,18322,Average,Average,19840,Average,Lower
Hospital 1731,Columbia,Government,3,None,None,Same,None,Same,Same,Same,0,Unknown,Unknown,0,Unknown,Unknown,13485,Average,Lower,0,Unknown,Unknown
Hospital 1732,Irvine,Private,4,Same,None,Above,Same,Same,Above,Same,0,Unknown,Unknown,16410,Average,Average,17404,Average,Average,0,Unknown,Unknown
Hospital 1733,Harrodsburg,Unknown,4,None,None,Above,None,None,Same,Same,0,Unknown,Unknown,17023,Unknown,Unknown,17431,Average,Average,0,Unknown,Unknown
Hospital 1734,Cadiz,Private,-1,None,None,None,None,Below,Same,None,0,Unknown,Unknown,0,Unknown,Unknown,17634,Average,Average,0,Unknown,Unknown
Hospital 1735,Martin,Private,5,None,None,Same,Above,Same,None,None,0,Unknown,Unknown,0,Unknown,Unknown,15776,Average,Average,0,Unknown,Unknown
Hospital 1736,Morganfield,Church,3,Same,None,Below,Same,Same,Same,Same,0,Unknown,Unknown,0,Unknown,Unknown,16687,Average,Average,0,Unknown,Unknown
Hospital 1737,West Liberty,Private,-1,None,None,Same,None,None,None,Same,0,Unknown,Unknown,0,Unknown,Unknown,18685,Average,Average,0,Unknown,Unknown
Hospital 1738,Versailles,Proprietary,-1,None,None,None,None,Same,None,None,0,Unknown,Unknown,0,Unknown,Unknown,18813,Average,Average,0,Unknown,Unknown
Hospital 1739,Liberty,Government,4,Same,None,Below,Above,Below,Above,Same,0,Unknown,Unknown,17514,Average,Average,14719,Average,Lower,0,Unknown,Unknown
Hospital 1740,Carrollton,Private,3,Same,None,Same,None,Same,Above,Same,0,Unknown,Unknown,16919,Average,Average,16153,Average,Average,0,Unknown,Unknown
Hospital 1741,Williamstown,Church,-1,None,None,None,None,Same,Above,Same,0,Unknown,Unknown,0,Unknown,Unknown,0,Unknown,Unknown,0,Unknown,Unknown
Hospital 1742,Horse Cave,Private,3,Same,None,Same,None,Same,Same,Below,0,Unknown,Unknown,18764,Average,Average,18181,Average,Average,0,Unknown,Unknown
Hospital 1743,Stanford,Private,-1,None,None,None,Same,Same,Above,None,0,Unknown,Unknown,0,Unknown,Unknown,15208,Average,Lower,0,Unknown,Unknown
Hospital 1744,Hyden,Private,-1,None,None,Same,None,None,None,None,0,Unknown,Unknown,0,Unknown,Unknown,15704,Average,Average,0,Unknown,Unknown
Hospital 1745,Burkesville,Government,4,Same,None,Below,Above,Same,Above,None,0,Unknown,Unknown,15410,Average,Average,16566,Average,Average,0,Unknown,Unknown
Hospital 1746,Franklin,Private,2,Same,None,Below,Below,None,None,Same,0,Unknown,Unknown,18104,Average,Average,18907,Average,Average,0,Unknown,Unknown
Hospital 1747,Hardinsburg,Government,3,Same,None,Same,Same,Same,Same,Same,0,Unknown,Unknown,16135,Average,Average,16903,Average,Average,0,Unknown,Unknown
Hospital 1748,Salem,Private,3,Same,None,Same,Same,Same,Above,None,0,Unknown,Unknown,14503,Average,Average,14703,Average,Lower,0,Unknown,Unknown
Hospital 1749,Monticello,Private,-1,None,None,Same,None,None,None,Same,0,Unknown,Unknown,0,Unknown,Unknown,16154,Average,Average,0,Unknown,Unknown
Hospital 1750,Princeton,Government,-1,None,None,Same,None,None,None,Same,0,Unknown,Unknown,0,Unknown,Unknown,17684,Average,Average,0,Unknown,Unknown
Hospital 1751,Hartford,Proprietary,4,Same,None,Same,Same,None,None,Same,0,Unknown,Unknown,16668,Average,Average,14966,Average,Lower,0,Unknown,Unknown
Hospital 1752,Scottsville,Private,3,Same,None,Same,None,None,None,Same,0,Unknown,Unknown,17766,Average,Average,17504,Average,Average,0,Unknown,Unknown
Hospital 1753,Greensburg,Private,3,Same,None,Same,None,Same,Same,Same,0,Unknown,Unknown,17913,Average,Average,19545,Average,Average,0,Unknown,Unknown
Hospital 1754,Benton,Government,4,Same,None,Same,Above,Same,Above,Same,0,Unknown,Unknown,16364,Average,Average,17390,Average,Average,0,Unknown,Unknown
Hospital 1755,Barbourville,Government,3,Same,None,Same,None,Same,Above,Same,0,Unknown,Unknown,15269,Average,Average,13549,Worse,Lower,0,Unknown,Unknown
Hospital 1756,Berea,Private,4,Same,None,Below,Above,None,None,Same,0,Unknown,Unknown,15386,Average,Average,17406,Average,Average,0,Unknown,Unknown
Hospital 1757,Russell Springs,Government,2,None,None,Same,None,Same,Same,Below,0,Unknown,Unknown,0,Unknown,Unknown,14377,Average,Lower,0,Unknown,Unknown
Hospital 1758,Mc Dowell,Private,-1,Same,None,Below,None,None,None,None,0,Unknown,Unknown,17377,Average,Average,21398,Average,Higher,0,Unknown,Unknown
Hospital 1759,Lafayette,Private,3,Same,Above,Same,Above,Same,Same,Below,25744,Worse,Average,16112,Average,Average,17398,Average,Average,19779,Average,Lower
Hospital 1760,Thibodaux,Government,4,Same,Above,Below,Above,Same,Above,Same,22868,Average,Average,15005,Average,Lower,16081,Average,Lower,21119,Average,Average
Hospital 1761,New Orleans,Private,2,Same,Below,Below,Below,Below,Below,Same,25328,Average,Average,16052,Average,Average,17297,Average,Average,0,Unknown,Unknown
Hospital 1762,Lafayette,Private,4,None,Same,Same,Above,Same,Same,Below,0,Unknown,Unknown,0,Unknown,Unknown,0,Unknown,Unknown,0,Unknown,Unknown
Hospital 1763,Natchitoches,Government,4,Above,Same,Above,Same,Same,Same,Below,26035,Average,Average,20597,Average,Higher,22057,Better,Higher,22114,Average,Average
Hospital 1764,Houma,Government,2,Same,Above,Below,Above,Same,Same,Same,22518,Average,Average,17142,Average,Average,17366,Average,Average,21029,Average,Average
Hospital 1765,Monroe,Proprietary,3,None,Same,Below,Same,Same,Below,Same,0,Unknown,Unknown,20117,Average,Higher,19784,Average,Average,23164,Average,Average
Hospital 1766,Sulphur,Government,3,Same,Above,Below,Same,Same,Same,Below,23036,Average,Average,15411,Average,Average,17703,Average,Average,21431,Average,Average
Hospital 1767,Morgan City,Proprietary,2,Same,Below,Same,Same,Same,Above,Same,22524,Average,Average,16319,Average,Average,18493,Average,Average,24544,Average,Average
Hospital 1768,Hammond,Government,2,Same,Below,Below,Same,Same,Same,Same,24286,Average,Average,18912,Average,Higher,19206,Average,Higher,21981,Average,Average
Hospital 1769,Opelousas,Government,3,Same,Same,Above,Below,Same,Below,Below,25436,Average,Average,18651,Average,Higher,18697,Average,Higher,26003,Average,Higher
Hospital 1770,Alexandria,Private,2,Below,Below,Below,Same,Same,Below,Below,24491,Average,Average,17474,Average,Average,18363,Average,Higher,0,Unknown,Unknown
Hospital 1771,Zachary,Government,3,Same,Above,Below,Same,Same,Same,Same,24524,Average,Average,15886,Average,Average,16722,Worse,Average,32643,Worse,Higher
Hospital 1772,Mamou,Government,2,Same,None,Below,None,Same,Above,Below,0,Unknown,Unknown,17037,Average,Average,15720,Average,Lower,0,Unknown,Unknown
Hospital 1773,Alexandria,Proprietary,2,Same,Below,Below,Same,Above,Below,Above,23806,Average,Average,15870,Average,Average,17741,Average,Average,26220,Average,Higher
Hospital 1774,Lake Charles,Private,2,Same,Below,Above,Same,Same,Below,Same,23977,Average,Average,16281,Average,Average,17929,Average,Average,20696,Average,Lower
Hospital 1775,Abbeville,Government,4,Same,Above,Above,Same,Same,Same,Same,0,Unknown,Unknown,17886,Average,Average,16666,Average,Average,23508,Average,Average
Hospital 1776,New Orleans,Private,2,Above,Below,Below,Same,Same,Below,Below,21387,Average,Lower,14843,Better,Lower,16325,Average,Lower,18941,Average,Lower
Hospital 1777,Marrero,Private,3,Same,Above,Above,Same,Same,Below,Same,20987,Average,Lower,14727,Average,Lower,18113,Average,Average,21384,Average,Average
Hospital 1778,Slidell,Government,3,Above,Same,Below,Same,Same,Below,Below,22290,Average,Average,16750,Better,Average,15496,Average,Lower,22875,Average,Average
Hospital 1779,Shreveport,Church,3,Same,Below,Above,Above,Same,Below,Same,21575,Average,Lower,16186,Average,Average,19152,Average,Higher,24060,Average,Higher
Hospital 1780,Crowley,Proprietary,3,Same,Above,Below,Same,Same,Above,Same,0,Unknown,Unknown,15117,Average,Average,16702,Average,Average,20750,Average,Average
Hospital 1781,Covington,Government,4,Above,Above,Below,Above,Same,Below,Below,25700,Average,Average,16038,Average,Average,17705,Average,Average,22581,Average,Average
Hospital 1782,New Orleans,Private,3,Above,Below,Above,Same,Same,Same,Below,22006,Average,Average,16050,Average,Average,17671,Better,Average,19169,Average,Lower
Hospital 1783,Deridder,Government,3,Above,Same,Below,Same,Same,Same,Below,24708,Average,Average,16875,Average,Average,16631,Average,Average,0,Unknown,Unknown
Hospital 1784,Jennings,Private,2,Same,Below,Below,Above,Same,Same,Below,0,Unknown,Unknown,15658,Average,Average,16547,Worse,Average,20952,Average,Average
Hospital 1785,New Iberia,Government,2,Same,Above,Same,Below,Same,Below,Below,24667,Average,Average,16156,Average,Average,16562,Average,Average,28165,Average,Higher
Hospital 1786,Lake Charles,Private,2,Same,Below,Same,Same,Same,Same,Below,23526,Average,Average,15529,Average,Lower,16409,Average,Lower,21793,Average,Average
Hospital 1787,Baton Rouge,Church,2,Below,Above,Above,Same,Below,Below,Same,22790,Average,Average,15944,Worse,Average,17935,Average,Average,21956,Average,Average
Hospital 1788,Baton Rouge,Private,2,Below,Below,Same,Above,Same,Below,Same,22558,Average,Average,15951,Average,Average,17628,Average,Average,22255,Average,Average
Hospital 1789,Luling,Government,3,None,None,Below,Above,Same,Above,None,0,Unknown,Unknown,15325,Average,Average,17181,Average,Average,0,Unknown,Unknown
Hospital 1790,Oak Grove,Proprietary,4,Same,None,Above,Same,Below,Above,Below,0,Unknown,Unknown,17218,Average,Average,15961,Better,Lower,0,Unknown,Unknown
Hospital 1791,Ruston,Proprietary,2,Same,Below,Below,Below,Same,Same,None,25418,Average,Average,18597,Average,Higher,21158,Average,Higher,0,Unknown,Unknown
Hospital 1792,Springhill,Private,4,Same,None,Above,Same,Same,Above,None,0,Unknown,Unknown,16835,Average,Average,16393,Average,Average,0,Unknown,Unknown
Hospital 1793,Winnfield,Proprietary,3,Same,None,Below,Same,Same,Above,Below,0,Unknown,Unknown,15250,Average,Average,18361,Average,Average,0,Unknown,Unknown
Hospital 1794,Shreveport,Private,1,Same,Below,Below,Below,Below,Below,Below,23534,Average,Average,17109,Average,Average,15234,Average,Lower,0,Unknown,Unknown
Hospital 1795,Marksville,Proprietary,3,Same,None,Below,Same,Same,Above,None,0,Unknown,Unknown,16928,Average,Average,15736,Average,Lower,0,Unknown,Unknown
Hospital 1796,Lafayette,Private,4,Same,Below,Above,Above,Below,Same,Below,26883,Average,Higher,16929,Average,Average,18104,Average,Average,20665,Average,Lower
Hospital 1797,Oakdale,Proprietary,3,Same,None,Same,None,Below,Above,None,0,Unknown,Unknown,16408,Average,Average,15833,Average,Average,0,Unknown,Unknown
Hospital 1798,Shreveport,Private,3,Above,Below,Above,Below,Below,Below,Below,23829,Average,Average,16974,Better,Average,18561,Better,Higher,21213,Average,Lower
Hospital 1799,Homer,Government,3,Same,Same,Same,None,Same,Same,None,0,Unknown,Unknown,18029,Average,Average,18207,Average,Average,0,Unknown,Unknown
Hospital 1800,Bastrop,Government,2,Same,None,Below,Below,Below,Same,Below,0,Unknown,Unknown,15643,Average,Average,15974,Average,Lower,0,Unknown,Unknown
Hospital 1801,Mansfield,Private,2,Same,None,Below,None,Below,Above,None,0,Unknown,Unknown,15445,Average,Average,18284,Average,Average,0,Unknown,Unknown
Hospital 1802,Monroe,Private,3,Same,Same,Above,Same,Below,Below,Below,23884,Average,Average,15622,Average,Lower,18698,Average,Higher,21323,Average,Average
Hospital 1803,Baton Rouge,Private,3,None,Same,None,Above,Same,Above,None,0,Unknown,Unknown,0,Unknown,Unknown,0,Unknown,Unknown,0,Unknown,Unknown
Hospital 1804,Kinder,Government,-1,None,None,None,None,Same,Above,None,0,Unknown,Unknown,0,Unknown,Unknown,14910,Average,Lower,0,Unknown,Unknown
Hospital 1805,Winnsboro,Government,3,Same,None,Same,Same,Below,Same,Same,0,Unknown,Unknown,17875,Average,Average,16819,Average,Average,0,Unknown,Unknown
Hospital 1806,Minden,Proprietary,3,Same,Above,Below,Above,Same,Above,Same,24476,Average,Average,16542,Average,Average,18282,Average,Average,26436,Average,Higher
Hospital 1807,Jena,Government,2,Same,None,Below,None,Below,Same,None,0,Unknown,Unknown,15173,Average,Average,14686,Average,Lower,0,Unknown,Unknown
Hospital 1808,Metairie,Government,4,Above,Above,Above,Same,Same,Below,Below,22701,Average,Average,16188,Average,Average,16585,Average,Average,19714,Average,Lower
Hospital 1809,Rayville,Government,3,Same,None,Below,Same,Same,Above,None,0,Unknown,Unknown,16285,Average,Average,15620,Average,Lower,0,Unknown,Unknown
Hospital 1810,West Monroe,Proprietary,3,Above,Above,Below,Below,Same,Below,Below,23073,Average,Average,16791,Better,Average,20602,Average,Higher,24397,Average,Higher
Hospital 1811,Leesville,Proprietary,4,Same,None,Same,Below,Same,Same,Same,0,Unknown,Unknown,18006,Average,Average,18989,Average,Higher,0,Unknown,Unknown
Hospital 1812,Ville Platte,Proprietary,5,Same,Above,Above,Above,Same,Above,Same,24726,Average,Average,17104,Average,Average,18322,Average,Average,21464,Average,Average
Hospital 1813,New Orleans,Proprietary,1,Same,Below,Below,Below,Above,Same,Same,22326,Average,Average,15247,Average,Average,20317,Average,Higher,20987,Average,Average
Hospital 1814,Houma,Unknown,3,Same,Same,Below,Above,Same,Below,Same,0,Unknown,Unknown,14442,Average,Lower,15491,Average,Average,18279,Average,Lower
Hospital 1815,Columbia,Government,4,Same,None,Below,Above,Below,Above,None,0,Unknown,Unknown,15986,Average,Average,15196,Average,Lower,0,Unknown,Unknown
Hospital 1816,Columbia,Proprietary,4,Same,None,Below,Above,None,None,None,0,Unknown,Unknown,13964,Average,Lower,13219,Average,Lower,0,Unknown,Unknown
Hospital 1817,Lake Charles,Private,3,Same,Same,Below,Same,Same,Above,None,0,Unknown,Unknown,15323,Average,Average,15066,Average,Lower,20379,Average,Lower
Hospital 1818,Baton Rouge,Private,3,Same,Same,Above,Same,Same,Below,Below,24653,Average,Average,17850,Average,Average,17907,Average,Average,26854,Average,Higher
Hospital 1819,Slidell,Private,3,Same,Above,Below,Same,Same,Same,Below,22856,Average,Average,14575,Average,Lower,17083,Better,Average,23348,Average,Average
Hospital 1820,Lafayette,Proprietary,3,Same,Same,Same,Same,Same,Above,None,25582,Average,Average,17926,Average,Average,20143,Average,Average,0,Unknown,Unknown
Hospital 1821,Lake Providence,Government,4,Same,None,Below,Above,Same,Above,None,0,Unknown,Unknown,14936,Average,Average,13140,Average,Lower,0,Unknown,Unknown
Hospital 1822,Many,Proprietary,3,Same,None,Same,None,Below,Same,None,0,Unknown,Unknown,15629,Average,Average,15536,Average,Lower,0,Unknown,Unknown
Hospital 1823,Houma,Proprietary,-1,None,None,None,Above,Same,None,None,0,Unknown,Unknown,0,Unknown,Unknown,0,Unknown,Unknown,0,Unknown,Unknown
Hospital 1824,Gonzales,Private,4,Same,Below,Above,Above,Same,Above,Same,0,Unknown,Unknown,16087,Average,Average,18328,Average,Average,26138,Average,Higher
Hospital 1825,Monroe,Unknown,-1,None,None,None,None,Same,None,Below,0,Unknown,Unknown,0,Unknown,Unknown,0,Unknown,Unknown,0,Unknown,Unknown
Hospital 1826,Baton Rouge,Unknown,-1,None,None,None,Above,None,None,None,0,Unknown,Unknown,0,Unknown,Unknown,0,Unknown,Unknown,0,Unknown,Unknown
Hospital 1827,Lafayette,Proprietary,5,None,Same,Above,Above,Below,None,None,0,Unknown,Unknown,0,Unknown,Unknown,0,Unknown,Unknown,18710,Average,Lower
Hospital 1828,Slidell,Proprietary,-1,None,None,None,None,None,None,None,0,Unknown,Unknown,0,Unknown,Unknown,0,Unknown,Unknown,0,Unknown,Unknown
Hospital 1829,Lafayette,Unknown,-1,None,None,None,Above,None,None,None,0,Unknown,Unknown,0,Unknown,Unknown,0,Unknown,Unknown,21277,Average,Average
Hospital 1830,Lafayette,Proprietary,4,Below,None,Same,Above,Below,Above,Same,23960,Average,Average,16586,Average,Average,19278,Average,Average,0,Unknown,Unknown
Hospital 1831,Baton Rouge,Private,-1,None,None,None,Above,None,None,None,0,Unknown,Unknown,0,Unknown,Unknown,0,Unknown,Unknown,0,Unknown,Unknown
Hospital 1832,Covington,Unknown,4,None,None,Same,Above,Same,None,None,0,Unknown,Unknown,0,Unknown,Unknown,0,Unknown,Unknown,21985,Average,Average
Hospital 1833,Lafayette,Unknown,-1,None,None,None,None,None,None,None,0,Unknown,Unknown,0,Unknown,Unknown,0,Unknown,Unknown,22051,Average,Average
Hospital 1834,Slidell,Unknown,-1,None,None,None,Above,None,None,None,0,Unknown,Unknown,0,Unknown,Unknown,0,Unknown,Unknown,21388,Average,Average
Hospital 1835,Kenner,Private,3,Same,Above,Below,Same,Same,Below,Below,23431,Average,Average,16264,Average,Average,17503,Average,Average,18981,Average,Lower
Hospital 1836,Shreveport,Unknown,-1,None,None,None,Above,None,None,None,0,Unknown,Unknown,0,Unknown,Unknown,0,Unknown,Unknown,21793,Average,Average
Hospital 1837,Leesville,Proprietary,-1,None,None,Same,Above,None,None,None,0,Unknown,Unknown,0,Unknown,Unknown,16828,Average,Average,33319,Average,Higher
Hospital 1838,Alexandria,Unknown,5,None,None,Same,Above,Same,None,Below,0,Unknown,Unknown,0,Unknown,Unknown,0,Unknown,Unknown,21829,Average,Average
Hospital 1839,New Orleans,Unknown,-1,None,None,None,None,None,None,None,0,Unknown,Unknown,0,Unknown,Unknown,0,Unknown,Unknown,0,Unknown,Unknown
Hospital 1840,Metairie,Proprietary,-1,None,None,None,None,None,None,None,0,Unknown,Unknown,0,Unknown,Unknown,0,Unknown,Unknown,0,Unknown,Unknown
Hospital 1841,Hammond,Unknown,4,None,None,Below,Above,Same,None,None,0,Unknown,Unknown,0,Unknown,Unknown,0,Unknown,Unknown,34531,Average,Higher
Hospital 1842,Cameron,Proprietary,-1,None,None,None,None,None,None,None,0,Unknown,Unknown,0,Unknown,Unknown,0,Unknown,Unknown,0,Unknown,Unknown
Hospital 1843,Chalmette,Government,2,Same,None,Same,Same,Below,Same,None,0,Unknown,Unknown,16272,Average,Average,15510,Average,Lower,0,Unknown,Unknown
Hospital 1844,Bogalusa,Church,3,Same,Same,Below,Same,Same,Same,Same,0,Unknown,Unknown,17040,Average,Average,20861,Average,Higher,0,Unknown,Unknown
Hospital 1845,New Orleans,Government,-1,None,None,None,Same,Below,Below,None,0,Unknown,Unknown,0,Unknown,Unknown,0,Unknown,Unknown,0,Unknown,Unknown
Hospital 1846,Greensburg,Government,-1,None,None,None,None,None,None,None,0,Unknown,Unknown,0,Unknown,Unknown,0,Unknown,Unknown,0,Unknown,Unknown
Hospital 1847,Farmerville,Private,3,None,None,Same,None,Same,Above,None,0,Unknown,Unknown,0,Unknown,Unknown,22609,Average,Higher,0,Unknown,Unknown
Hospital 1848,Breaux Bridge,Private,-1,None,None,Same,None,None,None,None,0,Unknown,Unknown,0,Unknown,Unknown,19241,Average,Average,0,Unknown,Unknown
Hospital 1849,Napoleonville,Private,-1,None,None,None,None,None,Same,None,0,Unknown,Unknown,0,Unknown,Unknown,0,Unknown,Unknown,0,Unknown,Unknown
Hospital 1850,Vivian,Government,4,Same,None,Same,Above,None,None,None,0,Unknown,Unknown,17522,Average,Average,16495,Average,Average,0,Unknown,Unknown
Hospital 1851,Lutcher,Government,3,None,None,Same,None,Same,Same,None,0,Unknown,Unknown,0,Unknown,Unknown,18158,Average,Average,0,Unknown,Unknown
Hospital 1852,Saint Francisville,Government,-1,None,None,None,None,None,None,None,0,Unknown,Unknown,0,Unknown,Unknown,0,Unknown,Unknown,0,Unknown,Unknown
Hospital 1853,Dequincy,Proprietary,-1,None,None,None,None,None,None,None,0,Unknown,Unknown,0,Unknown,Unknown,0,Unknown,Unknown,0,Unknown,Unknown
Hospital 1854,Donaldsonville,Government,-1,None,None,None,None,None,None,None,0,Unknown,Unknown,0,Unknown,Unknown,0,Unknown,Unknown,0,Unknown,Unknown
Hospital 1855,Amite,Government,-1,None,None,Same,None,None,None,None,0,Unknown,Unknown,0,Unknown,Unknown,18217,Average,Average,0,Unknown,Unknown
Hospital 1856,Franklin,Government,-1,Same,None,Same,None,None,None,None,0,Unknown,Unknown,21523,Average,Higher,23762,Average,Higher,0,Unknown,Unknown
Hospital 1857,Bunkie,Government,-1,None,None,None,None,None,None,None,0,Unknown,Unknown,0,Unknown,Unknown,0,Unknown,Unknown,0,Unknown,Unknown
Hospital 1858,Coushatta,Private,-1,Same,None,Below,None,None,None,None,0,Unknown,Unknown,19761,Average,Higher,22571,Average,Higher,0,Unknown,Unknown
Hospital 1859,Franklinton,Government,-1,Same,None,Same,None,None,None,None,0,Unknown,Unknown,17868,Average,Average,19167,Average,Average,0,Unknown,Unknown
Hospital 1860,Tallulah,Government,-1,None,None,None,None,None,None,None,0,Unknown,Unknown,0,Unknown,Unknown,0,Unknown,Unknown,0,Unknown,Unknown
Hospital 1861,Olla,Government,3,Same,None,Same,None,Same,Above,Below,0,Unknown,Unknown,16967,Average,Average,22084,Average,Higher,0,Unknown,Unknown
Hospital 1862,New Roads,Government,3,None,None,Same,None,Same,Same,None,0,Unknown,Unknown,16750,Average,Average,19705,Average,Average,0,Unknown,Unknown
Hospital 1863,Jonesboro,Government,2,None,None,Below,None,Same,Above,None,0,Unknown,Unknown,0,Unknown,Unknown,18579,Average,Average,0,Unknown,Unknown
Hospital 1864,Ferriday,Government,-1,Same,None,Below,None,None,None,None,0,Unknown,Unknown,18138,Average,Average,18461,Average,Average,0,Unknown,Unknown
Hospital 1865,Church Point,Government,-1,None,None,None,None,None,None,None,0,Unknown,Unknown,0,Unknown,Unknown,0,Unknown,Unknown,0,Unknown,Unknown
Hospital 1866,Arcadia,Proprietary,-1,None,None,None,None,None,None,None,0,Unknown,Unknown,0,Unknown,Unknown,18877,Average,Average,0,Unknown,Unknown
Hospital 1867,Independence,Government,-1,None,None,None,None,None,None,None,0,Unknown,Unknown,0,Unknown,Unknown,0,Unknown,Unknown,0,Unknown,Unknown
Hospital 1868,Kaplan,Government,-1,None,None,Same,None,None,None,None,0,Unknown,Unknown,18595,Average,Average,20905,Average,Higher,0,Unknown,Unknown
Hospital 1869,Delhi,Government,4,Same,None,Above,None,Same,Same,None,0,Unknown,Unknown,18023,Average,Average,19079,Average,Average,0,Unknown,Unknown
Hospital 1870,Raceland,Unknown,4,Same,None,Same,Above,Same,Above,Same,0,Unknown,Unknown,16303,Average,Average,17211,Average,Average,0,Unknown,Unknown
Hospital 1871,Cut Off,Government,2,Same,None,Below,None,None,Same,Same,0,Unknown,Unknown,17916,Average,Average,17013,Average,Average,0,Unknown,Unknown
Hospital 1872,Bernice,Government,-1,None,None,None,None,None,Same,None,0,Unknown,Unknown,0,Unknown,Unknown,25750,Average,Higher,0,Unknown,Unknown
Hospital 1873,New Orleans,Private,-1,None,None,None,None,None,None,None,0,Unknown,Unknown,0,Unknown,Unknown,0,Unknown,Unknown,0,Unknown,Unknown
Hospital 1874,Shreveport,Private,-1,None,None,None,None,None,None,None,0,Unknown,Unknown,0,Unknown,Unknown,0,Unknown,Unknown,0,Unknown,Unknown
Hospital 1875,Bangor,Church,3,Same,Below,Below,Above,Same,Below,Same,21901,Average,Average,14601,Average,Lower,16496,Average,Average,21584,Average,Average
Hospital 1876,Portland,Church,5,Same,Below,Above,Above,Same,Same,Same,23820,Average,Average,16033,Average,Average,17867,Average,Average,20386,Average,Lower
Hospital 1877,Portland,Private,5,Below,Above,Above,Above,Same,Below,Above,24009,Average,Average,17310,Average,Average,19089,Average,Higher,18457,Average,Lower
Hospital 1878,Presque Isle,Private,2,Same,Below,Below,Same,Same,Same,Same,19627,Average,Lower,14850,Average,Lower,15045,Average,Lower,24380,Average,Higher
Hospital 1879,Biddeford,Private,2,Below,Above,Above,Below,Same,Below,Above,23902,Average,Average,15462,Worse,Lower,16229,Average,Lower,20270,Average,Lower
Hospital 1880,York,Private,4,Same,Above,Above,Above,Same,Same,Same,26201,Average,Average,15711,Average,Average,14692,Better,Lower,20770,Average,Lower
Hospital 1881,Brunswick,Private,4,Below,Above,Above,Above,Same,Below,Same,23168,Average,Average,15563,Average,Average,16531,Average,Average,20749,Average,Average
Hospital 1882,Lewiston,Private,2,Below,Below,Above,Same,Above,Below,Same,23572,Average,Average,16690,Worse,Average,17115,Average,Average,19501,Average,Lower
Hospital 1883,Caribou,Government,3,Below,Above,Below,Above,Same,Same,Same,25632,Average,Average,14817,Average,Lower,15698,Worse,Lower,23429,Average,Higher
Hospital 1884,Bangor,Private,2,Same,Above,Above,Below,Same,Below,Same,20632,Average,Lower,15507,Average,Lower,17193,Average,Average,21446,Average,Average
Hospital 1885,Lewiston,Private,3,Same,Below,Same,Same,Same,Same,Same,20194,Average,Lower,16897,Average,Average,18345,Average,Average,22662,Average,Average
Hospital 1886,Farmington,Private,3,Same,Above,Same,Same,Same,Same,Same,21724,Average,Average,13930,Average,Lower,15462,Average,Lower,22266,Average,Average
Hospital 1887,Augusta,Unknown,4,Same,Same,Above,Above,Above,Below,Above,22256,Average,Average,15462,Average,Lower,17457,Average,Average,20261,Average,Lower
Hospital 1888,Waterville,Proprietary,4,Same,Above,Same,Above,Same,Same,Same,24172,Average,Average,17524,Average,Average,14849,Average,Lower,20942,Average,Average
Hospital 1889,Ellsworth,Unknown,4,Same,Above,Above,Same,Above,Same,Same,21510,Average,Lower,14094,Average,Lower,14632,Average,Lower,21006,Average,Average
Hospital 1890,Fort Kent,Private,5,Same,Same,Above,Above,Same,Same,Same,22166,Average,Average,15506,Average,Average,16244,Average,Average,23913,Average,Average
Hospital 1891,Rockport,Private,3,Same,Same,Same,Same,Same,Same,Above,22325,Average,Average,15429,Average,Average,15944,Average,Lower,22032,Average,Average
Hospital 1892,Blue Hill,Private,4,Same,None,Above,None,Same,Same,Same,0,Unknown,Unknown,17759,Average,Average,18553,Average,Average,21095,Average,Average
Hospital 1893,Greenville,Private,-1,None,None,None,None,Same,Same,None,0,Unknown,Unknown,0,Unknown,Unknown,0,Unknown,Unknown,0,Unknown,Unknown
Hospital 1894,Damariscotta,Private,4,Same,None,Below,Above,Same,Same,Same,0,Unknown,Unknown,17135,Average,Average,16021,Average,Average,21884,Average,Average
Hospital 1895,Lincoln,Private,3,Same,None,Same,None,Same,Same,Same,21686,Average,Average,14316,Average,Lower,18365,Average,Average,0,Unknown,Unknown
Hospital 1896,Bar Harbor,Private,4,Same,None,Below,Above,Same,Same,None,0,Unknown,Unknown,17475,Average,Average,18414,Average,Average,26799,Average,Higher
Hospital 1897,Calais,Private,2,Same,None,Below,None,Same,Same,Same,22982,Average,Average,15829,Average,Average,17065,Average,Average,20548,Average,Average
Hospital 1898,Rumford,Proprietary,3,Same,None,Same,Above,Same,Same,Same,0,Unknown,Unknown,16337,Average,Average,16129,Average,Average,0,Unknown,Unknown
Hospital 1899,Millinocket,Private,4,Same,None,Same,Above,None,None,Same,24200,Average,Average,16871,Average,Average,15248,Average,Lower,20804,Average,Average
Hospital 1900,Houlton,Private,3,Same,None,Below,Above,Same,Same,Same,0,Unknown,Unknown,16088,Average,Average,15919,Average,Average,0,Unknown,Unknown
Hospital 1901,Dover Foxcroft,Government,3,Same,None,Same,Above,Same,Below,Same,24512,Average,Average,16893,Average,Average,17788,Average,Average,24102,Average,Average
Hospital 1902,Bridgton,Private,4,Same,None,Above,Same,Same,Same,Same,0,Unknown,Unknown,17408,Average,Average,16854,Average,Average,0,Unknown,Unknown
Hospital 1903,Machias,Private,4,Same,None,Same,Above,Same,Same,Same,24230,Average,Average,16088,Average,Average,14435,Average,Lower,0,Unknown,Unknown
Hospital 1904,Belfast,Private,3,Same,None,Below,Above,Same,None,None,23125,Average,Average,18101,Average,Average,18081,Average,Average,27785,Average,Higher
Hospital 1905,Pittsfield,Private,4,Same,None,Same,Above,None,Same,Same,22561,Average,Average,16170,Average,Average,16526,Average,Average,0,Unknown,Unknown
Hospital 1906,Skowhegan,Proprietary,4,Same,None,Above,Above,Same,Same,Same,23254,Average,Average,15525,Average,Average,15328,Average,Lower,23979,Average,Average
Hospital 1907,Norway,Private,4,Same,None,Above,Above,Same,Same,Same,0,Unknown,Unknown,16697,Average,Average,16627,Average,Average,19759,Average,Lower
Hospital 1908,Hagerstown,Private,3,Same,Above,Above,Below,Same,Below,Above,23554,Average,Average,16938,Average,Average,17010,Average,Average,19906,Average,Lower
Hospital 1909,Baltimore,Private,1,Same,Below,Below,Below,Same,Below,Above,23307,Average,Average,16194,Average,Average,17699,Average,Average,22576,Average,Average
Hospital 1910,Cheverly,Private,1,Same,Above,Below,Below,Same,Below,Same,23521,Average,Average,16536,Average,Average,18064,Average,Average,0,Unknown,Unknown
Hospital 1911,Silver Spring,Church,3,Same,Same,Above,Below,Same,Below,Above,22964,Average,Average,17164,Average,Average,18348,Average,Higher,23566,Average,Higher
Hospital 1912,Frederick,Private,3,Same,Below,Above,Same,Same,Below,Above,24250,Average,Average,17346,Average,Average,16774,Average,Average,20814,Average,Lower
Hospital 1913,Havre De Grace,Private,1,Below,Below,Below,Below,Same,Same,Same,23788,Average,Average,16672,Worse,Average,15287,Average,Lower,23966,Average,Average
Hospital 1914,Baltimore,Church,3,Same,Same,Same,Above,Same,Below,Same,25111,Average,Average,16705,Average,Average,17665,Average,Average,18475,Average,Lower
Hospital 1915,Baltimore,Private,3,Above,Below,Below,Above,Same,Below,Below,24313,Average,Average,16146,Better,Average,15942,Average,Lower,0,Unknown,Unknown
Hospital 1916,Baltimore,Church,3,Same,Above,Above,Below,Same,Below,Above,21671,Average,Lower,16822,Average,Average,16885,Worse,Average,22167,Average,Average
Hospital 1917,Baltimore,Private,4,Same,Above,Above,Below,Same,Below,Above,23837,Average,Average,16515,Average,Average,16833,Average,Average,21534,Average,Average
Hospital 1918,Baltimore,Private,2,Same,Below,Below,Below,Below,Below,None,0,Unknown,Unknown,17068,Average,Average,19675,Average,Higher,0,Unknown,Unknown
Hospital 1919,Baltimore,Private,2,Same,Below,Below,Below,Same,Below,Above,25525,Average,Higher,16087,Average,Average,16786,Average,Average,23386,Average,Higher
Hospital 1920,Takoma Park,Private,3,Same,Below,Above,Below,Same,Below,Same,23829,Average,Average,18092,Average,Higher,17517,Average,Average,28294,Average,Higher
Hospital 1921,Oakland,Private,4,Same,Above,Above,Same,Same,Above,Same,24029,Average,Average,16132,Average,Average,14144,Average,Lower,22202,Average,Average
Hospital 1922,Olney,Private,3,Same,Below,Above,Below,Same,Below,Above,23458,Average,Average,16425,Average,Average,17847,Average,Average,24610,Average,Higher
Hospital 1923,Salisbury,Private,5,Above,Above,Above,Same,Same,Below,Above,20092,Average,Lower,16468,Average,Average,16818,Average,Average,20269,Better,Lower
Hospital 1924,Bethesda,Private,4,Same,Above,Above,Below,Same,Below,Above,21367,Average,Lower,17223,Average,Average,17170,Average,Average,21897,Better,Average
Hospital 1925,Annapolis,Private,5,Below,Above,Above,Above,Above,Below,Above,23308,Average,Average,15838,Average,Lower,15340,Average,Lower,20116,Average,Lower
Hospital 1926,Baltimore,Unknown,5,Same,Above,Above,Same,Same,Below,Above,24477,Average,Average,16986,Better,Average,16553,Average,Average,20188,Average,Lower
Hospital 1927,Cumberland,Private,1,Below,Below,Above,Below,Above,Same,Above,23325,Average,Average,17497,Average,Average,16496,Worse,Lower,19625,Average,Lower
Hospital 1928,Leonardtown,Private,3,Same,Above,Above,Below,Same,Below,Above,21516,Average,Average,15983,Average,Average,15945,Average,Lower,18335,Average,Lower
Hospital 1929,Baltimore,Private,3,Above,Above,Below,Below,Same,Below,Above,22649,Average,Average,15355,Better,Lower,16173,Average,Lower,19433,Average,Lower
Hospital 1930,Chestertown,Private,3,Same,Above,Below,Same,Same,Same,Same,22120,Average,Average,15078,Average,Average,16180,Average,Average,22478,Average,Average
Hospital 1931,Elkton,Private,2,Same,Same,Same,Below,Same,Below,Same,26073,Average,Average,17821,Average,Average,17235,Average,Average,22523,Average,Average
Hospital 1932,Westminster,Private,2,Below,Above,Above,Below,Same,Below,Above,24827,Average,Average,17410,Worse,Average,16247,Worse,Lower,18388,Average,Lower
Hospital 1933,Baltimore,Private,3,Above,Same,Same,Below,Same,Below,Same,24918,Average,Average,14521,Average,Lower,18307,Average,Average,23006,Average,Higher
Hospital 1934,La Plata,Private,3,Same,Below,Above,Below,Above,Below,Above,23807,Average,Average,17384,Average,Average,16898,Average,Average,21147,Average,Average
Hospital 1935,Easton,Private,3,Below,Above,Above,Same,Same,Below,Same,21246,Average,Lower,14830,Average,Lower,15075,Average,Lower,20081,Average,Lower
Hospital 1936,Baltimore,Unknown,3,Same,Above,Below,Below,Same,Below,None,0,Unknown,Unknown,16804,Average,Average,20034,Average,Higher,25761,Average,Higher
Hospital 1937,Prince Frederick,Unknown,4,Same,Same,Above,Same,Same,Below,Above,25335,Average,Average,15945,Average,Average,16761,Average,Average,21957,Average,Average
Hospital 1938,Randallstown,Private,2,Below,Below,Above,Below,Same,Below,Above,24792,Average,Average,16054,Average,Average,15904,Worse,Lower,21680,Average,Average
Hospital 1939,Glen Burnie,Unknown,2,Below,Below,Below,Same,Below,Below,Above,23534,Average,Average,15886,Average,Lower,16798,Worse,Lower,19359,Average,Lower
Hospital 1940,Baltimore,Private,4,Same,Above,Above,Same,Same,Below,Same,24110,Average,Average,16433,Average,Average,16665,Average,Average,21650,Average,Average
Hospital 1941,Crisfield,Private,3,Same,None,Same,None,Same,Above,None,0,Unknown,Unknown,0,Unknown,Unknown,14842,Average,Lower,0,Unknown,Unknown
Hospital 1942,Columbia,Private,3,Above,Below,Above,Same,Same,Below,Above,25190,Average,Average,15729,Average,Lower,16590,Average,Lower,22301,Worse,Average
Hospital 1943,Bel Air,Unknown,4,Below,Above,Above,Same,Same,Below,Above,23509,Average,Average,17049,Average,Average,16337,Average,Lower,19547,Average,Lower
Hospital 1944,Lanham,Proprietary,4,Above,Above,Below,Below,Below,Below,Above,23334,Average,Average,16482,Better,Average,16924,Better,Average,27212,Average,Higher
Hospital 1945,Laurel,Private,1,Same,Below,Below,Below,Same,Below,Same,23736,Unknown,Unknown,16471,Average,Average,19541,Average,Higher,27391,Average,Higher
Hospital 1946,Baltimore,Unknown,5,Above,Above,Above,Below,Same,Below,Above,22900,Average,Average,16298,Better,Average,18127,Average,Average,22289,Average,Average
Hospital 1947,Rockville,Private,4,Same,Above,Above,Below,Same,Below,Same,23083,Average,Average,18398,Average,Higher,19102,Average,Higher,24323,Worse,Higher
Hospital 1948,Baltimore,Private,-1,None,None,None,None,None,None,None,0,Unknown,Unknown,0,Unknown,Unknown,0,Unknown,Unknown,0,Unknown,Unknown
Hospital 1949,Fort Washington,Unknown,3,Same,Above,Below,Below,Same,Same,Same,0,Unknown,Unknown,15266,Average,Average,15177,Average,Lower,27855,Average,Higher
Hospital 1950,Berlin,Private,4,Same,Above,Above,Same,Same,Above,Below,24157,Average,Average,16595,Average,Average,17806,Average,Average,21780,Average,Average
Hospital 1951,Clinton,Private,1,Same,Below,Below,Below,Same,Below,Above,23783,Average,Average,15728,Average,Lower,15837,Average,Lower,24353,Average,Higher
Hospital 1952,Towson,Private,5,Same,Above,Above,Above,Same,Below,Above,23429,Better,Average,16169,Average,Average,16679,Average,Average,18540,Better,Lower
Hospital 1953,Baltimore,Private,-1,None,None,None,None,None,None,None,0,Unknown,Unknown,0,Unknown,Unknown,0,Unknown,Unknown,0,Unknown,Unknown
Hospital 1954,Germantown,Private,3,Same,Above,Below,Below,Same,Below,None,24337,Average,Average,17813,Average,Average,20453,Average,Higher,24847,Average,Higher
Hospital 1955,Baltimore,Private,-1,None,None,None,None,None,None,None,0,Unknown,Unknown,0,Unknown,Unknown,0,Unknown,Unknown,0,Unknown,Unknown
Hospital 1956,Baltimore,Private,-1,None,None,None,None,None,None,None,0,Unknown,Unknown,0,Unknown,Unknown,0,Unknown,Unknown,0,Unknown,Unknown
Hospital 1957,Leominster,Unknown,4,Same,Above,Above,Same,Below,Same,Above,23108,Average,Average,18064,Average,Average,17764,Average,Average,22660,Average,Average
Hospital 1958,Cambridge,Private,4,Above,Same,Below,Above,Same,Below,Same,26793,Average,Higher,15599,Average,Lower,15605,Better,Lower,21707,Average,Average
Hospital 1959,Attleboro,Unknown,2,Same,Below,Below,Same,Same,Same,Same,24063,Average,Average,16142,Average,Average,17093,Average,Average,24067,Average,Higher
Hospital 1960,Lawrence,Private,2,Above,Below,Below,Below,Same,Below,Same,26059,Average,Higher,18661,Average,Higher,18172,Average,Average,25103,Average,Higher
Hospital 1961,Cambridge,Government,3,Above,Below,Same,Same,Same,Below,Same,22995,Average,Average,15958,Average,Average,15794,Average,Lower,25646,Average,Higher
Hospital 1962,Hyannis,Private,5,Above,Above,Above,Above,Same,Below,Same,24552,Better,Average,17330,Average,Average,18860,Average,Higher,23529,Average,Higher
Hospital 1963,Northampton,Private,3,Same,Above,Same,Below,Same,Below,Same,22430,Average,Average,16823,Average,Average,18204,Average,Average,22536,Average,Average
Hospital 1964,Greenfield,Private,4,Same,Above,Above,Below,Same,Below,Same,25374,Average,Average,15857,Average,Average,16445,Average,Average,23907,Average,Average
Hospital 1965,Boston,Proprietary,2,Same,Above,Below,Below,Same,Below,Same,23168,Average,Average,15948,Average,Average,19009,Average,Average,27089,Average,Higher
Hospital 1966,Southbridge,Private,3,Same,Same,Below,Same,Same,Same,Same,23903,Average,Average,16577,Average,Average,16026,Average,Lower,23353,Average,Average
Hospital 1967,Fall River,Proprietary,3,Above,Above,Below,Above,Same,Same,Same,22729,Average,Average,17801,Average,Higher,18512,Average,Higher,21759,Average,Average
Hospital 1968,Holyoke,Private,3,Same,Above,Below,Same,Above,Below,Same,24149,Average,Average,17886,Average,Average,16785,Average,Average,24159,Average,Higher
Hospital 1969,Newburyport,Private,4,Same,Above,Below,Above,Same,Below,Same,26716,Average,Average,17408,Average,Average,16586,Average,Average,24657,Average,Higher
Hospital 1970,Palmer,Unknown,3,Above,None,Below,Below,Same,Same,Same,21610,Average,Average,15964,Average,Average,16807,Better,Average,0,Unknown,Unknown
Hospital 1971,Boston,Private,2,Above,Above,Below,Below,Below,Below,Same,23960,Average,Average,16409,Better,Average,17525,Average,Average,24177,Average,Higher
Hospital 1972,Beverly,Private,3,Above,Above,Below,Same,Same,Below,Same,24510,Average,Average,17160,Better,Average,18560,Better,Higher,21633,Average,Average
Hospital 1973,Salem,Private,4,Above,Above,Below,Below,Same,Below,Same,24468,Average,Average,15611,Better,Lower,16379,Better,Lower,21927,Average,Average
Hospital 1974,Brighton,Proprietary,2,Above,Above,Below,Below,Same,Below,Same,27580,Average,Higher,18361,Average,Higher,18364,Better,Average,24439,Average,Higher
Hospital 1975,Pittsfield,Unknown,3,Same,Above,Below,Below,Same,Same,Same,23960,Average,Average,17646,Average,Higher,17803,Average,Average,22433,Average,Average
Hospital 1976,Marlborough,Private,2,Same,Same,Below,Below,Same,Same,Same,21736,Average,Average,16213,Average,Average,16698,Average,Average,22918,Average,Average
Hospital 1977,Brockton,Unknown,4,Above,Above,Below,Same,Same,Below,Same,24315,Average,Average,17432,Average,Average,19224,Average,Higher,21702,Average,Average
Hospital 1978,Plymouth,Private,4,Above,Above,Below,Same,Same,Below,Same,24665,Average,Average,16816,Average,Average,16722,Average,Average,21321,Average,Lower
Hospital 1979,Worcester,Proprietary,-1,None,None,None,None,None,None,None,0,Unknown,Unknown,0,Unknown,Unknown,0,Unknown,Unknown,0,Unknown,Unknown
Hospital 1980,Lowell,Private,2,Above,Below,Below,Same,Same,Below,Same,24361,Average,Average,16353,Average,Average,17346,Average,Average,21315,Average,Lower
Hospital 1981,Westfield,Private,3,Same,Above,Below,Same,Same,Same,Below,0,Unknown,Unknown,18261,Average,Average,17750,Average,Average,28147,Average,Higher
Hospital 1982,Springfield,Private,2,Below,Same,Below,Same,Same,Below,Same,23367,Average,Average,18484,Average,Higher,17328,Worse,Average,23217,Average,Higher
Hospital 1983,Melrose,Private,2,Same,Below,Below,Same,Same,Below,Below,24711,Average,Average,16802,Average,Average,17892,Average,Average,25786,Average,Higher
Hospital 1984,Boston,Private,5,Above,Above,Same,Above,Same,Below,Above,24378,Better,Average,16536,Better,Average,16539,Better,Lower,22537,Average,Higher
Hospital 1985,Taunton,Proprietary,1,Below,Below,Below,Below,Same,Below,Above,26054,Average,Average,17858,Average,Higher,19131,Average,Higher,25215,Average,Higher
Hospital 1986,Fall River,Private,2,Above,Same,Below,Same,Same,Same,Same,22290,Better,Lower,17340,Average,Higher,18216,Average,Higher,23250,Average,Higher
Hospital 1987,Boston,Private,-1,None,None,None,Above,Same,Same,None,0,Unknown,Unknown,0,Unknown,Unknown,0,Unknown,Unknown,0,Unknown,Unknown
Hospital 1988,Springfield,Private,3,Above,Above,Below,Below,Same,Below,Above,22437,Average,Lower,16449,Better,Average,17002,Average,Average,23079,Average,Higher
Hospital 1989,Methuen,Proprietary,2,Same,Above,Below,Below,Same,Below,Same,25013,Average,Average,19450,Average,Higher,19068,Average,Higher,22674,Average,Average
Hospital 1990,Needham,Private,4,Above,Same,Same,Same,Same,Same,Same,22929,Average,Average,17910,Average,Average,18234,Better,Average,22547,Average,Average
Hospital 1991,W Concord,Private,3,Same,Below,Above,Above,Same,Below,Same,25755,Average,Average,17462,Average,Average,17739,Average,Average,21672,Average,Average
Hospital 1992,Boston,Private,2,Above,Below,Below,Above,Same,Below,Below,24363,Average,Average,16541,Better,Average,16530,Better,Lower,23796,Average,Higher
Hospital 1993,Boston,Private,5,None,Above,Above,Above,Same,None,Same,0,Unknown,Unknown,0,Unknown,Unknown,0,Unknown,Unknown,22074,Better,Average
Hospital 1994,Milford,Unknown,3,Above,Above,Below,Same,Same,Below,Same,25412,Average,Average,17938,Average,Higher,17464,Better,Average,25896,Average,Higher
Hospital 1995,Gardner,Private,3,Same,Above,Below,Same,Same,Same,Same,23522,Average,Average,16320,Average,Average,16207,Average,Lower,29736,Average,Higher
Hospital 1996,Ayer,Proprietary,2,Same,Below,Below,Same,Same,Same,Same,0,Unknown,Unknown,16675,Average,Average,17329,Average,Average,23590,Average,Average
Hospital 1997,South Weymouth,Private,3,Above,Below,Below,Same,Same,Below,Same,24515,Average,Average,16762,Average,Average,17094,Average,Average,22173,Average,Average
Hospital 1998,Newton,Unknown,5,Above,Above,Above,Above,Same,Below,Same,23524,Average,Average,16266,Better,Average,16336,Better,Lower,21698,Average,Average
Hospital 1999,Winchester,Private,5,Above,Above,Below,Above,Same,Below,Same,25743,Average,Average,16467,Better,Average,16416,Better,Lower,21494,Average,Average
Hospital 2000,Milton,Government,2,Above,Below,Below,Same,Same,Same,Same,25742,Average,Average,16771,Average,Average,17590,Better,Average,23260,Average,Higher
Hospital 2001,Boston,Private,4,Above,Above,Below,Above,Same,Below,Same,24654,Better,Average,16613,Better,Average,16987,Better,Average,22178,Average,Average
Hospital 2002,Brockton,Proprietary,1,Above,Below,Below,Below,Same,Below,Same,24902,Average,Average,18267,Average,Higher,18815,Average,Higher,25023,Average,Higher
Hospital 2003,Boston,Private,3,Same,Above,Below,Above,Same,Same,Same,24863,Average,Average,17674,Average,Average,19021,Average,Higher,23888,Average,Higher
Hospital 2004,Boston,Private,5,Above,Above,Below,Above,Same,Same,Same,23919,Average,Average,15284,Better,Lower,16029,Better,Lower,20066,Average,Lower
Hospital 2005,Norwood,Proprietary,1,Same,Below,Below,Below,Same,Below,Same,24654,Average,Average,18105,Average,Higher,18111,Average,Average,25903,Average,Higher
Hospital 2006,Falmouth,Private,4,Above,Below,Below,Above,Same,Same,Same,22894,Better,Average,16975,Average,Average,17943,Better,Average,23866,Average,Higher
Hospital 2007,Worcester,Private,1,Above,Below,Below,Below,Below,Below,Same,26191,Average,Higher,17507,Better,Higher,18146,Average,Higher,21348,Average,Average
Hospital 2008,Burlington,Private,4,Above,Above,Below,Above,Same,Below,Below,23983,Average,Average,16302,Better,Average,17974,Better,Average,23733,Average,Higher
Hospital 2009,Framingham,Private,3,Above,Below,Above,Below,Same,Below,Same,26028,Average,Average,18406,Average,Higher,17338,Average,Average,23497,Average,Higher
Hospital 2010,Worcester,Proprietary,2,Same,Below,Below,Below,Same,Below,Above,25687,Average,Average,17534,Average,Average,18717,Average,Higher,22288,Average,Average
Hospital 2011,Nantucket,Private,3,None,None,Same,None,Same,Same,Same,0,Unknown,Unknown,15852,Average,Average,12652,Average,Lower,0,Unknown,Unknown
Hospital 2012,Oak Bluffs,Private,3,Same,None,Same,Same,None,None,None,0,Unknown,Unknown,15486,Average,Average,16564,Average,Average,22274,Average,Average
Hospital 2013,Great Barrington,Private,5,Same,None,Above,Above,Same,Above,Same,0,Unknown,Unknown,16617,Average,Average,18239,Average,Average,28979,Average,Higher
Hospital 2014,Athol,Private,3,Same,None,Same,None,Same,Same,Same,0,Unknown,Unknown,18092,Average,Average,19383,Average,Average,0,Unknown,Unknown
Hospital 2015,Brighton,Private,-1,None,None,None,None,None,None,None,0,Unknown,Unknown,0,Unknown,Unknown,0,Unknown,Unknown,0,Unknown,Unknown
Hospital 2016,Boston,Private,-1,None,None,None,None,None,None,None,0,Unknown,Unknown,0,Unknown,Unknown,0,Unknown,Unknown,0,Unknown,Unknown
Hospital 2017,Springfield,Private,-1,None,None,None,None,None,None,None,0,Unknown,Unknown,0,Unknown,Unknown,0,Unknown,Unknown,0,Unknown,Unknown
Hospital 2018,Boston,Proprietary,-1,None,None,None,None,None,None,None,0,Unknown,Unknown,0,Unknown,Unknown,0,Unknown,Unknown,0,Unknown,Unknown
Hospital 2019,Livonia,Private,3,Same,Above,Below,Below,Same,Below,Same,24009,Average,Average,16860,Average,Average,16925,Average,Average,20746,Average,Lower
Hospital 2020,Zeeland,Private,4,Same,Same,Same,Above,Same,Above,None,0,Unknown,Unknown,15335,Average,Average,16377,Average,Average,20951,Average,Average
Hospital 2021,Adrian,Private,4,Same,Below,Above,Below,Same,Same,Same,22655,Average,Average,16576,Average,Average,17466,Average,Average,19720,Average,Lower
Hospital 2022,Pontiac,Proprietary,-1,None,None,None,Below,None,None,None,0,Unknown,Unknown,0,Unknown,Unknown,0,Unknown,Unknown,0,Unknown,Unknown
Hospital 2023,Three Rivers,Government,3,Same,None,Above,Same,Below,Same,Same,0,Unknown,Unknown,16193,Average,Average,16204,Average,Average,17791,Average,Lower
Hospital 2024,Kalamazoo,Private,4,Below,Above,Above,Above,Same,Same,Same,21749,Average,Lower,16806,Worse,Average,15923,Average,Lower,17380,Average,Lower
Hospital 2025,Southfield,Church,4,Above,Above,Below,Same,Same,Below,Same,19872,Average,Lower,16630,Better,Average,17336,Better,Average,19042,Average,Lower
Hospital 2026,Dearborn,Private,3,Above,Below,Below,Same,Same,Below,Below,24471,Better,Average,18968,Better,Higher,18565,Better,Higher,21888,Average,Average
Hospital 2027,St Joseph,Private,4,Below,Above,Above,Same,Same,Same,Same,22062,Average,Lower,15387,Worse,Lower,17264,Average,Average,20317,Average,Lower
Hospital 2028,Coldwater,Government,3,Same,Above,Same,Same,Same,Same,Same,0,Unknown,Unknown,15016,Average,Lower,13521,Average,Lower,22734,Average,Average
Hospital 2029,Detroit,Proprietary,1,Above,Below,Below,Below,Same,Below,Below,22522,Average,Average,17304,Better,Average,18504,Better,Average,23276,Average,Average
Hospital 2030,Pontiac,Private,3,Above,Above,Below,Below,Same,Below,Same,22943,Better,Average,16309,Average,Average,18732,Average,Higher,20043,Average,Lower
Hospital 2031,Alma,Private,3,Same,Above,Above,Same,Same,Same,Same,25031,Average,Average,17104,Average,Average,17272,Average,Average,20600,Average,Lower
Hospital 2032,Port Huron,Church,4,Same,Above,Below,Same,Same,Above,None,24018,Average,Average,16141,Average,Average,18278,Average,Average,21846,Average,Average
Hospital 2033,Greenville,Unknown,4,Same,Above,Above,Above,Above,Same,Same,0,Unknown,Unknown,14533,Average,Lower,16803,Average,Average,22237,Average,Average
Hospital 2034,Alpena,Proprietary,3,Same,Below,Above,Below,Same,Above,Below,23297,Average,Average,16383,Average,Average,17339,Average,Average,22318,Average,Average
Hospital 2035,Hillsdale,Private,3,Same,Below,Above,Same,Same,Same,Same,24322,Average,Average,15351,Average,Average,17126,Average,Average,20134,Average,Lower
Hospital 2036,Grand Rapids,Private,3,Below,Below,Above,Above,Same,Same,Same,23051,Average,Average,16608,Average,Average,16974,Average,Average,19566,Average,Lower
Hospital 2037,Hastings,Unknown,4,Same,Below,Above,Above,Same,Above,Same,0,Unknown,Unknown,15207,Average,Average,15660,Average,Lower,20280,Average,Lower
Hospital 2038,Bay City,Private,3,Same,Above,Below,Same,Same,Same,Same,24036,Average,Average,18502,Average,Higher,17033,Average,Average,20817,Average,Lower
Hospital 2039,Ann Arbor,Private,5,Above,Above,Same,Above,Same,Below,Above,23084,Better,Average,17548,Better,Higher,17172,Better,Average,18942,Average,Lower
Hospital 2040,Clinton Township,Proprietary,4,Above,Above,Above,Below,Same,Below,Same,24190,Better,Average,19144,Average,Higher,19274,Average,Higher,22550,Average,Average
Hospital 2041,Detroit,Private,2,Above,Below,Below,Same,Below,Below,Same,23696,Average,Average,16310,Average,Average,17584,Average,Average,21654,Average,Average
Hospital 2042,Marquette,Government,2,Below,Below,Above,Below,Same,Below,Below,21801,Average,Lower,17310,Average,Average,16804,Average,Average,20954,Average,Lower
Hospital 2043,Iron Mountain,Government,4,Same,Above,Above,Same,Same,Above,Below,22411,Average,Average,15189,Average,Lower,16814,Average,Average,22623,Average,Average
Hospital 2044,Grayling,Church,3,Same,Below,Below,Above,Above,Below,Same,22561,Average,Average,16293,Average,Average,17049,Average,Average,21312,Average,Average
Hospital 2045,Grand Rapids,Church,3,Same,Below,Below,Above,Same,Same,Same,24070,Average,Average,16069,Average,Average,18008,Average,Average,18744,Average,Lower
Hospital 2046,Muskegon,Private,5,Same,Above,Above,Below,Same,Same,Same,25534,Average,Average,17219,Average,Average,17538,Average,Average,20990,Average,Lower
Hospital 2047,Howell,Unknown,4,Same,Above,Above,Above,Same,Same,Same,0,Unknown,Unknown,15949,Average,Average,17708,Average,Average,21396,Average,Average
Hospital 2048,Saginaw,Private,2,Same,Below,Below,Above,Same,Same,Below,23580,Average,Average,17264,Average,Average,17943,Average,Average,19685,Average,Lower
Hospital 2049,Southfield,Private,-1,None,None,None,None,None,None,None,0,Unknown,Unknown,0,Unknown,Unknown,0,Unknown,Unknown,0,Unknown,Unknown
Hospital 2050,Holland,Private,5,Same,Above,Above,Above,Above,Above,Same,24111,Average,Average,14474,Average,Lower,16239,Average,Average,18624,Average,Lower
Hospital 2051,Battle Creek,Proprietary,4,Same,Above,Above,Same,Same,Same,Above,23532,Average,Average,15777,Average,Average,17977,Average,Average,21714,Average,Average
Hospital 2052,Saginaw,Church,2,Same,Below,Below,Below,Same,Same,Below,22178,Average,Average,15982,Average,Average,19798,Average,Higher,21365,Worse,Average
Hospital 2053,Watervliet,Private,4,None,None,Same,None,Same,Above,None,0,Unknown,Unknown,0,Unknown,Unknown,17801,Average,Average,20131,Average,Lower
Hospital 2054,Mount Pleasant,Private,3,Same,Same,Above,Same,Same,Above,Below,23597,Average,Average,16567,Average,Average,16122,Average,Lower,20833,Average,Average
Hospital 2055,Cadillac,Church,5,Same,Above,Above,Above,Same,Same,Same,23170,Average,Average,15819,Average,Average,16023,Average,Lower,19973,Average,Lower
Hospital 2056,South Haven,Government,3,Same,None,Same,Same,Same,Above,Same,0,Unknown,Unknown,15252,Average,Average,15303,Average,Lower,22451,Average,Average
Hospital 2057,Grosse Pointe,Private,4,Above,Above,Below,Above,Same,Same,Same,24600,Average,Average,17313,Better,Average,18330,Better,Average,21275,Average,Average
Hospital 2058,Jackson,Unknown,4,Above,Above,Below,Below,Same,Below,Same,21166,Average,Lower,16630,Better,Average,18512,Average,Higher,21932,Average,Average
Hospital 2059,Big Rapids,Government,4,Same,Same,Same,Same,Same,Above,Same,0,Unknown,Unknown,16139,Average,Average,17203,Average,Average,20932,Average,Average
Hospital 2060,West Branch,Government,4,Same,Above,Same,Above,Same,Same,Below,24917,Average,Average,15558,Average,Average,16233,Average,Lower,19885,Average,Lower
Hospital 2061,Sturgis,Government,3,Same,Same,Same,Below,Same,Same,Same,0,Unknown,Unknown,15114,Average,Average,15981,Worse,Average,20313,Average,Average
Hospital 2062,Traverse City,Unknown,4,Same,Below,Above,Above,Same,Below,Same,20947,Better,Lower,16483,Better,Average,16482,Average,Lower,16993,Better,Lower
Hospital 2063,Monroe,Unknown,3,Same,Above,Below,Below,Same,Same,Same,24531,Average,Average,16516,Average,Average,18471,Average,Higher,25434,Average,Higher
Hospital 2064,Tawas City,Government,4,Same,None,Above,Same,Same,Above,Below,0,Unknown,Unknown,16812,Average,Average,17853,Average,Average,22622,Average,Average
Hospital 2065,Detroit,Proprietary,2,Above,Below,Below,Below,Same,Same,Below,25785,Average,Higher,16940,Better,Average,16478,Average,Average,22969,Average,Average
Hospital 2066,Petoskey,Unknown,5,Same,Above,Above,Above,Same,Same,Same,21856,Average,Lower,16662,Average,Average,15209,Average,Lower,19131,Average,Lower
Hospital 2067,Hancock,Unknown,4,Same,Same,Above,Above,Same,Above,Same,22122,Average,Average,14439,Average,Lower,15666,Average,Lower,20893,Average,Average
Hospital 2068,Ludington,Private,3,Same,Above,Same,Same,Same,Same,Same,0,Unknown,Unknown,16504,Average,Average,17349,Average,Average,18740,Average,Lower
Hospital 2069,Kalamazoo,Unknown,3,Below,Above,Above,Same,Same,Below,Above,22894,Average,Average,15762,Average,Lower,17148,Average,Average,17869,Average,Lower
Hospital 2070,Bad Axe,Private,4,Same,Above,Above,Same,Same,Above,Below,21165,Average,Average,14901,Average,Average,15174,Average,Lower,21881,Average,Average
Hospital 2071,Owosso,Unknown,3,Same,Same,Above,Above,Same,Below,Same,22752,Average,Average,14925,Average,Lower,16583,Average,Average,19925,Average,Lower
Hospital 2072,Royal Oak,Private,3,Above,Below,Below,Same,Same,Below,Same,23734,Better,Average,17595,Better,Higher,18394,Better,Higher,21229,Better,Lower
Hospital 2073,Flint,Unknown,1,Same,Below,Below,Below,Below,Below,Above,24763,Average,Average,15404,Average,Lower,16631,Average,Average,18945,Average,Lower
Hospital 2074,Gaylord,Private,4,Same,Same,Above,Above,Same,Same,Same,0,Unknown,Unknown,14340,Average,Lower,14938,Average,Lower,18166,Average,Lower
Hospital 2075,Flint,Private,1,Same,Below,Below,Below,Same,Below,Below,25967,Average,Higher,18876,Average,Higher,19558,Average,Higher,18612,Average,Lower
Hospital 2076,Wayne,Private,2,Same,Above,Below,Below,Same,Below,Same,24245,Average,Average,18185,Average,Higher,17859,Average,Average,26273,Average,Higher
Hospital 2077,Ypsilanti,Government,-1,None,None,None,Above,None,None,None,0,Unknown,Unknown,0,Unknown,Unknown,0,Unknown,Unknown,0,Unknown,Unknown
Hospital 2078,Wyandotte,Private,2,Same,Below,Below,Below,Same,Below,Above,24823,Average,Average,17695,Average,Higher,19307,Average,Higher,21788,Average,Average
Hospital 2079,Farmington Hills,Private,3,Above,Above,Below,Below,Same,Below,Same,23137,Average,Average,18462,Better,Higher,19035,Average,Higher,21504,Average,Average
Hospital 2080,Ann Arbor,Church,3,Above,Below,Above,Above,Same,Below,Same,23532,Better,Average,15612,Better,Lower,17258,Average,Average,20788,Average,Lower
Hospital 2081,Detroit,Church,2,Same,Above,Below,Below,Same,Below,Same,23997,Average,Average,17965,Average,Higher,18742,Average,Higher,21154,Better,Lower
Hospital 2082,Lansing,Private,3,Same,Above,Above,Same,Same,Below,Below,23274,Average,Average,15528,Worse,Lower,17285,Average,Average,18001,Better,Lower
Hospital 2083,Grand Haven,Government,4,Same,Same,Same,Above,Same,Same,Below,0,Unknown,Unknown,15187,Average,Average,17813,Average,Average,20231,Average,Lower
Hospital 2084,Trenton,Private,5,Above,Above,Above,Above,Same,Same,Below,24775,Average,Average,16790,Average,Average,17969,Better,Average,19305,Average,Lower
Hospital 2085,Clare,Unknown,4,Same,None,Above,Above,Same,Above,Same,0,Unknown,Unknown,15544,Average,Average,16949,Average,Average,20098,Average,Average
Hospital 2086,Lapeer,Private,3,Same,Above,Above,Below,Same,Below,Same,26383,Average,Higher,17448,Average,Average,18774,Average,Higher,20508,Average,Lower
Hospital 2087,Warren,Private,2,Same,Below,Below,Below,Same,Below,Below,23382,Average,Average,18584,Better,Higher,19286,Average,Higher,22104,Average,Average
Hospital 2088,Grand Blanc,Church,2,Above,Below,Below,Below,Below,Below,Above,22096,Average,Average,17155,Average,Average,18562,Better,Higher,19273,Average,Lower
Hospital 2089,Pontiac,Private,3,Same,Above,Below,Below,Below,Above,Below,22092,Average,Average,17201,Better,Average,19756,Average,Higher,21635,Average,Average
Hospital 2090,Carson City,Unknown,4,Same,None,Same,Above,Same,Above,Same,0,Unknown,Unknown,16814,Average,Average,16306,Average,Average,24366,Average,Higher
Hospital 2091,Port Huron,Private,3,Below,Above,Below,Same,Same,Above,Same,20124,Average,Lower,15791,Worse,Average,18339,Average,Average,21905,Average,Average
Hospital 2092,Marshall,Unknown,4,Same,Below,Above,Same,Same,Same,Same,0,Unknown,Unknown,15988,Average,Average,16693,Average,Average,21156,Average,Average
Hospital 2093,Midland,Unknown,3,Below,Below,Below,Above,Same,Same,Same,24450,Average,Average,15747,Average,Average,17135,Average,Average,18141,Average,Lower
Hospital 2094,Mount Clemens,Private,3,Same,Above,Above,Below,Below,Below,Below,21245,Average,Lower,16999,Average,Average,18632,Average,Higher,17794,Average,Lower
Hospital 2095,Lansing,Unknown,2,Below,Below,Above,Same,Above,Below,Above,22886,Average,Average,17026,Average,Average,17752,Worse,Average,19959,Average,Lower
Hospital 2096,Wyoming,Private,4,Same,Below,Above,Above,Same,Above,Same,21348,Average,Average,15452,Average,Average,17355,Average,Average,19061,Average,Lower
Hospital 2097,Sault Sainte Marie,Private,3,Below,Below,Above,Above,Same,Same,Same,23161,Average,Average,14586,Average,Lower,13812,Average,Lower,22212,Average,Average
Hospital 2098,East China,Government,4,Same,Above,Above,Same,Same,Above,Same,0,Unknown,Unknown,16350,Average,Average,17134,Average,Average,23779,Average,Average
Hospital 2099,Garden City,Private,2,Above,Above,Below,Below,Same,Below,Same,27067,Average,Higher,18231,Average,Higher,20520,Average,Higher,24988,Average,Higher
Hospital 2100,Rochester,Private,3,Same,Below,Above,Above,Same,Same,Same,23634,Average,Average,17078,Average,Average,17713,Average,Average,21457,Average,Average
Hospital 2101,Chelsea,Private,5,Same,Above,Above,Above,Same,Same,Same,0,Unknown,Unknown,16916,Average,Average,16799,Average,Average,20309,Average,Lower
Hospital 2102,Warren,Private,-1,None,None,None,None,Same,None,None,0,Unknown,Unknown,0,Unknown,Unknown,0,Unknown,Unknown,0,Unknown,Unknown
Hospital 2103,Troy,Private,5,Above,Above,Below,Same,Same,Same,Same,22684,Average,Average,16873,Better,Average,17848,Better,Average,22218,Better,Average
Hospital 2104,Taylor,Private,4,Same,Above,Same,Same,Same,Below,Same,24369,Average,Average,19461,Average,Higher,19890,Average,Higher,23055,Average,Higher
Hospital 2105,Detroit,Proprietary,2,Above,Below,Below,Below,Same,Below,Same,24667,Average,Average,16546,Better,Average,18045,Average,Average,26234,Average,Higher
Hospital 2106,Saginaw,Unknown,-1,None,None,None,None,None,None,None,0,Unknown,Unknown,0,Unknown,Unknown,0,Unknown,Unknown,0,Unknown,Unknown
Hospital 2107,Commerce Township,Proprietary,3,Same,Same,Same,Same,Same,Above,Below,25116,Average,Average,18019,Average,Higher,17004,Average,Average,20825,Average,Lower
Hospital 2108,Brighton,Private,-1,None,None,None,None,None,None,None,0,Unknown,Unknown,0,Unknown,Unknown,0,Unknown,Unknown,0,Unknown,Unknown
Hospital 2109,Detroit,Proprietary,1,None,Below,Below,Above,Same,None,None,0,Unknown,Unknown,0,Unknown,Unknown,16208,Average,Average,0,Unknown,Unknown
Hospital 2110,Southfield,Proprietary,-1,None,None,None,Same,Below,None,None,0,Unknown,Unknown,0,Unknown,Unknown,0,Unknown,Unknown,19841,Average,Average
Hospital 2111,West Bloomfield,Private,5,Above,Above,Above,Above,Same,Same,Same,25038,Average,Average,16390,Average,Average,17161,Better,Average,19740,Average,Lower
Hospital 2112,Manistee,Unknown,4,Same,Above,Above,Same,Same,Above,Below,22619,Average,Average,14058,Average,Lower,15868,Average,Average,20472,Average,Average
Hospital 2113,Frankfort,Government,-1,None,None,None,None,None,None,None,0,Unknown,Unknown,0,Unknown,Unknown,0,Unknown,Unknown,0,Unknown,Unknown
Hospital 2114,Kalkaska,Government,4,None,None,Same,None,Same,Above,Same,0,Unknown,Unknown,0,Unknown,Unknown,0,Unknown,Unknown,0,Unknown,Unknown
Hospital 2115,Manistique,Government,4,Same,None,Same,Above,Same,Same,Same,0,Unknown,Unknown,17583,Average,Average,16123,Average,Average,18816,Average,Lower
Hospital 2116,Newberry,Government,4,Same,None,Above,None,Same,Above,Same,0,Unknown,Unknown,15912,Average,Average,17441,Average,Average,0,Unknown,Unknown
Hospital 2117,Standish,Church,5,Same,None,Above,Above,Same,Above,Same,0,Unknown,Unknown,17057,Average,Average,17382,Average,Average,0,Unknown,Unknown
Hospital 2118,Saint Ignace,Private,4,None,None,Above,None,Same,Same,None,0,Unknown,Unknown,0,Unknown,Unknown,15049,Average,Average,0,Unknown,Unknown
Hospital 2119,L' Anse,Government,3,Same,None,Below,Above,Same,Same,None,0,Unknown,Unknown,18469,Average,Average,16046,Average,Average,0,Unknown,Unknown
Hospital 2120,Munising,Private,-1,None,None,None,None,None,Same,None,0,Unknown,Unknown,0,Unknown,Unknown,0,Unknown,Unknown,0,Unknown,Unknown
Hospital 2121,Ontonagon,Government,-1,None,None,None,None,None,None,None,0,Unknown,Unknown,0,Unknown,Unknown,17434,Average,Average,0,Unknown,Unknown
Hospital 2122,Pigeon,Unknown,4,None,None,Same,Above,Same,Same,Same,0,Unknown,Unknown,0,Unknown,Unknown,16549,Average,Average,20758,Average,Average
Hospital 2123,Deckerville,Private,-1,None,None,None,None,Same,Same,None,0,Unknown,Unknown,0,Unknown,Unknown,0,Unknown,Unknown,0,Unknown,Unknown
Hospital 2124,Sheridan,Private,3,None,None,Same,None,Same,Same,None,0,Unknown,Unknown,0,Unknown,Unknown,18488,Average,Average,0,Unknown,Unknown
Hospital 2125,Harbor Beach,Private,-1,None,None,None,None,None,Same,None,0,Unknown,Unknown,0,Unknown,Unknown,15919,Average,Average,0,Unknown,Unknown
Hospital 2126,Sandusky,Private,3,None,None,Same,None,Same,Same,None,0,Unknown,Unknown,0,Unknown,Unknown,17025,Average,Average,0,Unknown,Unknown
Hospital 2127,Dowagiac,Private,4,Same,None,Above,None,Same,Above,Same,0,Unknown,Unknown,15945,Average,Average,17045,Average,Average,0,Unknown,Unknown
Hospital 2128,Cass City,Private,4,Same,None,Same,Above,Same,Above,Below,0,Unknown,Unknown,17205,Average,Average,14957,Average,Lower,20662,Average,Average
Hospital 2129,Lakeview,Private,-1,None,None,None,None,Same,Same,Same,0,Unknown,Unknown,0,Unknown,Unknown,15164,Average,Average,0,Unknown,Unknown
Hospital 2130,Iron River,Unknown,4,Same,None,Above,Same,Same,Same,None,0,Unknown,Unknown,15902,Average,Average,15185,Average,Lower,0,Unknown,Unknown
Hospital 2131,Laurium,Private,4,Same,None,Above,Above,Same,Above,Same,0,Unknown,Unknown,16470,Average,Average,15407,Average,Lower,22141,Average,Average
Hospital 2132,Shelby,Private,-1,Same,None,Same,None,None,None,None,0,Unknown,Unknown,0,Unknown,Unknown,14409,Average,Lower,0,Unknown,Unknown
Hospital 2133,Ishpeming,Proprietary,4,Same,None,Above,Above,Same,Same,Below,0,Unknown,Unknown,14920,Average,Average,13139,Average,Lower,20314,Average,Lower
Hospital 2134,Charlevoix,Unknown,4,Same,None,Same,Above,Same,Same,Same,0,Unknown,Unknown,15605,Average,Average,13043,Average,Lower,19875,Average,Lower
Hospital 2135,Reed City,Private,4,Same,None,Same,Above,Same,Above,Same,0,Unknown,Unknown,15289,Average,Average,16278,Average,Average,0,Unknown,Unknown
Hospital 2136,Eaton Rapids,Private,5,None,None,Above,Above,Same,Same,Same,0,Unknown,Unknown,0,Unknown,Unknown,12922,Average,Lower,20351,Average,Average
Hospital 2137,Gladwin,Private,4,Same,None,Same,Above,Same,Above,Same,0,Unknown,Unknown,15940,Average,Average,15870,Average,Average,0,Unknown,Unknown
Hospital 2138,Saint Johns,Proprietary,4,Same,None,Same,Above,Same,Same,Same,0,Unknown,Unknown,15164,Average,Average,16250,Average,Average,20390,Average,Average
Hospital 2139,Charlotte,Unknown,3,Same,None,Below,Above,Same,Same,Same,0,Unknown,Unknown,15852,Average,Average,15027,Average,Lower,18122,Average,Lower
Hospital 2140,Allegan,Unknown,4,Same,None,Above,Above,Same,Same,Same,0,Unknown,Unknown,15838,Average,Average,13695,Average,Lower,20958,Average,Average
Hospital 2141,Caro,Private,3,None,None,Same,None,Same,Above,None,0,Unknown,Unknown,0,Unknown,Unknown,18965,Average,Average,0,Unknown,Unknown
Hospital 2142,Marlette,Private,4,Same,None,Above,None,Same,Above,Same,0,Unknown,Unknown,15376,Average,Average,14286,Average,Lower,0,Unknown,Unknown
Hospital 2143,Ionia,Private,4,Same,None,Above,Above,Same,Same,Same,0,Unknown,Unknown,16395,Average,Average,16832,Average,Average,0,Unknown,Unknown
Hospital 2144,Paw Paw,Private,4,Same,None,Same,Above,Same,Same,Same,0,Unknown,Unknown,14358,Average,Lower,14987,Average,Lower,19904,Average,Average
Hospital 2145,Ironwood,Private,4,Same,None,Same,Above,Same,Same,Same,0,Unknown,Unknown,18588,Average,Average,16488,Average,Average,0,Unknown,Unknown
Hospital 2146,Tecumseh,Government,3,None,None,Same,None,Same,Above,Same,0,Unknown,Unknown,15433,Average,Average,14968,Average,Average,20116,Average,Average
Hospital 2147,Escanaba,Church,4,Same,None,Above,Above,Same,Same,Same,22638,Average,Average,15373,Average,Average,16168,Average,Average,0,Unknown,Unknown
Hospital 2148,Fremont,Private,4,Same,None,Same,Above,Same,Above,Same,0,Unknown,Unknown,15500,Average,Average,16929,Average,Average,20660,Average,Average
Hospital 2149,Detroit,Proprietary,-1,None,None,None,None,None,None,None,0,Unknown,Unknown,0,Unknown,Unknown,0,Unknown,Unknown,0,Unknown,Unknown
Hospital 2150,Robbinsdale,Private,2,Same,Below,Above,Below,Same,Same,Above,22725,Average,Average,15964,Average,Average,17862,Average,Average,19482,Average,Lower
Hospital 2151,Duluth,Private,4,Same,Above,Above,Same,Same,Same,Same,24574,Average,Average,16834,Average,Average,17268,Average,Average,18661,Average,Lower
Hospital 2152,Minneapolis,Government,1,Same,Below,Below,Below,Same,Same,Same,24404,Average,Average,16632,Average,Average,18585,Average,Average,23298,Average,Average
Hospital 2153,Rochester,Private,4,None,Same,Same,Above,Same,Above,Same,0,Unknown,Unknown,15994,Average,Average,12191,Average,Lower,18573,Average,Lower
Hospital 2154,Rochester,Church,5,Above,Above,Above,Above,Same,Same,Above,23482,Average,Average,16911,Better,Average,17571,Better,Average,19163,Better,Lower
Hospital 2155,Northfield,Government,4,None,Below,Same,Above,Same,Above,None,0,Unknown,Unknown,14931,Average,Average,15001,Average,Lower,19438,Average,Lower
Hospital 2156,Red Wing,Private,5,Same,Above,Above,Above,Same,Same,Same,0,Unknown,Unknown,14258,Average,Lower,17811,Average,Average,19860,Average,Lower
Hospital 2157,Duluth,Private,3,None,Same,Above,Same,Same,None,None,0,Unknown,Unknown,0,Unknown,Unknown,19402,Average,Average,0,Unknown,Unknown
Hospital 2158,Cambridge,Private,4,Same,Same,Above,Above,Same,Same,Same,0,Unknown,Unknown,16794,Average,Average,17611,Average,Average,21349,Average,Average
Hospital 2159,Worthington,Private,3,Same,Same,Same,Same,Same,Above,Same,0,Unknown,Unknown,16481,Average,Average,16854,Average,Average,23882,Average,Average
Hospital 2160,Alexandria,Government,5,Same,Above,Above,Above,Above,Above,Same,0,Unknown,Unknown,16137,Average,Average,17799,Average,Average,20831,Average,Lower
Hospital 2161,Saint Cloud,Private,5,Above,Above,Above,Above,Same,Same,Same,24751,Average,Average,16348,Better,Average,18234,Average,Average,20032,Average,Lower
Hospital 2162,Saint Paul,Private,4,Same,Above,Below,Above,Same,Same,Same,25436,Average,Average,17808,Average,Average,18001,Average,Average,19915,Average,Lower
Hospital 2163,Hibbing,Unknown,4,Same,None,Above,Above,Same,Same,Same,0,Unknown,Unknown,15751,Average,Average,18397,Average,Average,0,Unknown,Unknown
Hospital 2164,Albert Lea,Private,5,Above,Above,Above,Same,Same,Same,Same,23388,Average,Average,15899,Average,Average,17644,Average,Average,19730,Average,Lower
Hospital 2165,Winona,Private,3,Same,Same,Below,Same,Same,Above,Same,0,Unknown,Unknown,14590,Average,Lower,14335,Better,Lower,20331,Average,Average
Hospital 2166,Duluth,Private,3,Same,Below,Above,Above,Same,Above,Same,25466,Average,Average,16301,Average,Average,17193,Average,Average,23329,Worse,Higher
Hospital 2167,Wyoming,Private,4,Same,Above,Below,Above,Same,Same,Same,0,Unknown,Unknown,16111,Average,Average,15946,Average,Average,19106,Average,Lower
Hospital 2168,Fergus Falls,Private,4,Same,Same,Same,Above,Same,Above,Same,0,Unknown,Unknown,15101,Average,Average,17728,Average,Average,19626,Average,Lower
Hospital 2169,Saint Louis Park,Private,3,Above,Below,Below,Above,Above,Same,Above,25236,Average,Average,15615,Average,Average,17526,Better,Average,20060,Average,Lower
Hospital 2170,Waconia,Private,3,Same,Below,Above,Above,Same,Same,Same,24210,Average,Average,15605,Average,Average,15119,Average,Lower,20162,Average,Lower
Hospital 2171,Minneapolis,Private,4,Same,Same,Above,Above,Same,Same,Same,21776,Average,Lower,18218,Average,Higher,17981,Average,Average,19259,Average,Lower
Hospital 2172,Hastings,Church,4,Same,Same,Same,Above,Same,Above,None,0,Unknown,Unknown,15453,Average,Average,16943,Average,Average,21235,Average,Average
Hospital 2173,Saint Paul,Private,2,Same,Below,Above,Below,Same,Same,Same,24379,Average,Average,16983,Average,Average,16997,Better,Average,20531,Average,Lower
Hospital 2174,Grand Rapids,Private,4,Same,Same,Above,Above,Same,Same,Same,0,Unknown,Unknown,13629,Average,Lower,13176,Average,Lower,22135,Average,Average
Hospital 2175,Stillwater,Private,5,Same,Same,Above,Above,Same,Same,Same,0,Unknown,Unknown,16627,Average,Average,17044,Average,Average,18309,Average,Lower
Hospital 2176,Owatonna,Unknown,4,Same,Same,Above,Above,Same,Same,None,0,Unknown,Unknown,15512,Average,Average,15955,Average,Average,18143,Average,Lower
Hospital 2177,Faribault,Private,4,Same,Same,Same,Above,Same,Same,Same,0,Unknown,Unknown,15549,Average,Average,15064,Average,Lower,26250,Average,Higher
Hospital 2178,Brainerd,Private,4,Same,Below,Same,Above,Same,Above,Same,22346,Average,Average,15235,Average,Lower,16363,Average,Average,18713,Average,Lower
Hospital 2179,Buffalo,Unknown,4,Same,Same,Same,Above,Same,Above,Same,0,Unknown,Unknown,16689,Average,Average,15498,Average,Average,22595,Average,Average
Hospital 2180,Edina,Unknown,5,Same,Above,Above,Same,Above,Above,Same,22161,Average,Average,17774,Average,Higher,17034,Average,Average,19359,Average,Lower
Hospital 2181,Minneapolis,Private,3,Same,Above,Below,Same,Same,Below,Above,26833,Average,Average,18134,Average,Higher,18714,Average,Average,20775,Average,Average
Hospital 2182,Virginia,Government,3,Same,Same,Above,Same,Same,Above,None,0,Unknown,Unknown,14632,Average,Average,16237,Average,Average,24977,Average,Higher
Hospital 2183,Willmar,Government,3,Same,Same,Above,Same,Same,Same,None,0,Unknown,Unknown,14259,Average,Lower,16252,Average,Average,22595,Average,Average
Hospital 2184,Mankato,Private,4,Same,Above,Above,Same,Same,Above,Same,24133,Average,Average,16538,Average,Average,18299,Average,Average,22855,Average,Average
Hospital 2185,Bemidji,Private,2,Same,Below,Above,Below,Same,Same,Same,22054,Average,Average,15581,Average,Average,15481,Average,Lower,19383,Average,Lower
Hospital 2186,Detroit Lakes,Church,4,Same,Above,Same,Above,Same,Same,None,0,Unknown,Unknown,16060,Average,Average,15014,Average,Lower,20676,Average,Average
Hospital 2187,Shakopee,Church,4,Same,Above,Below,Above,Same,Same,Same,0,Unknown,Unknown,15620,Average,Average,16670,Average,Average,19440,Average,Lower
Hospital 2188,Saint Paul,Private,3,Same,Above,Below,Same,Same,Same,Same,24062,Average,Average,16507,Average,Average,16570,Average,Average,20738,Average,Lower
Hospital 2189,Coon Rapids,Private,4,Same,Above,Below,Same,Same,Below,Above,23834,Average,Average,15626,Average,Average,17048,Average,Average,19407,Average,Lower
Hospital 2190,Princeton,Unknown,4,Same,Same,Same,Above,Same,Same,None,0,Unknown,Unknown,15585,Average,Average,16470,Average,Average,21728,Average,Average
Hospital 2191,Fairmont,Private,3,Same,Same,Same,Same,Same,Above,None,0,Unknown,Unknown,14676,Average,Lower,16577,Average,Average,21649,Average,Average
Hospital 2192,Hutchinson,Private,4,Same,Same,Same,Above,Same,Above,None,0,Unknown,Unknown,15419,Average,Average,18118,Average,Average,21585,Average,Average
Hospital 2193,Minneapolis,Government,-1,None,None,None,None,None,None,None,0,Unknown,Unknown,0,Unknown,Unknown,0,Unknown,Unknown,0,Unknown,Unknown
Hospital 2194,Redlake,Government,-1,None,None,None,None,None,None,None,0,Unknown,Unknown,0,Unknown,Unknown,0,Unknown,Unknown,0,Unknown,Unknown
Hospital 2195,Burnsville,Church,5,Same,Above,Above,Same,Same,Same,Above,23186,Average,Average,16780,Average,Average,16751,Average,Average,19431,Average,Lower
Hospital 2196,Maplewood,Private,2,Same,Below,Above,Same,Same,Same,Above,25898,Average,Average,17472,Average,Average,16486,Average,Average,23184,Average,Average
Hospital 2197,Woodbury,Private,4,Same,Below,Above,Above,Same,Same,Same,0,Unknown,Unknown,15616,Average,Average,16291,Average,Average,19578,Better,Lower
Hospital 2198,Maple Grove,Private,4,Same,Same,Same,Above,Same,Above,Same,0,Unknown,Unknown,15621,Average,Average,16740,Average,Average,18801,Average,Lower
Hospital 2199,Mahnomen,Government,-1,None,None,None,None,Same,Above,None,0,Unknown,Unknown,0,Unknown,Unknown,0,Unknown,Unknown,0,Unknown,Unknown
Hospital 2200,Baudette,Church,-1,None,None,None,None,Same,Above,None,0,Unknown,Unknown,0,Unknown,Unknown,0,Unknown,Unknown,0,Unknown,Unknown
Hospital 2201,Westbrook,Private,-1,None,None,None,None,Same,Above,None,0,Unknown,Unknown,0,Unknown,Unknown,0,Unknown,Unknown,0,Unknown,Unknown
Hospital 2202,Tracy,Private,-1,None,None,None,None,Same,Above,None,0,Unknown,Unknown,0,Unknown,Unknown,0,Unknown,Unknown,0,Unknown,Unknown
Hospital 2203,Wheaton,Private,-1,None,None,None,None,Same,Above,None,0,Unknown,Unknown,0,Unknown,Unknown,0,Unknown,Unknown,0,Unknown,Unknown
Hospital 2204,Aitkin,Private,4,Same,None,Same,Above,Same,Above,None,0,Unknown,Unknown,15983,Average,Average,13325,Average,Lower,19327,Average,Lower
Hospital 2205,Olivia,Government,4,None,None,Same,Above,Same,Above,None,0,Unknown,Unknown,17476,Average,Average,15701,Average,Average,0,Unknown,Unknown
Hospital 2206,Two Harbors,Private,-1,None,None,Same,None,None,Same,None,0,Unknown,Unknown,0,Unknown,Unknown,0,Unknown,Unknown,0,Unknown,Unknown
Hospital 2207,Sandstone,Private,-1,None,None,None,None,Same,Same,None,0,Unknown,Unknown,0,Unknown,Unknown,0,Unknown,Unknown,0,Unknown,Unknown
Hospital 2208,Arlington,Private,-1,None,None,None,None,Same,Same,None,0,Unknown,Unknown,0,Unknown,Unknown,0,Unknown,Unknown,0,Unknown,Unknown
Hospital 2209,Cook,Government,-1,None,None,None,None,Same,Above,None,0,Unknown,Unknown,0,Unknown,Unknown,0,Unknown,Unknown,0,Unknown,Unknown
Hospital 2210,Ada,Private,-1,None,None,None,None,Same,Same,None,0,Unknown,Unknown,0,Unknown,Unknown,0,Unknown,Unknown,0,Unknown,Unknown
Hospital 2211,Dawson,Government,-1,None,None,None,None,None,Above,None,0,Unknown,Unknown,0,Unknown,Unknown,0,Unknown,Unknown,0,Unknown,Unknown
Hospital 2212,Jackson,Private,-1,None,None,None,None,Same,Above,None,0,Unknown,Unknown,0,Unknown,Unknown,17777,Average,Average,0,Unknown,Unknown
Hospital 2213,Bigfork,Government,-1,None,None,None,None,None,None,None,0,Unknown,Unknown,0,Unknown,Unknown,0,Unknown,Unknown,19959,Average,Average
Hospital 2214,Grand Marais,Government,-1,None,None,None,None,None,Same,None,0,Unknown,Unknown,0,Unknown,Unknown,0,Unknown,Unknown,0,Unknown,Unknown
Hospital 2215,Ely,Private,-1,None,None,None,None,None,None,None,0,Unknown,Unknown,0,Unknown,Unknown,0,Unknown,Unknown,0,Unknown,Unknown
Hospital 2216,Slayton,Government,4,None,None,Same,Above,Same,Above,None,0,Unknown,Unknown,0,Unknown,Unknown,16165,Average,Average,27995,Average,Higher
Hospital 2217,Crookston,Private,4,None,None,Same,Above,Same,Above,Same,0,Unknown,Unknown,0,Unknown,Unknown,14162,Average,Lower,18956,Average,Lower
Hospital 2218,Graceville,Private,-1,None,None,None,None,Same,Same,None,0,Unknown,Unknown,0,Unknown,Unknown,0,Unknown,Unknown,0,Unknown,Unknown
Hospital 2219,International Falls,Private,-1,None,None,None,None,None,Same,Same,0,Unknown,Unknown,0,Unknown,Unknown,0,Unknown,Unknown,0,Unknown,Unknown
Hospital 2220,Madelia,Unknown,-1,None,None,None,None,None,None,None,0,Unknown,Unknown,0,Unknown,Unknown,0,Unknown,Unknown,0,Unknown,Unknown
Hospital 2221,Montevideo,Government,2,None,None,Same,Same,Same,Same,Same,0,Unknown,Unknown,14956,Average,Average,16755,Average,Average,0,Unknown,Unknown
Hospital 2222,Long Prairie,Private,-1,None,None,None,Above,Same,Above,None,0,Unknown,Unknown,0,Unknown,Unknown,0,Unknown,Unknown,0,Unknown,Unknown
Hospital 2223,Sleepy Eye,Government,-1,None,None,Same,None,None,Above,None,0,Unknown,Unknown,17386,Average,Average,16966,Average,Average,0,Unknown,Unknown
Hospital 2224,Bagley,Private,-1,None,None,None,None,Same,Above,None,0,Unknown,Unknown,0,Unknown,Unknown,0,Unknown,Unknown,0,Unknown,Unknown
Hospital 2225,Staples,Unknown,4,None,None,Same,Above,Same,Above,None,0,Unknown,Unknown,0,Unknown,Unknown,15726,Average,Average,0,Unknown,Unknown
Hospital 2226,Melrose,Private,4,None,None,Same,Above,Same,Above,Same,0,Unknown,Unknown,0,Unknown,Unknown,17617,Average,Average,0,Unknown,Unknown
Hospital 2227,Windom,Government,3,None,None,Same,None,Same,Above,Same,0,Unknown,Unknown,0,Unknown,Unknown,17974,Average,Average,0,Unknown,Unknown
Hospital 2228,St James,Unknown,-1,None,None,None,None,Same,Above,None,0,Unknown,Unknown,0,Unknown,Unknown,0,Unknown,Unknown,0,Unknown,Unknown
Hospital 2229,St Peter,Government,-1,None,None,None,Above,Same,Above,None,0,Unknown,Unknown,0,Unknown,Unknown,0,Unknown,Unknown,19646,Average,Lower
Hospital 2230,Wabasha,Private,3,None,None,Same,None,Same,Above,None,0,Unknown,Unknown,0,Unknown,Unknown,14721,Average,Lower,0,Unknown,Unknown
Hospital 2231,Hallock,Private,-1,None,None,None,None,None,Same,None,0,Unknown,Unknown,0,Unknown,Unknown,0,Unknown,Unknown,0,Unknown,Unknown
Hospital 2232,Warren,Private,-1,None,None,None,None,None,None,None,0,Unknown,Unknown,0,Unknown,Unknown,0,Unknown,Unknown,0,Unknown,Unknown
Hospital 2233,Lake City,Private,-1,None,None,None,None,Same,Same,None,0,Unknown,Unknown,0,Unknown,Unknown,0,Unknown,Unknown,0,Unknown,Unknown
Hospital 2234,Hendricks,Private,-1,None,None,None,None,None,Same,None,0,Unknown,Unknown,0,Unknown,Unknown,0,Unknown,Unknown,0,Unknown,Unknown
Hospital 2235,Aurora,Private,-1,None,None,None,None,Same,Same,None,0,Unknown,Unknown,0,Unknown,Unknown,0,Unknown,Unknown,0,Unknown,Unknown
Hospital 2236,Appleton,Government,-1,None,None,None,None,None,None,None,0,Unknown,Unknown,0,Unknown,Unknown,0,Unknown,Unknown,0,Unknown,Unknown
Hospital 2237,Ortonville,Government,3,None,None,Same,None,Same,Above,None,0,Unknown,Unknown,0,Unknown,Unknown,17688,Average,Average,0,Unknown,Unknown
Hospital 2238,Granite Falls,Government,-1,None,None,None,Same,Same,Above,None,0,Unknown,Unknown,0,Unknown,Unknown,18460,Average,Average,0,Unknown,Unknown
Hospital 2239,Roseau,Private,-1,None,None,None,Above,Same,Above,None,0,Unknown,Unknown,0,Unknown,Unknown,19002,Average,Average,0,Unknown,Unknown
Hospital 2240,Waseca,Private,-1,None,None,None,None,Same,Above,None,0,Unknown,Unknown,0,Unknown,Unknown,0,Unknown,Unknown,0,Unknown,Unknown
Hospital 2241,Cannon Falls,Private,-1,None,None,None,None,Same,Above,None,0,Unknown,Unknown,0,Unknown,Unknown,0,Unknown,Unknown,0,Unknown,Unknown
Hospital 2242,Canby,Government,-1,None,None,None,None,Same,Above,None,0,Unknown,Unknown,0,Unknown,Unknown,19399,Average,Average,0,Unknown,Unknown
Hospital 2243,Tyler,Private,-1,None,None,None,None,None,Above,None,0,Unknown,Unknown,0,Unknown,Unknown,0,Unknown,Unknown,0,Unknown,Unknown
Hospital 2244,Paynesville,Private,4,None,None,Same,Above,Same,Above,Same,0,Unknown,Unknown,0,Unknown,Unknown,16826,Average,Average,0,Unknown,Unknown
Hospital 2245,Moose Lake,Government,-1,None,None,None,Above,Same,Above,None,0,Unknown,Unknown,0,Unknown,Unknown,16604,Average,Average,0,Unknown,Unknown
Hospital 2246,Redwood Falls,Government,4,None,None,Same,Above,Same,Above,Same,0,Unknown,Unknown,17317,Average,Average,17943,Average,Average,0,Unknown,Unknown
Hospital 2247,Springfield,Private,-1,None,None,None,None,Same,Above,Same,0,Unknown,Unknown,0,Unknown,Unknown,15959,Average,Average,0,Unknown,Unknown
Hospital 2248,Crosby,Government,4,Same,None,Same,Above,Same,Above,Same,0,Unknown,Unknown,0,Unknown,Unknown,17928,Average,Average,17904,Average,Lower
Hospital 2249,Wadena,Unknown,4,None,None,Same,Above,Same,Above,None,0,Unknown,Unknown,15849,Average,Average,16179,Average,Average,0,Unknown,Unknown
Hospital 2250,Glencoe,Private,4,None,None,Same,Above,Same,Above,None,0,Unknown,Unknown,16735,Average,Average,18232,Average,Average,0,Unknown,Unknown
Hospital 2251,Onamia,Private,3,None,None,Same,Same,Same,Above,None,0,Unknown,Unknown,14530,Average,Average,12173,Average,Lower,0,Unknown,Unknown
Hospital 2252,Fosston,Private,-1,None,None,None,None,Same,Above,None,0,Unknown,Unknown,0,Unknown,Unknown,17888,Average,Average,0,Unknown,Unknown
Hospital 2253,Cass Lake,Government,-1,None,None,None,None,None,None,None,0,Unknown,Unknown,0,Unknown,Unknown,0,Unknown,Unknown,0,Unknown,Unknown
Hospital 2254,Marshall,Private,3,Same,None,Same,Same,Same,Above,Same,0,Unknown,Unknown,16896,Average,Average,16542,Average,Average,20908,Average,Average
Hospital 2255,Deer River,Private,4,None,None,Same,None,Same,Above,None,0,Unknown,Unknown,0,Unknown,Unknown,16521,Average,Average,0,Unknown,Unknown
Hospital 2256,New Prague,Private,4,None,None,Same,Above,Same,Above,None,0,Unknown,Unknown,17388,Average,Average,16308,Average,Average,0,Unknown,Unknown
Hospital 2257,Monticello,Private,-1,None,None,None,Above,Same,Above,None,0,Unknown,Unknown,0,Unknown,Unknown,12865,Average,Lower,0,Unknown,Unknown
Hospital 2258,Morris,Private,4,None,None,Above,Above,Same,Above,Same,0,Unknown,Unknown,16548,Average,Average,13863,Average,Lower,0,Unknown,Unknown
Hospital 2259,Cloquet,Private,4,Same,None,Same,Above,None,None,None,0,Unknown,Unknown,15455,Average,Average,14883,Average,Lower,23149,Average,Average
Hospital 2260,Benson,Government,-1,None,None,None,Above,Same,Same,None,0,Unknown,Unknown,0,Unknown,Unknown,0,Unknown,Unknown,0,Unknown,Unknown
Hospital 2261,Litchfield,Government,-1,None,None,None,Above,None,None,None,0,Unknown,Unknown,0,Unknown,Unknown,15388,Average,Average,0,Unknown,Unknown
Hospital 2262,Mora,Government,4,Same,None,Same,Above,Same,Same,Same,0,Unknown,Unknown,15073,Average,Average,14148,Average,Lower,19902,Average,Average
Hospital 2263,Sauk Centre,Private,-1,None,None,None,Same,Same,Above,None,0,Unknown,Unknown,0,Unknown,Unknown,0,Unknown,Unknown,0,Unknown,Unknown
Hospital 2264,Blue Earth,Government,-1,None,None,None,Above,Same,Above,None,0,Unknown,Unknown,0,Unknown,Unknown,16842,Unknown,Unknown,0,Unknown,Unknown
Hospital 2265,Little Falls,Private,3,None,None,Same,Same,Same,Above,None,0,Unknown,Unknown,0,Unknown,Unknown,17701,Average,Average,23273,Average,Average
Hospital 2266,Luverne,Private,-1,None,None,None,None,Same,Above,None,0,Unknown,Unknown,0,Unknown,Unknown,16920,Average,Average,0,Unknown,Unknown
Hospital 2267,Madison,Private,-1,None,None,None,None,Same,Above,None,0,Unknown,Unknown,0,Unknown,Unknown,19034,Average,Average,0,Unknown,Unknown
Hospital 2268,Perham,Government,4,None,None,Below,Above,Same,Above,Same,0,Unknown,Unknown,16568,Average,Average,15647,Average,Average,0,Unknown,Unknown
Hospital 2269,Pipestone,Government,-1,None,None,None,None,Same,Same,None,0,Unknown,Unknown,0,Unknown,Unknown,14500,Average,Lower,0,Unknown,Unknown
Hospital 2270,Le Sueur,Private,-1,None,None,None,None,Same,Same,None,0,Unknown,Unknown,0,Unknown,Unknown,0,Unknown,Unknown,0,Unknown,Unknown
Hospital 2271,Glenwood,Government,4,None,None,Below,Above,Same,Above,None,0,Unknown,Unknown,0,Unknown,Unknown,16677,Average,Average,0,Unknown,Unknown
Hospital 2272,Breckenridge,Church,3,Same,None,Same,None,Same,Above,None,0,Unknown,Unknown,15749,Average,Average,14472,Average,Lower,0,Unknown,Unknown
Hospital 2273,New Ulm,Private,4,Same,None,Above,Above,Same,Same,Same,0,Unknown,Unknown,15438,Average,Average,15330,Average,Lower,23170,Average,Average
Hospital 2274,Elbow Lake,Private,-1,None,None,None,None,None,None,None,0,Unknown,Unknown,0,Unknown,Unknown,0,Unknown,Unknown,0,Unknown,Unknown
Hospital 2275,Park Rapids,Private,4,None,None,Same,Above,Same,Same,Same,0,Unknown,Unknown,16003,Average,Average,15204,Average,Lower,0,Unknown,Unknown
Hospital 2276,Thief River Falls,Private,3,None,None,Above,Same,Same,Above,None,0,Unknown,Unknown,0,Unknown,Unknown,16252,Average,Average,0,Unknown,Unknown
Hospital 2277,Saint Paul,Government,-1,None,None,None,None,None,None,None,0,Unknown,Unknown,0,Unknown,Unknown,0,Unknown,Unknown,0,Unknown,Unknown
Hospital 2278,Minneapolis,Private,-1,None,None,None,None,None,None,None,0,Unknown,Unknown,0,Unknown,Unknown,0,Unknown,Unknown,0,Unknown,Unknown
Hospital 2279,Minneapolis,Private,-1,None,None,None,None,None,None,None,0,Unknown,Unknown,0,Unknown,Unknown,0,Unknown,Unknown,0,Unknown,Unknown
Hospital 2280,Jackson,Government,1,Below,Below,Below,Below,Below,Below,Below,24379,Average,Average,15080,Worse,Lower,17984,Average,Average,22292,Average,Average
Hospital 2281,Iuka,Private,3,Same,None,Below,None,Same,Above,Same,0,Unknown,Unknown,16841,Average,Average,16810,Average,Average,0,Unknown,Unknown
Hospital 2282,Tupelo,Private,3,Below,Above,Above,Same,Same,Above,Same,25516,Worse,Higher,16855,Worse,Average,18623,Worse,Higher,20612,Average,Lower
Hospital 2283,New Albany,Unknown,5,Same,Same,Above,Above,Above,Above,Same,0,Unknown,Unknown,14471,Average,Lower,15246,Average,Lower,22144,Average,Average
Hospital 2284,Biloxi,Proprietary,2,Same,Same,Below,Below,Same,Same,Below,0,Unknown,Unknown,16371,Better,Average,17775,Average,Average,23059,Average,Average
Hospital 2285,Corinth,Unknown,2,Below,Below,Below,Above,Same,Above,Above,23265,Worse,Average,14241,Average,Lower,16077,Worse,Lower,22788,Average,Average
Hospital 2286,Holly Springs,Unknown,2,Same,None,Below,None,Same,Same,None,0,Unknown,Unknown,14104,Average,Lower,15629,Average,Average,0,Unknown,Unknown
Hospital 2287,Houston,Proprietary,-1,None,None,None,None,None,None,None,0,Unknown,Unknown,0,Unknown,Unknown,18049,Average,Average,0,Unknown,Unknown
Hospital 2288,Bay Springs,Government,-1,None,None,None,None,None,None,None,0,Unknown,Unknown,0,Unknown,Unknown,0,Unknown,Unknown,0,Unknown,Unknown
Hospital 2289,Gulfport,Government,1,Below,Below,Below,Above,Same,Same,Below,28645,Average,Higher,17258,Average,Average,20046,Average,Higher,22989,Average,Higher
Hospital 2290,Eupora,Unknown,3,Same,None,Below,Same,Same,Above,Same,0,Unknown,Unknown,16388,Average,Average,17257,Average,Average,0,Unknown,Unknown
Hospital 2291,Amory,Proprietary,3,Same,Above,Below,Above,Same,Above,Same,0,Unknown,Unknown,15614,Average,Average,16415,Average,Average,0,Unknown,Unknown
Hospital 2292,Louisville,Private,-1,None,None,None,None,Same,Same,Same,0,Unknown,Unknown,0,Unknown,Unknown,15912,Average,Average,0,Unknown,Unknown
Hospital 2293,Vicksburg,Proprietary,1,Same,Below,Below,Below,Same,Below,Same,22308,Average,Average,17709,Average,Average,20984,Average,Higher,23564,Average,Average
Hospital 2294,Oxford,Private,2,Same,Same,Below,Same,Same,Above,Same,23298,Average,Average,16466,Average,Average,17846,Average,Average,24861,Worse,Higher
Hospital 2295,Lucedale,Government,3,Same,None,Same,Above,Below,Same,Same,0,Unknown,Unknown,16895,Average,Average,19303,Average,Average,0,Unknown,Unknown
Hospital 2296,Canton,Proprietary,2,Same,None,Below,Below,Same,Same,None,0,Unknown,Unknown,16813,Average,Average,20512,Average,Higher,0,Unknown,Unknown
Hospital 2297,Pascagoula,Government,2,Below,Below,Below,Below,Same,Same,Below,25638,Average,Higher,16105,Average,Average,17866,Worse,Average,22524,Average,Average
Hospital 2298,Clarksdale,Proprietary,3,Same,Same,Below,Same,Same,Same,Same,21700,Average,Average,15912,Average,Average,17555,Average,Average,0,Unknown,Unknown
Hospital 2299,Philadelphia,Government,2,Same,None,Same,Same,Below,Above,Same,0,Unknown,Unknown,13227,Average,Lower,13050,Average,Lower,0,Unknown,Unknown
Hospital 2300,Booneville,Church,3,Same,None,Same,None,Same,Above,Same,0,Unknown,Unknown,15711,Average,Average,15715,Worse,Lower,0,Unknown,Unknown
Hospital 2301,Jackson,Church,2,Same,Below,Below,Same,Below,Below,Same,19128,Average,Lower,15553,Average,Lower,16809,Average,Lower,22591,Average,Average
Hospital 2302,Magnolia,Proprietary,4,Same,None,Same,Above,None,None,None,0,Unknown,Unknown,14266,Average,Lower,14361,Average,Lower,0,Unknown,Unknown
Hospital 2303,Starkville,Government,3,Same,Same,Above,Same,Same,Same,Below,0,Unknown,Unknown,16082,Average,Average,16724,Average,Average,23564,Average,Average
Hospital 2304,Brookhaven,Unknown,2,Same,Same,Below,Above,Same,Same,Same,0,Unknown,Unknown,17003,Average,Average,17978,Average,Average,26674,Average,Higher
Hospital 2305,Laurel,Government,3,Same,Above,Below,Same,Same,Above,Same,22446,Average,Average,14643,Average,Lower,15745,Average,Lower,26280,Average,Higher
Hospital 2306,Fayette,Government,-1,None,None,None,None,Same,Above,None,0,Unknown,Unknown,0,Unknown,Unknown,0,Unknown,Unknown,0,Unknown,Unknown
Hospital 2307,Water Valley,Government,3,Same,None,Same,Above,None,None,None,0,Unknown,Unknown,14290,Average,Lower,12276,Average,Lower,0,Unknown,Unknown
Hospital 2308,West Point,Private,3,Same,None,Same,Same,Same,Above,None,0,Unknown,Unknown,15651,Average,Average,16021,Average,Average,0,Unknown,Unknown
Hospital 2309,Meridian,Private,2,Below,Below,Above,Below,Same,Same,Below,25489,Average,Average,19569,Average,Higher,21543,Worse,Higher,34771,Average,Higher
Hospital 2310,Jackson,Proprietary,2,Same,Below,Same,Below,Same,Below,Same,25091,Average,Average,19695,Average,Higher,19689,Average,Higher,28034,Average,Higher
Hospital 2311,Waynesboro,Government,2,Same,None,Below,Same,Below,Above,None,0,Unknown,Unknown,14474,Average,Lower,13860,Average,Lower,0,Unknown,Unknown
Hospital 2312,Hattiesburg,Government,1,Below,Below,Below,Same,Below,Same,Above,26602,Average,Higher,16609,Worse,Average,18872,Worse,Higher,24194,Worse,Higher
Hospital 2313,Rolling Fork,Government,-1,None,None,Same,None,None,None,None,0,Unknown,Unknown,15423,Average,Average,13043,Average,Lower,0,Unknown,Unknown
Hospital 2314,Meridian,Proprietary,-1,None,None,None,None,None,None,None,0,Unknown,Unknown,0,Unknown,Unknown,0,Unknown,Unknown,0,Unknown,Unknown
Hospital 2315,Greenville,Government,2,Same,Above,Below,Below,Same,Below,Same,24845,Average,Average,15304,Average,Lower,17101,Average,Average,27159,Average,Higher
Hospital 2316,Natchez,Proprietary,2,Below,Above,Same,Below,Same,Below,Below,22758,Average,Average,15851,Average,Average,19120,Worse,Higher,0,Unknown,Unknown
Hospital 2317,Columbia,Unknown,3,Same,None,Same,Same,Same,Above,Same,0,Unknown,Unknown,15976,Average,Average,16297,Average,Average,0,Unknown,Unknown
Hospital 2318,Cleveland,Proprietary,2,Same,None,Below,Above,Below,Above,Same,0,Unknown,Unknown,16239,Average,Average,19039,Average,Higher,0,Unknown,Unknown
Hospital 2319,Hattiesburg,Private,2,Same,Below,Below,Same,Same,Above,Same,26378,Average,Higher,17624,Average,Average,16156,Average,Lower,22996,Average,Average
Hospital 2320,Indianola,Government,3,Same,None,Above,None,Below,Above,Same,0,Unknown,Unknown,14909,Average,Average,14007,Average,Lower,0,Unknown,Unknown
Hospital 2321,Brandon,Proprietary,3,Same,None,Below,Below,Same,Above,None,0,Unknown,Unknown,16271,Average,Average,16786,Average,Average,0,Unknown,Unknown
Hospital 2322,Mccomb,Government,2,Same,Same,Above,Below,Same,Above,Same,22920,Average,Average,15088,Average,Lower,17530,Average,Average,26237,Average,Higher
Hospital 2323,Greenwood,Government,2,Same,Below,Below,Below,Same,Same,Same,23094,Average,Average,16279,Average,Average,16975,Average,Average,33647,Average,Higher
Hospital 2324,Columbus,Private,2,Below,Above,Below,Same,Above,Above,Below,25110,Average,Average,17172,Worse,Average,18035,Worse,Average,22386,Average,Average
Hospital 2325,Jackson,Private,3,Above,Same,Below,Above,Below,Same,Above,21861,Average,Lower,16438,Average,Average,17434,Better,Average,22378,Average,Higher
Hospital 2326,Meridian,Private,1,Below,Below,Below,Same,Same,Same,Below,22399,Average,Average,17570,Average,Average,17854,Average,Average,26346,Average,Higher
Hospital 2327,Picayune,Government,2,Same,None,Below,Same,Same,Same,Same,0,Unknown,Unknown,16106,Average,Average,17297,Average,Average,0,Unknown,Unknown
Hospital 2328,Gulfport,Proprietary,2,Same,Above,Below,Same,Same,Above,Same,0,Unknown,Unknown,16607,Average,Average,17973,Average,Average,22448,Average,Average
Hospital 2329,Magee,Government,3,Same,None,Above,Above,Below,Above,None,0,Unknown,Unknown,14660,Average,Lower,16050,Average,Lower,0,Unknown,Unknown
Hospital 2330,Senatobia,Proprietary,3,Same,None,Same,None,Same,Above,Same,0,Unknown,Unknown,15535,Average,Average,14996,Average,Lower,0,Unknown,Unknown
Hospital 2331,Philadelphia,Government,-1,None,None,None,None,None,None,None,0,Unknown,Unknown,0,Unknown,Unknown,0,Unknown,Unknown,0,Unknown,Unknown
Hospital 2332,Batesville,Proprietary,2,Same,None,Below,Same,Same,Above,Below,0,Unknown,Unknown,15379,Average,Average,17929,Average,Average,0,Unknown,Unknown
Hospital 2333,Whitfield,Government,-1,None,None,None,None,None,None,None,0,Unknown,Unknown,0,Unknown,Unknown,13487,Average,Lower,0,Unknown,Unknown
Hospital 2334,Flowood,Proprietary,-1,None,None,None,Above,Same,None,None,0,Unknown,Unknown,0,Unknown,Unknown,0,Unknown,Unknown,0,Unknown,Unknown
Hospital 2335,Flowood,Proprietary,3,Same,Same,Above,Below,Same,Above,Below,0,Unknown,Unknown,15725,Average,Average,18971,Average,Average,23761,Average,Higher
Hospital 2336,Southaven,Private,1,Same,Below,Below,Below,Same,Same,Above,27082,Average,Higher,17992,Average,Higher,17858,Average,Average,0,Unknown,Unknown
Hospital 2337,Meridian,Proprietary,-1,None,None,None,None,None,None,None,0,Unknown,Unknown,0,Unknown,Unknown,0,Unknown,Unknown,0,Unknown,Unknown
Hospital 2338,Jackson,Private,-1,None,None,None,None,None,None,None,0,Unknown,Unknown,0,Unknown,Unknown,0,Unknown,Unknown,0,Unknown,Unknown
Hospital 2339,Bay Saint Louis,Government,4,Same,None,Above,Same,Same,Same,Same,0,Unknown,Unknown,16235,Average,Average,16967,Average,Average,0,Unknown,Unknown
Hospital 2340,Raleigh,Proprietary,-1,None,None,None,None,None,None,None,0,Unknown,Unknown,0,Unknown,Unknown,0,Unknown,Unknown,0,Unknown,Unknown
Hospital 2341,Olive Branch,Private,4,Same,Same,Same,Above,Same,Above,Same,26986,Average,Average,14948,Average,Average,16693,Average,Average,0,Unknown,Unknown
Hospital 2342,Grenada,Government,2,Same,Above,Below,Below,Same,Above,Same,23794,Average,Average,20556,Average,Higher,20027,Average,Higher,27786,Average,Higher
Hospital 2343,Forest,Private,3,Same,None,Above,None,None,Above,None,0,Unknown,Unknown,16984,Average,Average,15832,Average,Average,0,Unknown,Unknown
Hospital 2344,Aberdeen,Private,-1,None,None,Same,None,None,None,None,0,Unknown,Unknown,0,Unknown,Unknown,23247,Average,Higher,0,Unknown,Unknown
Hospital 2345,Wiggins,Proprietary,-1,None,None,Below,None,None,None,None,0,Unknown,Unknown,0,Unknown,Unknown,19947,Average,Higher,0,Unknown,Unknown
Hospital 2346,Charleston,Government,-1,None,None,None,Above,None,Above,Same,0,Unknown,Unknown,0,Unknown,Unknown,21539,Average,Higher,0,Unknown,Unknown
Hospital 2347,Monticello,Government,-1,None,None,Below,None,None,None,None,0,Unknown,Unknown,0,Unknown,Unknown,20125,Average,Higher,0,Unknown,Unknown
Hospital 2348,Richton,Proprietary,-1,None,None,None,None,None,None,None,0,Unknown,Unknown,0,Unknown,Unknown,17151,Average,Average,0,Unknown,Unknown
Hospital 2349,Macon,Government,-1,None,None,None,None,None,None,None,0,Unknown,Unknown,0,Unknown,Unknown,0,Unknown,Unknown,0,Unknown,Unknown
Hospital 2350,Pontotoc,Private,4,None,None,Above,None,Same,Above,Same,0,Unknown,Unknown,0,Unknown,Unknown,15648,Average,Average,0,Unknown,Unknown
Hospital 2351,Centreville,Government,3,None,None,Same,None,Same,Above,Same,0,Unknown,Unknown,17043,Average,Average,15474,Average,Average,0,Unknown,Unknown
Hospital 2352,Winona,Private,-1,Same,None,Below,None,None,None,None,0,Unknown,Unknown,18566,Average,Average,22905,Average,Higher,0,Unknown,Unknown
Hospital 2353,Yazoo City,Private,3,Same,None,Same,None,None,Same,None,0,Unknown,Unknown,16917,Average,Average,17286,Average,Average,0,Unknown,Unknown
Hospital 2354,Marks,Proprietary,-1,None,None,None,None,None,None,None,0,Unknown,Unknown,0,Unknown,Unknown,0,Unknown,Unknown,0,Unknown,Unknown
Hospital 2355,Carthage,Private,3,Same,None,Same,None,None,Same,None,0,Unknown,Unknown,16724,Average,Average,15254,Average,Lower,0,Unknown,Unknown
Hospital 2356,Quitman,Unknown,3,None,None,Same,None,Same,Same,None,0,Unknown,Unknown,17938,Average,Average,16383,Average,Average,0,Unknown,Unknown
Hospital 2357,Mendenhall,Private,-1,None,None,Same,None,None,None,None,0,Unknown,Unknown,0,Unknown,Unknown,16531,Average,Average,0,Unknown,Unknown
Hospital 2358,Ruleville,Government,2,Same,None,Below,None,None,None,Below,0,Unknown,Unknown,22450,Average,Higher,26538,Average,Higher,0,Unknown,Unknown
Hospital 2359,Lexington,Government,3,None,None,Same,None,Same,Same,None,0,Unknown,Unknown,19616,Average,Higher,19477,Average,Average,0,Unknown,Unknown
Hospital 2360,Port Gibson,Government,-1,Same,None,Above,None,None,None,None,0,Unknown,Unknown,18949,Average,Average,18443,Average,Average,0,Unknown,Unknown
Hospital 2361,Union,Private,3,None,None,Same,None,Same,Above,Same,0,Unknown,Unknown,18452,Unknown,Unknown,17414,Average,Average,0,Unknown,Unknown
Hospital 2362,Morton,Private,4,None,None,Above,None,Same,Above,Same,0,Unknown,Unknown,17026,Average,Average,17287,Average,Average,0,Unknown,Unknown
Hospital 2363,Tylertown,Government,-1,Same,None,Same,None,None,None,None,0,Unknown,Unknown,18838,Average,Average,18150,Average,Average,0,Unknown,Unknown
Hospital 2364,Collins,Government,2,Same,None,Below,None,Same,Above,None,0,Unknown,Unknown,0,Unknown,Unknown,18610,Average,Average,0,Unknown,Unknown
Hospital 2365,Prentiss,Government,-1,None,None,None,None,None,None,None,0,Unknown,Unknown,0,Unknown,Unknown,16953,Average,Average,0,Unknown,Unknown
Hospital 2366,Hazlehurst,Government,-1,None,None,Below,None,None,None,Same,0,Unknown,Unknown,0,Unknown,Unknown,16030,Average,Average,0,Unknown,Unknown
Hospital 2367,Leakesville,Government,-1,None,None,None,None,None,None,None,0,Unknown,Unknown,0,Unknown,Unknown,18585,Average,Average,0,Unknown,Unknown
Hospital 2368,Meadville,Government,-1,None,None,Above,None,None,Above,None,0,Unknown,Unknown,22091,Average,Higher,25637,Average,Higher,0,Unknown,Unknown
Hospital 2369,Calhoun City,Private,3,Same,None,Same,None,Same,Above,None,0,Unknown,Unknown,17224,Average,Average,17199,Average,Average,0,Unknown,Unknown
Hospital 2370,Poplarville,Government,-1,None,None,None,None,None,Same,None,0,Unknown,Unknown,0,Unknown,Unknown,0,Unknown,Unknown,0,Unknown,Unknown
Hospital 2371,Ackerman,Government,-1,None,None,None,None,None,None,None,0,Unknown,Unknown,0,Unknown,Unknown,24085,Average,Higher,0,Unknown,Unknown
Hospital 2372,De Kalb,Private,-1,None,None,Below,None,None,Same,None,0,Unknown,Unknown,0,Unknown,Unknown,19527,Average,Average,0,Unknown,Unknown
Hospital 2373,Kosciusko,Unknown,4,Same,None,Above,None,Same,Above,Same,0,Unknown,Unknown,17157,Average,Average,17194,Average,Average,0,Unknown,Unknown
Hospital 2374,Ripley,Government,4,Same,None,Above,None,Below,Above,Same,0,Unknown,Unknown,16490,Average,Average,18830,Average,Average,0,Unknown,Unknown
Hospital 2375,Joplin,Church,3,Same,Above,Below,Same,Same,Same,Same,26825,Average,Higher,18210,Average,Higher,20431,Average,Higher,24953,Average,Average
Hospital 2376,Boonville,Unknown,3,Same,None,Same,None,Same,Above,None,0,Unknown,Unknown,15405,Average,Average,13790,Average,Lower,0,Unknown,Unknown
Hospital 2377,Saint Charles,Private,2,Below,Below,Above,Below,Same,Same,Same,23977,Average,Average,17046,Average,Average,17922,Worse,Average,21948,Average,Average
Hospital 2378,Saint Joseph,Private,5,Same,Above,Above,Same,Same,Same,Above,23846,Average,Average,15648,Average,Lower,16920,Better,Average,20838,Average,Lower
Hospital 2379,Sedalia,Government,3,Above,Same,Below,Below,Same,Same,Below,23355,Average,Average,14923,Average,Lower,15404,Average,Lower,17249,Average,Lower
Hospital 2380,Jefferson City,Proprietary,4,Same,Above,Above,Above,Same,Above,Same,25162,Average,Average,17440,Average,Average,16063,Average,Lower,21629,Average,Average
Hospital 2381,Rolla,Government,3,Below,Above,Above,Same,Same,Same,Below,26109,Average,Average,19382,Average,Higher,17338,Average,Average,23439,Average,Higher
Hospital 2382,Saint Louis,Private,5,Above,Above,Above,Above,Same,Same,Same,25396,Average,Average,17083,Better,Average,18559,Average,Higher,20074,Average,Lower
Hospital 2383,Kirksville,Proprietary,4,Same,Same,Above,Same,Above,Above,Same,24585,Average,Average,16650,Average,Average,18502,Average,Average,22507,Average,Average
Hospital 2384,Festus,Private,3,Same,Above,Below,Below,Same,Same,Same,25343,Average,Average,18884,Average,Higher,19352,Average,Higher,23044,Worse,Average
Hospital 2385,Houston,Unknown,3,Same,None,Below,Same,Below,Same,Same,0,Unknown,Unknown,14216,Average,Lower,14108,Average,Lower,0,Unknown,Unknown
Hospital 2386,Hannibal,Private,3,Same,Above,Same,Same,Same,Above,Same,20992,Average,Lower,15542,Average,Average,15739,Average,Lower,19279,Average,Lower
Hospital 2387,Kansas City,Proprietary,2,Same,Above,Below,Below,Above,Above,Above,25350,Average,Average,15407,Average,Average,18174,Average,Average,22513,Average,Average
Hospital 2388,Saint Louis,Unknown,2,Above,Below,Below,Above,Same,Below,Above,23029,Better,Average,16342,Average,Average,18368,Average,Higher,18065,Average,Lower
Hospital 2389,Butler,Government,3,Same,None,Below,Same,Same,Above,None,22060,Average,Average,16919,Average,Average,14825,Average,Lower,0,Unknown,Unknown
Hospital 2390,Springfield,Private,3,Below,Above,Above,Below,Same,Below,Same,22231,Average,Lower,14735,Worse,Lower,17160,Average,Average,19523,Average,Lower
Hospital 2391,Jefferson City,Private,3,Below,Same,Above,Above,Above,Above,Same,23399,Average,Average,15417,Average,Lower,16147,Average,Lower,20890,Average,Lower
Hospital 2392,Kansas City,Private,1,Same,Below,Below,Below,Below,Below,Below,0,Unknown,Unknown,14795,Average,Average,17586,Average,Average,23288,Average,Average
Hospital 2393,Maryville,Church,4,Same,Same,Above,Above,Same,Above,Same,0,Unknown,Unknown,15418,Average,Average,15329,Average,Lower,21804,Average,Average
Hospital 2394,Washington,Private,4,Same,Above,Above,Below,Same,Above,Same,23370,Average,Average,16358,Average,Average,18511,Average,Average,20021,Average,Lower
Hospital 2395,Cameron,Private,2,Same,Same,Below,Below,Same,Above,Same,0,Unknown,Unknown,14512,Average,Lower,14372,Average,Lower,22495,Average,Average
Hospital 2396,Lebanon,Church,3,Same,Same,Same,Same,Same,Same,Same,0,Unknown,Unknown,13934,Average,Lower,13716,Average,Lower,18853,Average,Lower
Hospital 2397,Nevada,Government,3,Same,None,Above,Same,Same,Above,Same,0,Unknown,Unknown,15736,Average,Average,17251,Average,Average,0,Unknown,Unknown
Hospital 2398,Kansas City,Private,4,Same,Same,Same,Above,Same,Same,Same,25944,Average,Average,16616,Average,Average,17521,Average,Average,22115,Average,Average
Hospital 2399,Mexico,Private,3,Same,Above,Above,Same,Same,Above,Same,22358,Average,Average,17009,Average,Average,18360,Average,Average,17993,Average,Lower
Hospital 2400,Springfield,Private,5,Same,Above,Above,Below,Below,Same,Above,22744,Average,Average,17130,Average,Average,18501,Average,Higher,18622,Better,Lower
Hospital 2401,Columbia,Unknown,5,Same,Above,Above,Above,Same,Same,Same,25517,Average,Higher,16162,Average,Average,18202,Average,Average,20885,Average,Lower
Hospital 2402,Hayti,Government,3,Same,None,Below,None,Below,Above,None,0,Unknown,Unknown,13402,Average,Lower,15257,Average,Lower,0,Unknown,Unknown
Hospital 2403,Moberly,Proprietary,3,Same,Same,Below,Same,Same,Above,None,0,Unknown,Unknown,15889,Average,Average,18538,Average,Average,24751,Average,Higher
Hospital 2404,Saint Louis,Private,1,Same,Below,Below,Below,Same,Same,Same,26003,Average,Higher,17260,Average,Average,17099,Average,Average,20344,Average,Lower
Hospital 2405,West Plains,Unknown,2,Below,Above,Above,Same,Same,Same,Below,21164,Average,Lower,14142,Average,Lower,16950,Worse,Average,20588,Average,Average
Hospital 2406,Doniphan,Private,3,None,None,Same,None,Same,Same,None,0,Unknown,Unknown,0,Unknown,Unknown,15333,Average,Lower,0,Unknown,Unknown
Hospital 2407,Fenton,Private,4,Same,Below,Above,Above,Same,Same,Same,23814,Average,Average,16525,Average,Average,16451,Average,Lower,21589,Average,Average
Hospital 2408,Kansas City,Private,4,Above,Above,Same,Below,Same,Above,Same,21957,Average,Average,16564,Better,Average,19907,Better,Higher,21281,Average,Average
Hospital 2409,Richmond Heights,Private,2,Above,Below,Above,Same,Same,Same,Same,25069,Average,Average,15346,Average,Lower,18345,Average,Average,20750,Average,Lower
Hospital 2410,Branson,Private,3,Same,Same,Above,Same,Same,Below,Same,24641,Average,Average,17696,Average,Average,19132,Average,Higher,19465,Average,Lower
Hospital 2411,Independence,Proprietary,2,Below,Above,Below,Same,Same,Same,Same,23290,Average,Average,16943,Average,Average,18658,Worse,Higher,21916,Average,Average
Hospital 2412,North Kansas City,Government,3,Same,Above,Below,Above,Same,Above,Below,23686,Average,Average,16213,Average,Average,18188,Average,Higher,24135,Average,Higher
Hospital 2413,Warrensburg,Government,3,Same,Above,Below,Same,Same,Same,Same,0,Unknown,Unknown,14690,Average,Lower,15635,Average,Lower,21999,Average,Average
Hospital 2414,Kansas City,Private,4,None,Above,Above,Same,Same,Same,None,0,Unknown,Unknown,0,Unknown,Unknown,16972,Average,Average,19448,Average,Lower
Hospital 2415,Bridgeton,Private,2,Above,Same,Below,Below,Same,Below,Same,23930,Average,Average,17608,Better,Higher,19299,Average,Higher,20986,Average,Lower
Hospital 2416,Saint Louis,Proprietary,1,Same,Below,Below,Below,Same,Below,Same,21805,Average,Average,16854,Average,Average,17502,Average,Average,0,Unknown,Unknown
Hospital 2417,Town And Country,Private,4,Same,Above,Above,Above,Same,Same,Above,23356,Average,Average,16790,Average,Average,17079,Average,Average,20656,Average,Lower
Hospital 2418,Cape Girardeau,Private,1,Below,Below,Below,Same,Same,Above,Below,25582,Average,Average,16880,Worse,Average,16544,Average,Lower,20164,Average,Lower
Hospital 2419,Sikeston,Unknown,2,Same,Below,Above,Same,Same,Above,Same,23405,Average,Average,15213,Average,Lower,16552,Average,Average,21072,Average,Average
Hospital 2420,Poplar Bluff,Proprietary,1,Below,Above,Below,Below,Same,Same,Below,25430,Average,Average,15318,Average,Lower,16089,Worse,Lower,21916,Average,Average
Hospital 2421,Joplin,Private,2,Below,Below,Above,Below,Below,Below,Same,23964,Worse,Average,16306,Average,Average,16531,Average,Lower,21152,Average,Lower
Hospital 2422,Kansas City,Government,4,Above,Below,Below,Above,Same,Same,Above,22830,Average,Average,17901,Average,Higher,18377,Average,Average,22213,Average,Average
Hospital 2423,Columbia,Government,1,Below,Below,Below,Above,Above,Same,Same,21590,Average,Lower,16810,Average,Average,17324,Average,Average,20860,Average,Lower
Hospital 2424,Marshall,Private,3,Same,Same,Same,Same,Same,Above,Same,0,Unknown,Unknown,14932,Average,Average,16336,Average,Average,23834,Average,Average
Hospital 2425,Dexter,Private,2,Same,None,Same,Below,Below,Same,Same,0,Unknown,Unknown,15719,Average,Average,15185,Average,Lower,0,Unknown,Unknown
Hospital 2426,Creve Coeur,Private,3,None,Above,Below,Same,Same,Same,Same,0,Unknown,Unknown,16575,Average,Average,15535,Average,Average,17782,Average,Lower
Hospital 2427,Farmington,Private,5,Same,Above,Above,Same,Same,Same,Above,0,Unknown,Unknown,17057,Average,Average,17735,Average,Average,29169,Average,Higher
Hospital 2428,Clinton,Government,3,Same,Same,Same,Same,Same,Same,Above,23998,Average,Average,14687,Average,Lower,15733,Average,Lower,19591,Average,Lower
Hospital 2429,Saint Louis,Proprietary,2,Same,Above,Below,Same,Same,Same,None,24309,Average,Average,17298,Average,Average,16306,Average,Average,22078,Average,Average
Hospital 2430,Liberty,Government,4,Same,Above,Same,Same,Same,Above,Same,25414,Average,Average,16732,Average,Average,17145,Average,Average,23338,Average,Higher
Hospital 2431,Chesterfield,Private,5,Above,Above,Above,Above,Same,Same,Same,25162,Average,Average,17392,Better,Average,17220,Better,Average,21289,Average,Lower
Hospital 2432,Saint Louis,Private,1,Same,Below,Below,Below,Same,Below,Same,25712,Average,Average,17319,Average,Average,19016,Average,Higher,22744,Average,Average
Hospital 2433,Cape Girardeau,Church,3,Below,Above,Below,Above,Same,Above,Below,24113,Average,Average,14616,Worse,Lower,16687,Average,Lower,19497,Average,Lower
Hospital 2434,Osage Beach,Unknown,3,Below,Above,Above,Same,Above,Above,Above,23627,Worse,Average,15733,Average,Average,15972,Worse,Lower,20230,Average,Lower
Hospital 2435,Lees Summit,Proprietary,3,Same,Above,Below,Above,Same,Above,Same,23144,Average,Average,15346,Average,Average,16957,Average,Average,22532,Average,Average
Hospital 2436,Saint Peters,Unknown,2,Same,Below,Below,Same,Same,Below,Above,23819,Average,Average,15671,Average,Average,17497,Average,Average,20098,Average,Lower
Hospital 2437,Blue Springs,Church,4,Above,Above,Below,Below,Same,Above,Same,24350,Average,Average,16374,Better,Average,18528,Better,Higher,24265,Average,Higher
Hospital 2438,Bolivar,Government,2,Below,Above,Same,Same,Same,Above,Same,22804,Average,Average,16121,Average,Average,17599,Worse,Average,18446,Average,Lower
Hospital 2439,Lake Saint Louis,Church,4,Same,Above,Above,Above,Same,Same,Same,24911,Average,Average,16996,Average,Average,18245,Average,Average,21762,Average,Average
Hospital 2440,Fulton,Private,-1,None,None,None,None,Same,Same,None,0,Unknown,Unknown,0,Unknown,Unknown,17441,Average,Average,0,Unknown,Unknown
Hospital 2441,Saint Louis,Proprietary,2,None,Below,Below,Same,Same,Below,None,0,Unknown,Unknown,19066,Average,Average,18725,Average,Average,0,Unknown,Unknown
Hospital 2442,Belton,Private,3,Same,Above,Below,Below,Above,Above,Same,0,Unknown,Unknown,16228,Average,Average,17270,Average,Average,21678,Average,Average
Hospital 2443,Lees Summit,Private,4,Above,Above,Below,Above,Same,Same,Above,22620,Average,Average,16386,Average,Average,16695,Better,Average,21831,Average,Average
Hospital 2444,O Fallon,Private,4,Same,Above,Same,Above,Same,Same,Same,23937,Average,Average,17274,Average,Average,17281,Average,Average,20958,Average,Average
Hospital 2445,Poplar Bluff,Private,3,None,None,Below,None,Same,Above,Below,0,Unknown,Unknown,0,Unknown,Unknown,13911,Average,Lower,0,Unknown,Unknown
Hospital 2446,Appleton City,Government,-1,None,None,None,None,None,None,None,0,Unknown,Unknown,19332,Average,Higher,21675,Average,Higher,0,Unknown,Unknown
Hospital 2447,Fredericktown,Unknown,-1,None,None,None,None,None,None,None,0,Unknown,Unknown,0,Unknown,Unknown,15148,Average,Lower,0,Unknown,Unknown
Hospital 2448,Fairfax,Private,4,Same,None,Above,Above,None,None,None,0,Unknown,Unknown,15739,Average,Average,17741,Average,Average,0,Unknown,Unknown
Hospital 2449,Unionville,Unknown,-1,None,None,None,None,None,None,None,0,Unknown,Unknown,0,Unknown,Unknown,20300,Average,Average,0,Unknown,Unknown
Hospital 2450,Milan,Government,-1,None,None,None,None,Same,Above,None,0,Unknown,Unknown,0,Unknown,Unknown,20459,Average,Average,0,Unknown,Unknown
Hospital 2451,Brookfield,Private,-1,Same,None,Above,None,None,None,None,0,Unknown,Unknown,16252,Average,Average,18138,Average,Average,0,Unknown,Unknown
Hospital 2452,Potosi,Government,2,Same,None,Below,None,Same,Same,Same,0,Unknown,Unknown,16112,Average,Average,17839,Average,Average,0,Unknown,Unknown
Hospital 2453,Trenton,Private,2,Same,None,Below,None,Same,Above,Same,0,Unknown,Unknown,18646,Average,Average,17196,Average,Average,0,Unknown,Unknown
Hospital 2454,Memphis,Government,3,Same,None,Same,None,Same,Above,None,0,Unknown,Unknown,18761,Average,Average,23266,Average,Higher,0,Unknown,Unknown
Hospital 2455,Perryville,Government,3,Same,None,Below,Same,Same,Above,Same,0,Unknown,Unknown,18822,Average,Average,18406,Better,Average,28163,Worse,Higher
Hospital 2456,Bethany,Government,-1,None,None,Same,None,None,None,None,0,Unknown,Unknown,0,Unknown,Unknown,21814,Average,Higher,0,Unknown,Unknown
Hospital 2457,Macon,Government,-1,None,None,None,None,None,None,None,0,Unknown,Unknown,0,Unknown,Unknown,0,Unknown,Unknown,0,Unknown,Unknown
Hospital 2458,Hermann,Government,-1,Same,None,Same,None,None,None,None,0,Unknown,Unknown,18871,Average,Average,20800,Average,Higher,0,Unknown,Unknown
Hospital 2459,Bonne Terre,Private,-1,None,None,None,None,None,None,None,0,Unknown,Unknown,0,Unknown,Unknown,0,Unknown,Unknown,0,Unknown,Unknown
Hospital 2460,Aurora,Church,3,None,None,Same,Same,Same,None,None,0,Unknown,Unknown,0,Unknown,Unknown,19378,Average,Average,0,Unknown,Unknown
Hospital 2461,Cassville,Church,-1,None,None,Same,None,None,None,None,0,Unknown,Unknown,0,Unknown,Unknown,16680,Average,Average,0,Unknown,Unknown
Hospital 2462,Salem,Government,-1,Same,None,Below,None,None,None,None,0,Unknown,Unknown,15262,Average,Average,14343,Average,Lower,0,Unknown,Unknown
Hospital 2463,Troy,Government,4,Same,None,Above,Same,Same,Same,Same,0,Unknown,Unknown,18511,Average,Average,18913,Average,Average,0,Unknown,Unknown
Hospital 2464,Lexington,Proprietary,3,Same,None,Below,Same,Same,Above,None,0,Unknown,Unknown,16778,Average,Average,16343,Average,Average,0,Unknown,Unknown
Hospital 2465,Chillicothe,Private,3,Same,None,Below,Same,Same,Above,Same,0,Unknown,Unknown,16878,Average,Average,18984,Average,Average,0,Unknown,Unknown
Hospital 2466,Excelsior Springs,Government,-1,None,None,None,None,None,None,None,0,Unknown,Unknown,0,Unknown,Unknown,13583,Average,Lower,0,Unknown,Unknown
Hospital 2467,El Dorado Springs,Government,3,None,None,Same,None,Same,Same,None,0,Unknown,Unknown,0,Unknown,Unknown,16199,Average,Average,0,Unknown,Unknown
Hospital 2468,Harrisonville,Government,4,Same,None,Same,Same,Same,Above,Same,0,Unknown,Unknown,14101,Average,Lower,14952,Average,Lower,21993,Average,Average
Hospital 2469,Lamar,Government,4,Same,None,Same,Above,None,None,None,0,Unknown,Unknown,17441,Average,Average,19047,Average,Average,21763,Average,Average
Hospital 2470,Richmond,Government,4,Same,None,Same,Same,Same,Same,Same,0,Unknown,Unknown,17294,Average,Average,19509,Average,Average,0,Unknown,Unknown
Hospital 2471,Albany,Private,-1,None,None,Below,None,None,Same,None,0,Unknown,Unknown,0,Unknown,Unknown,17956,Average,Average,0,Unknown,Unknown
Hospital 2472,Monett,Private,4,None,None,Above,Above,Same,None,None,0,Unknown,Unknown,0,Unknown,Unknown,17243,Average,Average,0,Unknown,Unknown
Hospital 2473,Sainte Genevieve,Government,4,Same,None,Above,Same,Same,Above,Same,0,Unknown,Unknown,21257,Average,Higher,17512,Average,Average,27715,Average,Higher
Hospital 2474,Neosho,Private,3,Same,None,Same,Same,None,None,None,0,Unknown,Unknown,17261,Average,Average,17087,Average,Average,0,Unknown,Unknown
Hospital 2475,Carrollton,Private,-1,None,None,Same,None,Same,None,None,0,Unknown,Unknown,0,Unknown,Unknown,17304,Average,Average,0,Unknown,Unknown
Hospital 2476,Louisiana,Government,3,Same,None,Same,None,Same,Same,Same,0,Unknown,Unknown,14732,Average,Average,15707,Average,Lower,0,Unknown,Unknown
Hospital 2477,Sweet Springs,Proprietary,-1,None,None,None,None,None,None,None,0,Unknown,Unknown,0,Unknown,Unknown,17773,Average,Average,0,Unknown,Unknown
Hospital 2478,Mountain View,Private,-1,None,None,Same,None,None,None,None,0,Unknown,Unknown,0,Unknown,Unknown,20959,Average,Higher,0,Unknown,Unknown
Hospital 2479,Pilot Knob,Government,-1,None,None,None,None,None,None,None,0,Unknown,Unknown,0,Unknown,Unknown,21581,Average,Higher,0,Unknown,Unknown
Hospital 2480,Sullivan,Private,3,Same,None,Same,Same,Same,Same,Above,0,Unknown,Unknown,17494,Average,Average,16185,Average,Average,0,Unknown,Unknown
Hospital 2481,Carthage,Government,4,Same,None,Above,Same,None,None,None,0,Unknown,Unknown,15522,Average,Average,17986,Average,Average,23607,Average,Average
Hospital 2482,Saint Louis,Unknown,-1,None,None,None,None,None,None,None,0,Unknown,Unknown,0,Unknown,Unknown,0,Unknown,Unknown,0,Unknown,Unknown
Hospital 2483,Kansas City,Private,-1,None,None,None,None,None,None,None,0,Unknown,Unknown,0,Unknown,Unknown,0,Unknown,Unknown,0,Unknown,Unknown
Hospital 2484,Maryland Heights,Private,-1,None,None,None,None,None,None,None,0,Unknown,Unknown,0,Unknown,Unknown,0,Unknown,Unknown,0,Unknown,Unknown
Hospital 2485,Saint Louis,Private,-1,None,None,None,None,None,None,None,0,Unknown,Unknown,0,Unknown,Unknown,0,Unknown,Unknown,0,Unknown,Unknown
Hospital 2486,Helena,Private,3,Same,Below,Above,Above,Same,Same,Same,20647,Average,Lower,14568,Average,Lower,15529,Average,Lower,19551,Average,Lower
Hospital 2487,Billings,Private,3,Same,Same,Above,Above,Same,Below,Same,25587,Average,Higher,16052,Average,Average,15704,Average,Lower,18830,Average,Lower
Hospital 2488,Great Falls,Private,3,Same,Below,Above,Below,Same,Same,Same,23130,Average,Average,15005,Worse,Lower,16937,Average,Average,20856,Average,Lower
Hospital 2489,Missoula,Church,5,Same,Above,Above,Above,Same,Above,Same,22751,Average,Average,15347,Worse,Lower,16242,Average,Lower,17795,Average,Lower
Hospital 2490,Butte,Private,3,Same,Same,Same,Same,Same,Above,Same,22600,Average,Average,15594,Average,Average,17557,Average,Average,22274,Average,Average
Hospital 2491,Missoula,Private,4,Same,Above,Above,Below,Same,Above,Same,24834,Average,Average,16562,Average,Average,16771,Average,Average,18633,Average,Lower
Hospital 2492,Havre,Private,3,Same,Same,Above,Below,Same,Above,Same,0,Unknown,Unknown,15102,Average,Average,13029,Average,Lower,21395,Average,Average
Hospital 2493,Billings,Church,5,Below,Above,Above,Above,Same,Above,Same,22758,Average,Average,16327,Worse,Average,17028,Average,Average,19022,Average,Lower
Hospital 2494,Kalispell,Private,5,Same,Above,Above,Above,Same,Same,Same,23427,Average,Average,15455,Average,Average,16142,Average,Lower,18587,Average,Lower
Hospital 2495,Bozeman,Private,4,Same,Below,Above,Above,Same,Same,Same,22556,Average,Average,16059,Average,Average,16803,Average,Average,18949,Average,Lower
Hospital 2496,Browning,Government,-1,None,None,Same,None,Same,None,None,0,Unknown,Unknown,0,Unknown,Unknown,14412,Average,Lower,0,Unknown,Unknown
Hospital 2497,Great Falls,Proprietary,4,Same,Above,Above,Above,Same,Above,Same,0,Unknown,Unknown,15490,Average,Average,16983,Average,Average,18424,Average,Lower
Hospital 2498,Kalispell,Proprietary,4,None,None,Above,Same,Same,None,Below,0,Unknown,Unknown,0,Unknown,Unknown,0,Unknown,Unknown,18483,Average,Lower
Hospital 2499,Big Sky,Private,-1,None,None,None,None,Same,Same,None,0,Unknown,Unknown,0,Unknown,Unknown,0,Unknown,Unknown,0,Unknown,Unknown
Hospital 2500,Poplar,Private,-1,None,None,None,None,None,None,None,0,Unknown,Unknown,0,Unknown,Unknown,0,Unknown,Unknown,0,Unknown,Unknown
Hospital 2501,Baker,Private,-1,None,None,None,None,None,None,None,0,Unknown,Unknown,0,Unknown,Unknown,21263,Average,Higher,0,Unknown,Unknown
Hospital 2502,Ekalaka,Private,-1,None,None,None,None,Same,Same,None,0,Unknown,Unknown,0,Unknown,Unknown,0,Unknown,Unknown,0,Unknown,Unknown
Hospital 2503,Philipsburg,Government,-1,None,None,None,None,None,None,None,0,Unknown,Unknown,0,Unknown,Unknown,0,Unknown,Unknown,0,Unknown,Unknown
Hospital 2504,Fort Benton,Government,-1,None,None,None,None,None,None,None,0,Unknown,Unknown,0,Unknown,Unknown,0,Unknown,Unknown,0,Unknown,Unknown
Hospital 2505,Circle,Private,-1,None,None,None,None,Same,Above,None,0,Unknown,Unknown,0,Unknown,Unknown,0,Unknown,Unknown,0,Unknown,Unknown
Hospital 2506,White Sulphur Spring,Private,-1,None,None,None,None,None,None,None,0,Unknown,Unknown,0,Unknown,Unknown,16046,Average,Average,0,Unknown,Unknown
Hospital 2507,Choteau,Private,-1,None,None,None,None,None,None,None,0,Unknown,Unknown,0,Unknown,Unknown,16170,Average,Average,0,Unknown,Unknown
Hospital 2508,Culbertson,Private,-1,None,None,None,None,None,None,None,0,Unknown,Unknown,0,Unknown,Unknown,0,Unknown,Unknown,0,Unknown,Unknown
Hospital 2509,Terry,Government,-1,None,None,None,None,None,None,None,0,Unknown,Unknown,0,Unknown,Unknown,0,Unknown,Unknown,0,Unknown,Unknown
Hospital 2510,Jordan,Government,-1,None,None,None,None,None,None,None,0,Unknown,Unknown,0,Unknown,Unknown,0,Unknown,Unknown,0,Unknown,Unknown
Hospital 2511,Big Sandy,Private,-1,None,None,None,None,None,None,None,0,Unknown,Unknown,0,Unknown,Unknown,0,Unknown,Unknown,0,Unknown,Unknown
Hospital 2512,Malta,Private,-1,None,None,None,None,None,None,None,0,Unknown,Unknown,0,Unknown,Unknown,14758,Average,Lower,0,Unknown,Unknown
Hospital 2513,Big Timber,Government,-1,None,None,None,None,None,None,None,0,Unknown,Unknown,0,Unknown,Unknown,17616,Average,Average,0,Unknown,Unknown
Hospital 2514,Deer Lodge,Private,-1,None,None,None,None,None,None,None,0,Unknown,Unknown,0,Unknown,Unknown,20914,Average,Higher,0,Unknown,Unknown
Hospital 2515,Harlem,Government,-1,None,None,None,None,None,None,None,0,Unknown,Unknown,0,Unknown,Unknown,0,Unknown,Unknown,0,Unknown,Unknown
Hospital 2516,Glasgow,Private,4,Same,None,Same,Above,Same,Above,Same,0,Unknown,Unknown,16975,Average,Average,15588,Average,Average,20879,Average,Average
Hospital 2517,Livingston,Private,4,Same,None,Same,Above,None,None,None,0,Unknown,Unknown,15331,Average,Average,13347,Average,Lower,23612,Average,Average
Hospital 2518,Dillon,Government,4,None,None,Same,Above,Same,Same,Same,0,Unknown,Unknown,14521,Average,Average,12405,Average,Lower,20563,Average,Average
Hospital 2519,Sheridan,Government,-1,None,None,Same,None,None,None,None,0,Unknown,Unknown,15525,Average,Average,13196,Average,Lower,0,Unknown,Unknown
Hospital 2520,Libby,Private,4,Same,None,Above,Same,Same,Above,None,0,Unknown,Unknown,0,Unknown,Unknown,16790,Average,Average,19865,Average,Average
Hospital 2521,Harlowton,Government,-1,None,None,None,None,None,None,None,0,Unknown,Unknown,0,Unknown,Unknown,0,Unknown,Unknown,0,Unknown,Unknown
Hospital 2522,Plentywood,Private,-1,None,None,None,None,None,None,None,0,Unknown,Unknown,0,Unknown,Unknown,19395,Average,Average,0,Unknown,Unknown
Hospital 2523,Plains,Private,-1,None,None,Below,None,None,None,None,0,Unknown,Unknown,0,Unknown,Unknown,12696,Average,Lower,0,Unknown,Unknown
Hospital 2524,Conrad,Private,-1,None,None,None,None,None,None,None,0,Unknown,Unknown,0,Unknown,Unknown,0,Unknown,Unknown,0,Unknown,Unknown
Hospital 2525,Ronan,Private,2,Same,None,Below,Same,Same,Above,None,0,Unknown,Unknown,16710,Average,Average,12691,Average,Lower,0,Unknown,Unknown
Hospital 2526,Red Lodge,Private,-1,None,None,None,None,None,None,None,0,Unknown,Unknown,0,Unknown,Unknown,11537,Average,Lower,0,Unknown,Unknown
Hospital 2527,Forsyth,Private,-1,None,None,None,None,None,None,None,0,Unknown,Unknown,0,Unknown,Unknown,14837,Average,Lower,0,Unknown,Unknown
Hospital 2528,Shelby,Government,-1,None,None,None,None,None,None,None,0,Unknown,Unknown,0,Unknown,Unknown,0,Unknown,Unknown,0,Unknown,Unknown
Hospital 2529,Ennis,Government,-1,None,None,None,None,None,None,None,0,Unknown,Unknown,0,Unknown,Unknown,20044,Average,Average,0,Unknown,Unknown
Hospital 2530,Columbus,Private,-1,None,None,None,None,None,None,None,0,Unknown,Unknown,0,Unknown,Unknown,0,Unknown,Unknown,0,Unknown,Unknown
Hospital 2531,Superior,Private,-1,None,None,None,None,None,None,None,0,Unknown,Unknown,0,Unknown,Unknown,0,Unknown,Unknown,0,Unknown,Unknown
Hospital 2532,Glendive,Unknown,2,Same,None,Same,Below,None,None,None,0,Unknown,Unknown,0,Unknown,Unknown,17162,Average,Average,19257,Average,Lower
Hospital 2533,Townsend,Private,-1,None,None,None,None,None,None,None,0,Unknown,Unknown,0,Unknown,Unknown,0,Unknown,Unknown,0,Unknown,Unknown
Hospital 2534,Chester,Private,-1,None,None,None,None,None,None,None,0,Unknown,Unknown,0,Unknown,Unknown,16587,Average,Average,0,Unknown,Unknown
Hospital 2535,Anaconda,Private,4,Same,None,Above,Above,Same,Above,Same,0,Unknown,Unknown,16590,Average,Average,17186,Average,Average,20230,Average,Lower
Hospital 2536,Whitefish,Private,4,Same,None,Above,Above,Same,Above,Same,0,Unknown,Unknown,18498,Average,Average,15967,Average,Average,18545,Average,Lower
Hospital 2537,Cut Bank,Private,-1,None,None,None,None,None,None,None,0,Unknown,Unknown,0,Unknown,Unknown,14390,Average,Lower,0,Unknown,Unknown
Hospital 2538,Hardin,Government,-1,None,None,None,None,Same,Above,None,0,Unknown,Unknown,0,Unknown,Unknown,19802,Average,Average,0,Unknown,Unknown
Hospital 2539,Crow Agency,Government,-1,None,None,None,None,None,None,None,0,Unknown,Unknown,0,Unknown,Unknown,0,Unknown,Unknown,0,Unknown,Unknown
Hospital 2540,Hamilton,Private,3,Same,None,Same,Below,None,None,None,0,Unknown,Unknown,16425,Average,Average,16529,Average,Average,20361,Average,Average
Hospital 2541,Wolf Point,Private,-1,None,None,None,None,None,None,None,0,Unknown,Unknown,0,Unknown,Unknown,12094,Average,Lower,0,Unknown,Unknown
Hospital 2542,Scobey,Government,-1,None,None,None,None,None,None,None,0,Unknown,Unknown,0,Unknown,Unknown,0,Unknown,Unknown,0,Unknown,Unknown
Hospital 2543,Polson,Private,3,Same,None,Same,Same,Same,Above,Same,0,Unknown,Unknown,17199,Average,Average,16883,Average,Average,0,Unknown,Unknown
Hospital 2544,Sidney,Private,3,Same,None,Same,Same,Same,Above,Same,0,Unknown,Unknown,15743,Average,Average,16751,Average,Average,17715,Average,Lower
Hospital 2545,Lewistown,Private,4,Same,None,Above,Same,Same,Above,None,0,Unknown,Unknown,14091,Average,Lower,14513,Average,Lower,19426,Average,Lower
Hospital 2546,Roundup,Government,-1,None,None,None,None,None,Same,None,0,Unknown,Unknown,0,Unknown,Unknown,17168,Average,Average,0,Unknown,Unknown
Hospital 2547,Miles City,Private,4,Same,None,Above,Same,Same,Above,Same,0,Unknown,Unknown,17830,Average,Average,16850,Average,Average,24237,Average,Higher
Hospital 2548,Lincoln,Private,3,Below,Below,Above,Above,Same,Same,Same,26686,Average,Higher,17192,Worse,Average,17552,Average,Average,22951,Average,Higher
Hospital 2549,Kearney,Church,2,Same,Below,Above,Below,Same,Above,Same,27764,Average,Higher,18274,Average,Higher,17847,Average,Average,19748,Average,Lower
Hospital 2550,Omaha,Private,3,Same,Above,Below,Above,Same,Below,Above,22781,Average,Average,17318,Average,Average,18547,Average,Higher,22405,Average,Average
Hospital 2551,Lincoln,Private,3,Same,Above,Above,Below,Same,Below,Same,24848,Average,Average,17696,Average,Average,17908,Average,Average,20265,Average,Lower
Hospital 2552,Grand Island,Church,3,Same,Below,Above,Below,Same,Above,Below,22889,Average,Average,15492,Average,Average,16616,Average,Average,21233,Average,Average
Hospital 2553,Hastings,Unknown,3,Below,Below,Above,Same,Same,Above,Same,25650,Average,Average,15948,Worse,Average,17246,Worse,Average,22855,Average,Average
Hospital 2554,Omaha,Private,4,Same,Below,Above,Above,Below,Above,Above,24650,Average,Average,17159,Average,Average,18350,Average,Higher,21375,Average,Lower
Hospital 2555,Omaha,Private,3,Above,Below,Below,Below,Same,Same,Same,25064,Average,Average,18383,Average,Higher,19066,Average,Higher,22174,Average,Average
Hospital 2556,Scottsbluff,Private,1,Same,Below,Above,Below,Same,Same,Same,25212,Average,Average,15900,Average,Average,17696,Average,Average,21460,Average,Average
Hospital 2557,North Platte,Private,3,Same,Above,Same,Below,Same,Above,Same,23461,Average,Average,16615,Average,Average,16927,Average,Average,21806,Average,Average
Hospital 2558,Fremont,Government,4,Same,Same,Above,Above,Same,Above,Below,25299,Average,Average,17516,Average,Average,16736,Average,Average,22526,Average,Average
Hospital 2559,Omaha,Private,3,Same,Same,Above,Same,Same,Above,Same,24165,Average,Average,18668,Average,Higher,19664,Average,Higher,20519,Average,Lower
Hospital 2560,Papillion,Church,4,Same,None,Above,Same,Same,Above,Same,23785,Average,Average,15864,Average,Average,17801,Average,Average,20945,Average,Average
Hospital 2561,Columbus,Unknown,5,Same,Above,Above,Above,Same,Above,Same,0,Unknown,Unknown,17091,Average,Average,16645,Average,Average,21584,Average,Average
Hospital 2562,Norfolk,Private,4,Same,Above,Above,Same,Same,Above,Same,27775,Average,Higher,18657,Average,Higher,18194,Average,Average,25049,Average,Higher
Hospital 2563,Lincoln,Proprietary,-1,None,None,None,Above,None,None,None,0,Unknown,Unknown,0,Unknown,Unknown,0,Unknown,Unknown,19480,Average,Lower
Hospital 2564,Lincoln,Private,5,Same,None,Above,Above,None,None,None,28251,Average,Higher,17874,Average,Average,0,Unknown,Unknown,0,Unknown,Unknown
Hospital 2565,Omaha,Unknown,-1,None,None,None,Above,Same,Above,None,0,Unknown,Unknown,0,Unknown,Unknown,0,Unknown,Unknown,20394,Average,Lower
Hospital 2566,Omaha,Church,3,Same,Below,Above,Same,Same,Above,Above,24334,Average,Average,16792,Average,Average,18480,Average,Average,22225,Average,Average
Hospital 2567,Omaha,Unknown,-1,None,None,None,Above,None,None,None,0,Unknown,Unknown,0,Unknown,Unknown,0,Unknown,Unknown,18871,Average,Lower
Hospital 2568,Bellevue,Proprietary,2,Below,Below,Below,Above,Same,Above,Same,25098,Average,Average,17810,Average,Average,14879,Average,Lower,21585,Average,Average
Hospital 2569,Omaha,Proprietary,-1,None,None,None,Above,None,None,None,0,Unknown,Unknown,0,Unknown,Unknown,0,Unknown,Unknown,0,Unknown,Unknown
Hospital 2570,Kearney,Proprietary,4,Same,Above,Above,Same,Same,Above,Below,29353,Average,Higher,16630,Average,Average,17720,Average,Average,22422,Average,Average
Hospital 2571,Alma,Government,-1,None,None,None,None,Same,Same,None,0,Unknown,Unknown,0,Unknown,Unknown,0,Unknown,Unknown,0,Unknown,Unknown
Hospital 2572,Geneva,Government,4,None,None,Same,Above,Same,Above,None,0,Unknown,Unknown,0,Unknown,Unknown,16087,Average,Average,18240,Average,Lower
Hospital 2573,Pawnee City,Government,-1,None,None,None,None,Same,Same,None,0,Unknown,Unknown,0,Unknown,Unknown,18638,Unknown,Unknown,0,Unknown,Unknown
Hospital 2574,Lynch,Private,-1,None,None,None,None,None,Same,None,0,Unknown,Unknown,0,Unknown,Unknown,0,Unknown,Unknown,0,Unknown,Unknown
Hospital 2575,Hebron,Government,3,Same,None,Same,Same,Same,Above,None,0,Unknown,Unknown,17435,Average,Average,16943,Average,Average,19889,Average,Average
Hospital 2576,Kimball,Government,-1,None,None,Same,None,None,Same,None,0,Unknown,Unknown,0,Unknown,Unknown,18553,Average,Average,0,Unknown,Unknown
Hospital 2577,Minden,Government,-1,None,None,None,None,Same,Above,None,0,Unknown,Unknown,0,Unknown,Unknown,0,Unknown,Unknown,0,Unknown,Unknown
Hospital 2578,Wahoo,Government,3,None,None,Same,None,Same,Above,None,0,Unknown,Unknown,0,Unknown,Unknown,19265,Average,Average,0,Unknown,Unknown
Hospital 2579,Henderson,Private,4,None,None,Same,None,Same,Above,None,0,Unknown,Unknown,0,Unknown,Unknown,17552,Average,Average,0,Unknown,Unknown
Hospital 2580,Syracuse,Government,-1,None,None,None,None,Same,Same,None,0,Unknown,Unknown,0,Unknown,Unknown,17787,Average,Average,0,Unknown,Unknown
Hospital 2581,Oshkosh,Private,-1,None,None,None,None,None,None,None,0,Unknown,Unknown,0,Unknown,Unknown,0,Unknown,Unknown,0,Unknown,Unknown
Hospital 2582,Franklin,Government,-1,None,None,None,None,None,None,None,0,Unknown,Unknown,0,Unknown,Unknown,0,Unknown,Unknown,0,Unknown,Unknown
Hospital 2583,Genoa,Government,-1,None,None,None,None,None,None,None,0,Unknown,Unknown,0,Unknown,Unknown,0,Unknown,Unknown,0,Unknown,Unknown
Hospital 2584,Gothenburg,Government,3,None,None,Same,None,Same,Above,None,0,Unknown,Unknown,0,Unknown,Unknown,17988,Average,Average,0,Unknown,Unknown
Hospital 2585,Osceola,Government,4,None,None,Same,None,Same,Above,None,0,Unknown,Unknown,0,Unknown,Unknown,19194,Average,Average,0,Unknown,Unknown
Hospital 2586,Superior,Private,4,Same,None,Below,Above,Same,Above,Same,0,Unknown,Unknown,18492,Average,Average,19728,Average,Higher,27045,Average,Higher
Hospital 2587,Red Cloud,Government,-1,None,None,None,None,Same,Above,None,0,Unknown,Unknown,0,Unknown,Unknown,21378,Average,Higher,0,Unknown,Unknown
Hospital 2588,Bridgeport,Government,-1,None,None,None,None,None,None,None,0,Unknown,Unknown,0,Unknown,Unknown,15277,Average,Average,0,Unknown,Unknown
Hospital 2589,Fairbury,Private,4,None,None,Same,None,Same,Above,None,0,Unknown,Unknown,0,Unknown,Unknown,17951,Average,Average,21690,Average,Average
Hospital 2590,Aurora,Private,3,None,None,Same,None,None,Above,Same,0,Unknown,Unknown,0,Unknown,Unknown,17950,Average,Average,20272,Average,Average
Hospital 2591,Oakland,Private,-1,None,None,None,None,Same,Above,None,0,Unknown,Unknown,0,Unknown,Unknown,21463,Average,Higher,0,Unknown,Unknown
Hospital 2592,West Point,Private,4,Same,None,Same,Above,Same,Above,None,0,Unknown,Unknown,15550,Average,Average,17467,Average,Average,24861,Average,Higher
Hospital 2593,Schuyler,Private,-1,None,None,None,None,Same,Same,None,0,Unknown,Unknown,0,Unknown,Unknown,0,Unknown,Unknown,0,Unknown,Unknown
Hospital 2594,Auburn,Government,3,None,None,Same,None,Same,Same,None,0,Unknown,Unknown,0,Unknown,Unknown,16974,Average,Average,0,Unknown,Unknown
Hospital 2595,Ainsworth,Government,-1,None,None,None,None,None,Same,None,0,Unknown,Unknown,0,Unknown,Unknown,0,Unknown,Unknown,0,Unknown,Unknown
Hospital 2596,Neligh,Private,3,None,None,Same,None,Same,Above,None,0,Unknown,Unknown,0,Unknown,Unknown,20485,Average,Higher,0,Unknown,Unknown
Hospital 2597,Cozad,Government,-1,None,None,Above,None,None,None,None,0,Unknown,Unknown,0,Unknown,Unknown,16027,Average,Average,0,Unknown,Unknown
Hospital 2598,Central City,Government,4,None,None,Same,None,Same,Above,None,0,Unknown,Unknown,0,Unknown,Unknown,17671,Average,Average,0,Unknown,Unknown
Hospital 2599,O' Neill,Church,3,Same,None,Same,Above,Same,Above,Same,0,Unknown,Unknown,16998,Average,Average,15688,Average,Lower,24069,Average,Average
Hospital 2600,Friend,Government,-1,None,None,None,None,None,None,None,0,Unknown,Unknown,0,Unknown,Unknown,0,Unknown,Unknown,0,Unknown,Unknown
Hospital 2601,Creighton,Private,-1,None,None,Same,None,None,Above,None,0,Unknown,Unknown,0,Unknown,Unknown,21130,Average,Higher,0,Unknown,Unknown
Hospital 2602,David City,Government,4,None,None,Same,Above,Same,Above,None,0,Unknown,Unknown,16734,Average,Average,18151,Average,Average,25319,Average,Higher
Hospital 2603,Bassett,Government,-1,None,None,None,None,None,None,None,0,Unknown,Unknown,0,Unknown,Unknown,0,Unknown,Unknown,0,Unknown,Unknown
Hospital 2604,Albion,Government,4,Same,None,Below,Above,Same,Above,None,0,Unknown,Unknown,16471,Average,Average,21043,Average,Higher,22196,Average,Average
Hospital 2605,Callaway,Government,-1,None,None,None,None,Same,Above,None,0,Unknown,Unknown,0,Unknown,Unknown,14488,Average,Lower,0,Unknown,Unknown
Hospital 2606,York,Private,3,Same,None,Below,Above,Same,Above,Same,0,Unknown,Unknown,17142,Average,Average,14430,Average,Lower,19906,Average,Lower
Hospital 2607,St Paul,Unknown,3,None,None,Same,None,Same,Above,Same,0,Unknown,Unknown,0,Unknown,Unknown,18567,Average,Average,0,Unknown,Unknown
Hospital 2608,Seward,Private,4,Same,None,Above,Above,None,Same,Same,0,Unknown,Unknown,0,Unknown,Unknown,16083,Average,Average,25016,Average,Higher
Hospital 2609,Benkelman,Government,-1,None,None,None,None,Same,Above,None,0,Unknown,Unknown,0,Unknown,Unknown,19063,Average,Average,0,Unknown,Unknown
Hospital 2610,Chadron,Private,4,Same,None,Same,Same,Same,Above,None,0,Unknown,Unknown,16685,Average,Average,15173,Average,Average,0,Unknown,Unknown
Hospital 2611,Nebraska City,Church,3,None,None,Same,None,Same,Above,Same,0,Unknown,Unknown,0,Unknown,Unknown,18296,Average,Average,19781,Average,Lower
Hospital 2612,Atkinson,Private,-1,None,None,Same,None,None,None,None,0,Unknown,Unknown,0,Unknown,Unknown,16417,Average,Average,0,Unknown,Unknown
Hospital 2613,Valentine,Government,3,None,None,Same,Same,Same,Above,None,0,Unknown,Unknown,0,Unknown,Unknown,12836,Average,Lower,18654,Average,Lower
Hospital 2614,Wayne,Private,4,None,None,Same,Above,Same,Above,None,0,Unknown,Unknown,0,Unknown,Unknown,19424,Average,Average,0,Unknown,Unknown
Hospital 2615,Plainview,Church,-1,None,None,None,None,Same,Above,None,0,Unknown,Unknown,0,Unknown,Unknown,21099,Average,Higher,0,Unknown,Unknown
Hospital 2616,Osmond,Private,-1,None,None,None,None,None,Above,None,0,Unknown,Unknown,0,Unknown,Unknown,24267,Average,Higher,0,Unknown,Unknown
Hospital 2617,Cambridge,Private,4,None,None,Above,None,None,Same,Same,0,Unknown,Unknown,0,Unknown,Unknown,21839,Average,Higher,0,Unknown,Unknown
Hospital 2618,Pender,Government,4,Same,None,Above,None,Same,Above,None,0,Unknown,Unknown,18340,Average,Average,18037,Average,Average,23316,Average,Average
Hospital 2619,Tecumseh,Government,-1,None,None,None,None,Same,Above,None,0,Unknown,Unknown,0,Unknown,Unknown,19181,Average,Average,0,Unknown,Unknown
Hospital 2620,Imperial,Government,-1,None,None,None,None,Same,Above,None,0,Unknown,Unknown,0,Unknown,Unknown,0,Unknown,Unknown,0,Unknown,Unknown
Hospital 2621,Falls City,Private,4,Same,None,Same,Above,None,Above,None,0,Unknown,Unknown,16807,Average,Average,19215,Average,Average,23604,Average,Higher
Hospital 2622,Ord,Government,3,Same,None,Same,None,None,Above,Same,0,Unknown,Unknown,0,Unknown,Unknown,19937,Average,Average,23560,Average,Average
Hospital 2623,Crete,Private,3,None,None,Same,None,Same,Above,None,0,Unknown,Unknown,0,Unknown,Unknown,16090,Average,Average,0,Unknown,Unknown
Hospital 2624,Ogallala,Government,3,Same,None,Same,None,Same,None,Same,0,Unknown,Unknown,15795,Average,Average,16543,Average,Average,0,Unknown,Unknown
Hospital 2625,Grant,Government,4,None,None,Same,Above,None,None,Same,0,Unknown,Unknown,0,Unknown,Unknown,16071,Average,Average,0,Unknown,Unknown
Hospital 2626,Sidney,Private,2,Same,None,Same,None,None,Above,Same,0,Unknown,Unknown,15070,Average,Average,13835,Average,Lower,22770,Average,Average
Hospital 2627,Gordon,Government,-1,None,None,None,None,Same,Above,Same,0,Unknown,Unknown,0,Unknown,Unknown,13911,Average,Lower,0,Unknown,Unknown
Hospital 2628,Blair,Private,3,None,None,Same,None,Same,Above,Same,0,Unknown,Unknown,17163,Average,Average,18118,Average,Average,0,Unknown,Unknown
Hospital 2629,Alliance,Government,3,Same,None,Below,Above,None,Above,None,0,Unknown,Unknown,16586,Average,Average,16775,Average,Average,20847,Average,Average
Hospital 2630,Lexington,Government,4,None,None,Same,Same,Same,Above,Same,0,Unknown,Unknown,0,Unknown,Unknown,18686,Average,Average,0,Unknown,Unknown
Hospital 2631,Holdrege,Private,4,Same,None,Above,Above,Same,Above,Same,0,Unknown,Unknown,18112,Average,Average,19202,Average,Higher,22797,Average,Average
Hospital 2632,Mccook,Unknown,3,Same,None,Below,Above,Same,Above,Same,0,Unknown,Unknown,17109,Average,Average,19521,Average,Higher,20788,Average,Average
Hospital 2633,Beatrice,Private,4,Same,None,Same,Above,Same,Above,Same,0,Unknown,Unknown,17120,Average,Average,15912,Average,Average,23223,Average,Average
Hospital 2634,Broken Bow,Private,4,Same,None,Above,None,Same,Above,Same,0,Unknown,Unknown,15136,Average,Average,14065,Average,Lower,0,Unknown,Unknown
Hospital 2635,Omaha,Private,-1,None,None,None,None,None,None,None,0,Unknown,Unknown,0,Unknown,Unknown,0,Unknown,Unknown,0,Unknown,Unknown
Hospital 2636,Omaha,Private,-1,None,None,None,None,None,None,None,0,Unknown,Unknown,0,Unknown,Unknown,0,Unknown,Unknown,0,Unknown,Unknown
Hospital 2637,Reno,Private,1,Below,Below,Above,Below,Same,Below,Same,21326,Average,Lower,16826,Average,Average,18152,Worse,Higher,18106,Average,Lower
Hospital 2638,Las Vegas,Proprietary,1,Below,Below,Below,Below,Same,Below,Above,28066,Average,Higher,20341,Average,Higher,22337,Worse,Higher,26252,Average,Higher
Hospital 2639,North Las Vegas,Private,2,Same,Above,Below,Below,Same,Below,None,25895,Average,Average,19231,Average,Higher,24363,Average,Higher,0,Unknown,Unknown
Hospital 2640,Las Vegas,Government,1,Same,Below,Below,Below,Same,Below,Same,25480,Average,Average,17450,Average,Average,20964,Average,Higher,25343,Average,Higher
Hospital 2641,Elko,Proprietary,3,Same,Same,Same,Below,Same,Same,Same,23789,Average,Average,17527,Average,Average,14615,Average,Lower,20981,Average,Average
Hospital 2642,Reno,Private,4,Same,Above,Below,Below,Same,Same,Same,21146,Average,Lower,15914,Average,Average,17942,Average,Average,18732,Average,Lower
Hospital 2643,Henderson,Church,2,Below,Above,Same,Below,Same,Below,Above,26478,Average,Average,20603,Average,Higher,21661,Worse,Higher,19664,Average,Lower
Hospital 2644,Carson City,Private,4,Same,Above,Below,Same,Same,Same,Below,22062,Average,Lower,15191,Average,Lower,16317,Average,Lower,20371,Average,Lower
Hospital 2645,Las Vegas,Proprietary,1,Same,Below,Below,Below,Below,Below,Above,22883,Average,Average,18805,Average,Higher,19701,Average,Higher,26885,Average,Higher
Hospital 2646,Las Vegas,Proprietary,1,Below,Below,Below,Below,Same,Below,Same,26009,Average,Average,20069,Average,Higher,20947,Average,Higher,27040,Average,Higher
Hospital 2647,Sparks,Proprietary,3,Same,Above,Below,Same,Same,Above,Same,23722,Average,Average,17414,Average,Average,17013,Average,Average,17945,Average,Lower
Hospital 2648,Las Vegas,Proprietary,3,Above,Above,Below,Below,Same,Below,Above,26268,Average,Higher,19624,Better,Higher,21128,Average,Higher,25905,Average,Higher
Hospital 2649,Las Vegas,Proprietary,1,Same,Below,Below,Below,Same,Below,Same,23728,Average,Average,19736,Average,Higher,19603,Average,Higher,24554,Average,Higher
Hospital 2650,Las Vegas,Private,-1,None,None,None,None,None,None,None,0,Unknown,Unknown,0,Unknown,Unknown,0,Unknown,Unknown,0,Unknown,Unknown
Hospital 2651,Henderson,Private,1,Below,Below,Same,Below,Same,Below,Above,26473,Average,Higher,21324,Worse,Higher,21678,Average,Higher,22922,Worse,Higher
Hospital 2652,Las Vegas,Proprietary,1,Same,Below,Below,Below,Same,Below,Same,26401,Average,Higher,18229,Average,Higher,20346,Average,Higher,27292,Average,Higher
Hospital 2653,Las Vegas,Private,1,Same,Below,Below,Below,Same,Above,Above,24402,Average,Average,18927,Average,Higher,20897,Average,Higher,24582,Average,Higher
Hospital 2654,Reno,Private,4,Same,Above,Above,Same,Same,Same,Same,0,Unknown,Unknown,14875,Average,Lower,15741,Average,Lower,17973,Average,Lower
Hospital 2655,Las Vegas,Church,1,Same,Below,Below,Same,Same,Below,Same,26610,Average,Average,19047,Average,Higher,20322,Average,Higher,22516,Average,Average
Hospital 2656,Las Vegas,Proprietary,2,Same,Same,Below,Below,Same,Same,Same,26975,Average,Higher,17093,Average,Average,19375,Average,Higher,23365,Average,Higher
Hospital 2657,Las Vegas,Private,-1,None,None,None,None,None,None,None,0,Unknown,Unknown,0,Unknown,Unknown,0,Unknown,Unknown,0,Unknown,Unknown
Hospital 2658,Henderson,Proprietary,3,None,Above,Below,Same,Same,Below,None,0,Unknown,Unknown,0,Unknown,Unknown,20892,Average,Higher,0,Unknown,Unknown
Hospital 2659,Hawthorne,Government,3,Same,None,Same,None,Same,Above,None,0,Unknown,Unknown,16512,Average,Average,15493,Average,Average,0,Unknown,Unknown
Hospital 2660,Incline Village,Government,-1,None,None,None,None,None,Same,None,0,Unknown,Unknown,0,Unknown,Unknown,0,Unknown,Unknown,0,Unknown,Unknown
Hospital 2661,Ely,Government,-1,Same,None,Same,None,None,None,None,0,Unknown,Unknown,16618,Average,Average,16166,Average,Average,0,Unknown,Unknown
Hospital 2662,Batte Mtn,Government,-1,None,None,None,None,None,None,None,0,Unknown,Unknown,0,Unknown,Unknown,0,Unknown,Unknown,0,Unknown,Unknown
Hospital 2663,Lovelock,Government,-1,None,None,None,None,Same,Same,None,0,Unknown,Unknown,0,Unknown,Unknown,0,Unknown,Unknown,0,Unknown,Unknown
Hospital 2664,Gardnerville,Private,3,Same,None,Below,Same,Same,Same,Same,0,Unknown,Unknown,15897,Average,Average,15954,Average,Lower,21760,Average,Average
Hospital 2665,Mesquite,Proprietary,3,Same,None,Same,Same,Same,Above,Same,0,Unknown,Unknown,14885,Average,Average,16306,Average,Average,20821,Average,Average
Hospital 2666,Winnemucca,Government,2,Same,None,Same,Below,Same,Same,Same,0,Unknown,Unknown,14369,Average,Average,14325,Average,Lower,0,Unknown,Unknown
Hospital 2667,Boulder City,Private,2,None,None,Same,None,None,Same,Same,0,Unknown,Unknown,0,Unknown,Unknown,19050,Worse,Average,0,Unknown,Unknown
Hospital 2668,Pahrump,Proprietary,2,Same,None,Same,Below,Same,Same,Below,25165,Average,Average,17041,Average,Average,14621,Average,Lower,0,Unknown,Unknown
Hospital 2669,Caliente,Government,-1,None,None,None,None,None,None,None,0,Unknown,Unknown,0,Unknown,Unknown,0,Unknown,Unknown,0,Unknown,Unknown
Hospital 2670,Fallon,Unknown,4,Same,None,Above,Above,Same,None,Same,0,Unknown,Unknown,15584,Average,Average,15954,Average,Lower,18508,Average,Lower
Hospital 2671,Yerington,Government,-1,None,None,None,None,Same,Same,None,0,Unknown,Unknown,0,Unknown,Unknown,0,Unknown,Unknown,0,Unknown,Unknown
Hospital 2672,Concord,Private,4,Same,Above,Below,Above,Same,Below,Above,24646,Average,Average,15625,Average,Lower,16183,Average,Lower,20081,Average,Lower
Hospital 2673,Lebanon,Private,3,Same,Above,Below,Above,Same,Below,Above,23350,Better,Average,18068,Average,Higher,19570,Average,Higher,20043,Average,Lower
Hospital 2674,Laconia,Private,3,Same,Above,Same,Below,Below,Same,Above,23907,Average,Average,16368,Average,Average,17592,Average,Average,21929,Average,Average
Hospital 2675,Nashua,Unknown,4,Above,Below,Above,Same,Same,Below,Same,23006,Average,Average,16094,Average,Average,18032,Average,Average,23357,Average,Higher
Hospital 2676,Manchester,Private,2,Same,Below,Below,Same,Same,Below,Same,23266,Average,Average,16692,Average,Average,18005,Average,Average,20783,Average,Lower
Hospital 2677,Rochester,Private,5,Same,Above,Above,Above,Same,Same,Same,21653,Average,Average,15195,Worse,Lower,15672,Average,Lower,21660,Average,Average
Hospital 2678,Derry,Proprietary,2,Same,Same,Below,Below,Above,Same,Same,22587,Average,Average,15707,Average,Average,18876,Average,Higher,20198,Average,Average
Hospital 2679,Dover,Private,5,Above,Above,Above,Above,Same,Below,Same,24669,Average,Average,16295,Average,Average,16615,Average,Average,22206,Average,Average
Hospital 2680,Keene,Private,3,Same,Above,Below,Same,Same,Below,Above,22303,Average,Average,15526,Average,Average,15486,Average,Lower,21686,Average,Average
Hospital 2681,Nashua,Private,3,Above,Same,Below,Same,Same,Same,Same,23489,Average,Average,16650,Average,Average,16394,Average,Lower,22555,Average,Average
Hospital 2682,Exeter,Private,5,Same,Above,Above,Above,Above,Same,Same,24229,Average,Average,14902,Average,Lower,17447,Average,Average,20527,Average,Lower
Hospital 2683,Portsmouth,Proprietary,3,Same,Above,Below,Below,Above,Above,Same,25215,Average,Average,17218,Better,Average,17969,Average,Average,19042,Average,Lower
Hospital 2684,Manchester,Private,3,Above,Below,Below,Same,Same,Below,Same,23738,Average,Average,15649,Better,Lower,15767,Average,Lower,20327,Average,Lower
Hospital 2685,Colebrook,Private,3,Same,None,Same,None,Same,Same,Same,0,Unknown,Unknown,15304,Average,Average,15481,Average,Average,0,Unknown,Unknown
Hospital 2686,Woodsville,Private,2,Same,None,Below,None,Same,Same,Same,0,Unknown,Unknown,0,Unknown,Unknown,15317,Average,Lower,0,Unknown,Unknown
Hospital 2687,Littleton,Private,4,Same,None,Above,Above,Same,Same,Same,0,Unknown,Unknown,15092,Average,Average,18601,Average,Average,21344,Average,Average
Hospital 2688,Lancaster,Private,4,Same,None,Above,Same,Same,Same,Same,24496,Average,Average,19047,Average,Higher,17643,Average,Average,21656,Average,Average
Hospital 2689,New London,Private,3,Same,None,Below,Above,Same,Above,Same,24761,Average,Average,16344,Average,Average,14706,Average,Lower,17200,Average,Lower
Hospital 2690,Lebanon,Private,4,Same,None,Same,Above,None,None,None,0,Unknown,Unknown,19024,Average,Average,22131,Average,Higher,19172,Average,Lower
Hospital 2691,Franklin,Private,3,Same,None,Same,None,Same,Same,Same,0,Unknown,Unknown,18182,Average,Average,18279,Average,Average,0,Unknown,Unknown
Hospital 2692,North Conway,Private,2,Same,None,Below,Below,None,Same,Same,23994,Average,Average,15437,Average,Average,15096,Average,Lower,23506,Average,Average
Hospital 2693,Claremont,Private,4,Same,None,Above,Same,Same,Below,None,0,Unknown,Unknown,19086,Average,Higher,17459,Average,Average,0,Unknown,Unknown
Hospital 2694,Peterborough,Private,4,Same,None,Above,Above,Same,Same,Same,0,Unknown,Unknown,17617,Average,Average,16198,Average,Average,17834,Average,Lower
Hospital 2695,Berlin,Private,4,Same,None,Above,Above,Same,Same,Same,23749,Average,Average,15998,Average,Average,15758,Average,Average,24867,Average,Higher
Hospital 2696,Plymouth,Private,4,Same,None,Above,Same,Same,Same,Same,0,Unknown,Unknown,17170,Average,Average,17387,Average,Average,19789,Average,Lower
Hospital 2697,Wolfeboro,Private,4,Same,None,Above,Above,Same,Below,Same,0,Unknown,Unknown,15968,Average,Average,17215,Average,Average,24086,Average,Average
Hospital 2698,Hackensack,Private,3,Above,Below,Below,Same,Below,Below,Above,25672,Average,Higher,20797,Better,Higher,19585,Better,Higher,23333,Average,Higher
Hospital 2699,Newark,Private,1,Same,Below,Below,Below,Same,Below,Below,25874,Average,Average,19492,Average,Higher,21299,Average,Higher,30525,Average,Higher
Hospital 2700,North Bergen,Private,2,Above,Below,Below,Below,Same,Below,Same,24901,Average,Average,17126,Average,Average,17675,Average,Average,0,Unknown,Unknown
Hospital 2701,Flemington,Private,2,Same,Below,Below,Same,Same,Below,Same,24025,Average,Average,19108,Average,Higher,18776,Better,Higher,19489,Average,Lower
Hospital 2702,Passaic,Proprietary,3,Same,Above,Above,Below,Same,Same,Same,25960,Average,Average,19110,Average,Higher,22973,Average,Higher,28487,Average,Higher
Hospital 2703,Teaneck,Private,3,Above,Below,Above,Same,Below,Below,Same,25510,Average,Average,17324,Average,Average,18512,Average,Higher,23776,Average,Higher
Hospital 2704,Belleville,Private,4,Above,Above,Above,Below,Same,Below,Same,26003,Average,Higher,19798,Average,Higher,20487,Average,Higher,21560,Average,Average
Hospital 2705,Plainsboro,Private,3,Same,Below,Below,Above,Same,Same,Above,26697,Average,Higher,17895,Average,Higher,17157,Better,Average,22231,Average,Average
Hospital 2706,Cape May Court House,Private,3,Same,Below,Above,Same,Same,Below,Same,24949,Average,Average,17909,Worse,Higher,18401,Average,Higher,24475,Average,Higher
Hospital 2707,Ridgewood,Private,4,Above,Above,Below,Same,Same,Same,Same,26216,Average,Higher,19236,Average,Higher,17453,Average,Average,24646,Average,Higher
Hospital 2708,Camden,Private,2,Same,Below,Below,Same,Above,Below,Same,24235,Average,Average,17459,Average,Average,20185,Average,Higher,24435,Average,Higher
Hospital 2709,Morristown,Private,5,Above,Above,Above,Same,Same,Below,Above,25644,Better,Higher,19709,Better,Higher,18926,Better,Higher,21516,Better,Lower
Hospital 2710,Jersey City,Church,1,Same,Below,Below,Below,Same,Below,Same,23522,Average,Average,18623,Average,Higher,19868,Average,Higher,0,Unknown,Unknown
Hospital 2711,Pompton Plains,Private,3,Above,Same,Below,Below,Same,Below,Same,25243,Average,Average,17807,Better,Higher,19464,Average,Higher,26697,Average,Higher
Hospital 2712,Paterson,Church,1,Above,Below,Below,Below,Same,Below,Below,25378,Average,Higher,18927,Average,Higher,20300,Average,Higher,26179,Average,Higher
Hospital 2713,Trenton,Church,1,Same,Below,Below,Below,Same,Same,Same,24163,Average,Average,20306,Average,Higher,18258,Average,Average,0,Unknown,Unknown
Hospital 2714,Voorhees,Private,4,Same,Above,Below,Same,Same,Below,Above,26470,Average,Higher,18608,Average,Higher,17636,Better,Average,18920,Average,Lower
Hospital 2715,Rahway,Private,2,Below,Above,Below,Below,Same,Below,Same,26596,Average,Higher,19755,Average,Higher,21812,Worse,Higher,19745,Average,Lower
Hospital 2716,Bayonne,Private,2,Same,Above,Below,Below,Same,Below,Same,24864,Average,Average,17497,Average,Average,18377,Average,Average,0,Unknown,Unknown
Hospital 2717,Elizabeth,Private,1,Same,Below,Below,Below,Below,Below,Same,24966,Average,Average,17913,Average,Higher,18180,Average,Average,28741,Average,Higher
Hospital 2718,Newton,Private,3,Same,Same,Same,Below,Same,Below,Above,26100,Average,Higher,18601,Average,Higher,19755,Average,Higher,25682,Average,Higher
Hospital 2719,Camden,Private,2,Same,Above,Below,Below,Same,Below,Same,23434,Worse,Average,17987,Average,Higher,17223,Average,Average,0,Unknown,Unknown
Hospital 2720,Browns Mills,Private,5,Above,Same,Above,Above,Same,None,Same,26220,Average,Higher,19744,Better,Higher,16476,Average,Average,0,Unknown,Unknown
Hospital 2721,Vineland,Private,2,Same,Above,Below,Same,Below,Below,Same,26815,Average,Higher,17502,Average,Higher,18140,Average,Average,23862,Average,Higher
Hospital 2722,Red Bank,Private,4,Same,Above,Above,Below,Same,Same,Same,25857,Average,Higher,18894,Average,Higher,18391,Average,Higher,21439,Average,Average
Hospital 2723,New Brunswick,Private,2,Same,Below,Below,Below,Same,Below,Above,27480,Average,Higher,20149,Average,Higher,19134,Average,Higher,23270,Average,Higher
Hospital 2724,Perth Amboy,Private,3,Above,Above,Below,Below,Same,Below,Same,27729,Average,Higher,19081,Average,Higher,19371,Better,Higher,24710,Average,Higher
Hospital 2725,Hoboken,Church,2,Same,Below,Below,Below,Same,Below,Same,24813,Average,Average,17836,Average,Average,18509,Average,Average,30736,Average,Higher
Hospital 2726,Toms River,Private,2,Below,Above,Below,Below,Same,Below,Above,26296,Average,Higher,19822,Average,Higher,19570,Worse,Higher,23257,Average,Higher
Hospital 2727,Pennington,Private,3,Same,Below,Above,Same,Above,Below,Same,27614,Average,Higher,18986,Average,Higher,19227,Average,Higher,22765,Average,Average
Hospital 2728,Englewood,Private,2,Same,Below,Below,Below,Same,Below,Above,26023,Average,Higher,18609,Average,Higher,18424,Average,Higher,27584,Average,Higher
Hospital 2729,Somers Point,Private,2,Same,Above,Below,Same,Same,Same,Same,25241,Average,Average,18405,Average,Higher,18261,Average,Average,18594,Average,Lower
Hospital 2730,Somerville,Private,3,Same,Above,Above,Below,Same,Below,Same,26227,Average,Higher,18493,Average,Higher,19784,Average,Higher,22872,Average,Average
Hospital 2731,Denville,Proprietary,5,Above,Above,Below,Below,Same,Same,Same,28158,Average,Higher,20074,Better,Higher,19067,Better,Higher,25163,Average,Higher
Hospital 2732,Summit,Unknown,3,Same,Above,Above,Below,Same,Below,Above,23820,Average,Average,18466,Average,Higher,18513,Average,Higher,23104,Average,Higher
Hospital 2733,Brick,Unknown,4,Same,Above,Above,Below,Same,Below,Same,27093,Average,Higher,19918,Average,Higher,19693,Average,Higher,23051,Average,Higher
Hospital 2734,Montclair,Private,2,Same,Above,Below,Below,Same,Below,Same,24761,Average,Average,19696,Average,Higher,19688,Average,Higher,23481,Average,Higher
Hospital 2735,Mount Holly,Private,2,Same,Below,Above,Below,Same,Below,Above,26291,Average,Higher,17761,Average,Higher,17286,Average,Average,23667,Average,Average
Hospital 2736,Paramus,Government,2,None,Same,Below,None,Same,Same,None,0,Unknown,Unknown,0,Unknown,Unknown,19810,Average,Higher,0,Unknown,Unknown
Hospital 2737,Phillipsburg,Unknown,5,Above,Above,Above,Same,Same,Same,Above,24278,Average,Average,17047,Better,Average,18180,Average,Average,23459,Average,Average
Hospital 2738,Willingboro,Private,2,Same,Below,Below,Below,Same,Below,Above,24770,Average,Average,17267,Average,Average,19302,Average,Higher,22655,Average,Average
Hospital 2739,Atlantic City,Unknown,5,Above,Above,Above,Same,Same,Below,Above,23675,Average,Average,18110,Better,Higher,18534,Average,Higher,18414,Better,Lower
Hospital 2740,Elmer,Private,4,Same,Above,Below,Above,Same,Same,Same,25898,Average,Average,18295,Average,Higher,16177,Average,Average,22937,Average,Average
Hospital 2741,New Brunswick,Church,2,Above,Below,Below,Above,Same,Below,Above,27722,Average,Higher,18255,Average,Higher,19076,Average,Higher,24573,Average,Higher
Hospital 2742,Neptune,Private,4,Same,Above,Above,Below,Same,Below,Same,24806,Average,Average,19330,Average,Higher,19760,Average,Higher,23002,Average,Higher
Hospital 2743,Jersey City,Private,1,Same,Same,Below,Below,Below,Below,Same,23516,Average,Average,18065,Average,Higher,18407,Average,Average,25912,Average,Higher
Hospital 2744,Long Branch,Private,4,Same,Above,Above,Above,Above,Below,Same,25400,Average,Average,21166,Average,Higher,20217,Average,Higher,22426,Average,Average
Hospital 2745,Livingston,Unknown,4,Above,Below,Above,Same,Same,Below,Same,25042,Average,Average,18240,Better,Higher,18856,Better,Higher,25912,Average,Higher
Hospital 2746,Woodbury,Private,2,Same,Below,Below,Below,Same,Below,Above,24089,Average,Average,16281,Average,Average,17670,Average,Average,23548,Average,Higher
Hospital 2747,East Orange,Private,1,Above,Above,Below,Below,Below,Below,Same,25034,Average,Average,18326,Average,Higher,20925,Better,Higher,0,Unknown,Unknown
Hospital 2748,Lakewood,Private,3,Same,None,Below,Same,Same,Below,Same,26387,Average,Average,18381,Average,Higher,19676,Average,Higher,0,Unknown,Unknown
Hospital 2749,Stratford,Private,2,Above,Below,Below,Same,Above,Below,Above,24987,Average,Average,17878,Average,Higher,19110,Average,Higher,20110,Average,Lower
Hospital 2750,Salem,Private,2,Same,Same,Below,Below,Same,Below,Same,25135,Average,Average,17025,Average,Average,18358,Average,Average,0,Unknown,Unknown
Hospital 2751,Trenton,Private,2,Same,Same,Below,Below,Same,Below,Same,24311,Average,Average,17693,Average,Average,20786,Average,Higher,0,Unknown,Unknown
Hospital 2752,Newark,Private,5,Above,Above,Above,Below,Same,Below,None,26124,Better,Average,18362,Better,Higher,18742,Better,Average,0,Unknown,Unknown
Hospital 2753,Edison,Private,2,Same,Same,Below,Below,Same,Below,Above,27764,Average,Higher,19620,Average,Higher,20025,Average,Higher,26080,Average,Higher
Hospital 2754,Hamilton,Private,3,Same,Above,Same,Same,Same,Below,Above,29530,Average,Higher,19624,Average,Higher,19693,Average,Higher,22829,Average,Higher
Hospital 2755,Freehold,Private,3,Same,Same,Same,Below,Same,Below,Above,27223,Average,Higher,19002,Average,Higher,17861,Average,Average,24071,Average,Higher
Hospital 2756,Holmdel,Private,2,Same,Above,Below,Below,Same,Below,Same,28622,Average,Higher,18182,Average,Higher,19136,Average,Higher,27195,Average,Higher
Hospital 2757,Manahawkin,Private,4,Same,Below,Above,Below,Same,Below,Same,26165,Average,Higher,18637,Average,Higher,18080,Average,Average,22735,Average,Average
Hospital 2758,Hackettstown,Church,2,Same,Below,Above,Below,Same,Same,Same,27253,Average,Higher,19019,Average,Higher,21147,Average,Higher,27838,Average,Higher
Hospital 2759,Secaucus,Proprietary,2,Same,None,Below,Below,Same,Same,None,23697,Average,Average,17287,Average,Average,18281,Average,Average,0,Unknown,Unknown
Hospital 2760,Newark,Government,1,Same,Below,Below,Below,Below,Below,Below,24444,Average,Average,18388,Average,Average,20006,Average,Higher,0,Unknown,Unknown
Hospital 2761,Westwood,Proprietary,2,Same,Below,Below,Same,Below,Same,Same,25067,Average,Average,18251,Average,Average,18252,Better,Average,23708,Average,Higher
Hospital 2762,New Brunswick,Private,-1,None,None,None,None,None,None,None,0,Unknown,Unknown,0,Unknown,Unknown,0,Unknown,Unknown,0,Unknown,Unknown
Hospital 2763,Marlton,Proprietary,-1,None,None,None,None,None,None,None,0,Unknown,Unknown,0,Unknown,Unknown,0,Unknown,Unknown,0,Unknown,Unknown
Hospital 2764,Albuquerque,Unknown,1,Same,Below,Above,Below,Below,Below,Same,22378,Average,Average,16605,Average,Average,16563,Average,Average,0,Unknown,Unknown
Hospital 2765,Santa Fe,Private,4,Same,Above,Above,Below,Same,Below,Same,19991,Average,Lower,14803,Average,Lower,15804,Average,Lower,21129,Worse,Lower
Hospital 2766,Las Vegas,Government,2,Same,None,Same,Below,Same,Below,Same,0,Unknown,Unknown,14462,Average,Lower,14042,Average,Lower,0,Unknown,Unknown
Hospital 2767,Alamogordo,Private,3,Same,Above,Above,Below,Same,Below,Same,23187,Average,Average,16132,Average,Average,19435,Average,Higher,19892,Average,Lower
Hospital 2768,Farmington,Private,3,Same,Below,Above,Below,Same,Same,Above,25094,Average,Average,16498,Average,Average,15779,Average,Lower,17664,Average,Lower
Hospital 2769,Roswell,Proprietary,2,Same,Same,Below,Below,Same,Below,Below,23530,Average,Average,15871,Average,Average,17026,Average,Average,20378,Average,Average
Hospital 2770,Albuquerque,Private,4,Same,Above,Above,Below,Same,Below,Same,24270,Average,Average,16384,Average,Average,18250,Average,Average,21625,Average,Average
Hospital 2771,Espanola,Private,4,Same,Above,Above,Same,Same,Same,Same,0,Unknown,Unknown,15181,Average,Average,15532,Average,Lower,19639,Average,Lower
Hospital 2772,Silver City,Government,3,Same,Above,Above,Same,Same,Same,Same,0,Unknown,Unknown,14313,Average,Lower,16321,Average,Average,22377,Average,Average
Hospital 2773,Albuquerque,Government,2,Same,Below,Same,Below,Same,Same,Same,0,Unknown,Unknown,15328,Average,Average,16327,Average,Average,21923,Average,Average
Hospital 2774,Las Cruces,Proprietary,2,Same,Same,Below,Below,Same,Below,Below,22011,Average,Average,16535,Average,Average,18633,Average,Average,23890,Average,Higher
Hospital 2775,Albuquerque,Private,2,Same,Below,Above,Same,Below,Below,Below,20214,Average,Lower,16804,Average,Average,16762,Average,Average,20048,Average,Lower
Hospital 2776,Clovis,Government,3,Same,Below,Above,Same,Below,Same,Same,0,Unknown,Unknown,15986,Average,Average,15334,Average,Lower,18810,Average,Lower
Hospital 2777,Artesia,Unknown,3,None,None,Same,None,Same,Same,Same,0,Unknown,Unknown,0,Unknown,Unknown,15878,Average,Average,19289,Average,Lower
Hospital 2778,Los Alamos,Proprietary,3,Same,None,Same,Same,Same,Above,None,0,Unknown,Unknown,15374,Average,Average,16792,Average,Average,0,Unknown,Unknown
Hospital 2779,Gallup,Private,2,Same,None,Same,Below,Same,Below,Same,0,Unknown,Unknown,13296,Average,Lower,15081,Average,Lower,0,Unknown,Unknown
Hospital 2780,Santa Fe,Government,-1,None,None,None,None,None,None,None,0,Unknown,Unknown,0,Unknown,Unknown,0,Unknown,Unknown,0,Unknown,Unknown
Hospital 2781,Mescalero,Government,-1,None,None,None,None,None,None,None,0,Unknown,Unknown,0,Unknown,Unknown,0,Unknown,Unknown,0,Unknown,Unknown
Hospital 2782,Shiprock,Government,3,None,None,Above,Below,Same,None,None,0,Unknown,Unknown,15588,Average,Average,12805,Average,Lower,0,Unknown,Unknown
Hospital 2783,Zuni,Government,-1,None,None,None,None,Below,None,None,0,Unknown,Unknown,0,Unknown,Unknown,14541,Average,Lower,0,Unknown,Unknown
Hospital 2784,Gallup,Government,1,Same,Below,Below,Same,Same,None,None,0,Unknown,Unknown,15414,Average,Average,11515,Average,Lower,0,Unknown,Unknown
Hospital 2785,Crownpoint,Government,-1,None,None,None,None,None,None,None,0,Unknown,Unknown,0,Unknown,Unknown,11439,Average,Lower,0,Unknown,Unknown
Hospital 2786,Carlsbad,Proprietary,2,Same,None,Same,Below,Same,Same,Same,25067,Average,Average,15212,Average,Average,17137,Average,Average,0,Unknown,Unknown
Hospital 2787,Hobbs,Proprietary,2,Same,Above,Same,Below,Same,Same,Same,23294,Average,Average,14393,Average,Lower,17354,Average,Average,0,Unknown,Unknown
Hospital 2788,Santa Rosa,Government,-1,None,None,None,None,Same,Above,None,0,Unknown,Unknown,0,Unknown,Unknown,0,Unknown,Unknown,0,Unknown,Unknown
Hospital 2789,San Fidel,Government,-1,None,None,None,None,None,None,None,0,Unknown,Unknown,0,Unknown,Unknown,0,Unknown,Unknown,0,Unknown,Unknown
Hospital 2790,Albuquerque,Proprietary,4,Same,Same,Above,Same,Same,Same,None,0,Unknown,Unknown,15271,Average,Average,16707,Average,Average,19462,Average,Lower
Hospital 2791,Portales,Government,3,Same,None,Same,None,Below,Same,Below,0,Unknown,Unknown,15634,Average,Average,15800,Average,Average,0,Unknown,Unknown
Hospital 2792,Las Cruces,Proprietary,1,Same,Below,Below,Below,Same,Below,Above,26119,Average,Higher,17694,Average,Average,18497,Average,Higher,20448,Average,Lower
Hospital 2793,Roswell,Proprietary,3,Same,Above,Below,Same,Same,Same,Below,22471,Average,Average,16163,Average,Average,15979,Average,Average,22218,Average,Average
Hospital 2794,Rio Rancho,Private,3,Same,Above,Above,Same,Below,Below,Same,0,Unknown,Unknown,15855,Average,Average,17173,Average,Average,21139,Average,Average
Hospital 2795,T Or C,Proprietary,-1,None,None,Same,None,None,None,None,0,Unknown,Unknown,0,Unknown,Unknown,13396,Average,Lower,0,Unknown,Unknown
Hospital 2796,Socorro,Proprietary,-1,None,None,None,None,None,None,None,0,Unknown,Unknown,0,Unknown,Unknown,15439,Average,Average,0,Unknown,Unknown
Hospital 2797,Tucumcari,Private,-1,None,None,None,None,None,None,None,0,Unknown,Unknown,0,Unknown,Unknown,17906,Average,Average,0,Unknown,Unknown
Hospital 2798,Clayton,Unknown,-1,None,None,None,None,None,None,None,0,Unknown,Unknown,0,Unknown,Unknown,20638,Average,Average,0,Unknown,Unknown
Hospital 2799,Lovington,Government,4,Same,None,Above,Above,None,Below,Same,0,Unknown,Unknown,16242,Average,Average,18128,Average,Average,0,Unknown,Unknown
Hospital 2800,Ruidoso,Private,4,Same,None,Above,Same,None,None,None,0,Unknown,Unknown,15444,Average,Average,15685,Average,Lower,0,Unknown,Unknown
Hospital 2801,Raton,Government,3,Same,None,Above,None,Same,Same,None,0,Unknown,Unknown,16503,Average,Average,21216,Average,Higher,0,Unknown,Unknown
Hospital 2802,Grants,Government,-1,None,None,Same,None,None,Above,None,0,Unknown,Unknown,0,Unknown,Unknown,12513,Average,Lower,0,Unknown,Unknown
Hospital 2803,Deming,Proprietary,3,Same,None,Same,Below,Same,Same,None,0,Unknown,Unknown,15507,Average,Average,14861,Average,Lower,24528,Average,Average
Hospital 2804,Taos,Private,3,Same,None,Same,Below,Same,Below,Same,0,Unknown,Unknown,15217,Average,Average,15802,Average,Lower,18866,Average,Lower
Hospital 2805,Albany,Private,4,Same,None,Above,Below,Same,Below,None,23141,Average,Average,14876,Average,Lower,15495,Average,Lower,0,Unknown,Unknown
Hospital 2806,Kingston,Private,1,Same,Below,Below,Below,Same,Below,Above,23186,Average,Average,16672,Average,Average,16584,Average,Lower,0,Unknown,Unknown
Hospital 2807,Buffalo,Private,1,Below,Below,Below,Below,Same,Below,Same,21582,Average,Lower,15892,Average,Average,17001,Worse,Average,21090,Average,Lower
Hospital 2808,Yonkers,Private,1,Same,Below,Below,Below,Same,Below,None,24343,Average,Average,16329,Average,Average,17418,Average,Average,27928,Average,Higher
Hospital 2809,Warsaw,Government,3,Same,None,Below,Above,Same,Same,Same,0,Unknown,Unknown,15444,Average,Average,15437,Average,Lower,0,Unknown,Unknown
Hospital 2810,Bronx,Proprietary,2,Same,Above,Below,Below,Same,Below,Same,23110,Average,Average,13449,Average,Lower,15490,Average,Lower,0,Unknown,Unknown
Hospital 2811,Binghamton,Private,3,Same,Above,Above,Below,Same,Same,Below,20305,Average,Lower,15391,Average,Lower,15992,Average,Lower,20493,Average,Lower
Hospital 2812,Albany,Private,1,Same,Same,Below,Below,Below,Below,Same,24747,Average,Average,18792,Average,Higher,17498,Average,Average,20472,Average,Lower
Hospital 2813,Jamaica,Private,1,Below,Same,Below,Below,Below,Below,Same,23775,Average,Average,14929,Average,Lower,17746,Worse,Average,0,Unknown,Unknown
Hospital 2814,Brooklyn,Private,3,Above,Above,Below,Below,Same,Below,None,24628,Average,Average,16648,Better,Average,20035,Average,Higher,0,Unknown,Unknown
Hospital 2815,Poughkeepsie,Private,1,Same,Below,Below,Below,Same,Below,Below,23453,Average,Average,16495,Average,Average,17754,Average,Average,20785,Average,Lower
Hospital 2816,New York,Private,3,Above,Above,Below,Below,Same,Below,Same,24493,Average,Average,17727,Better,Higher,18166,Average,Higher,25080,Worse,Higher
Hospital 2817,East Meadow,Government,1,Below,Below,Below,Below,Same,Below,None,25050,Average,Average,17492,Average,Average,17849,Worse,Average,0,Unknown,Unknown
Hospital 2818,Staten Island,Private,1,Same,Below,Below,Below,Below,Below,None,21686,Average,Average,17918,Average,Average,20733,Average,Higher,25713,Average,Higher
Hospital 2819,Newark,Private,2,Same,Below,Below,Same,Same,Same,Same,23175,Average,Average,17391,Average,Average,16243,Average,Average,21267,Average,Average
Hospital 2820,Norwich,Private,3,Same,Same,Above,Same,Same,Same,Same,22363,Average,Average,13964,Average,Lower,14025,Average,Lower,20759,Average,Average
Hospital 2821,Bay Shore,Private,2,Same,Same,Below,Below,Same,Below,Above,25972,Average,Average,19127,Average,Higher,17586,Worse,Average,23319,Average,Higher
Hospital 2822,Utica,Private,2,Below,Same,Same,Below,Same,Below,None,24612,Worse,Average,15789,Average,Average,16629,Worse,Lower,25581,Average,Higher
Hospital 2823,Huntington,Private,3,Above,Below,Below,Same,Same,Below,Above,25456,Average,Average,18298,Better,Higher,18487,Average,Higher,22701,Average,Higher
Hospital 2824,New York,Private,3,Above,Above,Below,Below,Same,Below,Same,25968,Average,Higher,17527,Better,Average,16509,Better,Lower,24394,Average,Higher
Hospital 2825,Amsterdam,Private,2,Below,Above,Below,Below,Same,Same,None,22175,Average,Average,15614,Worse,Average,16375,Average,Lower,20419,Average,Average
Hospital 2826,Rhinebeck,Private,4,Same,Above,Above,Above,Same,Above,Same,23722,Average,Average,16570,Average,Average,16936,Average,Average,19137,Average,Lower
Hospital 2827,Flushing,Private,2,Above,Below,Below,Below,Same,Below,Same,21636,Average,Lower,17543,Average,Higher,19508,Average,Higher,27345,Average,Higher
Hospital 2828,Brooklyn,Private,1,Same,Below,Below,Below,Same,Below,Same,23727,Average,Average,18058,Average,Average,17352,Average,Average,26603,Average,Higher
Hospital 2829,Albany,Private,2,Above,Below,Below,Same,Same,Below,Same,23471,Average,Average,16511,Average,Average,17310,Better,Average,19281,Average,Lower
Hospital 2830,Geneva,Private,1,Below,Below,Below,Below,Same,Below,Same,0,Unknown,Unknown,17599,Worse,Average,17596,Average,Average,20069,Average,Lower
Hospital 2831,Bronx,Private,1,Above,Below,Below,Below,Same,Below,Same,23031,Average,Average,16293,Better,Average,16961,Better,Average,24508,Average,Higher
Hospital 2832,Niagara Falls,Unknown,1,Same,Same,Below,Below,Same,Same,Same,24015,Average,Average,13184,Average,Lower,16115,Average,Average,0,Unknown,Unknown
Hospital 2833,Batavia,Private,2,Same,Above,Same,Below,Same,Above,Below,24088,Average,Average,15468,Average,Average,16389,Worse,Average,22192,Average,Average
Hospital 2834,Canandaigua,Private,2,Same,Same,Below,Below,Same,Below,Same,23559,Average,Average,13837,Average,Lower,16175,Average,Lower,18526,Average,Lower
Hospital 2835,Buffalo,Private,2,Same,Above,Below,Same,Same,Below,Same,24570,Average,Average,15863,Average,Average,18052,Average,Average,22042,Average,Average
Hospital 2836,Saranac Lake,Unknown,4,Same,Above,Same,Above,Same,Same,Same,21643,Average,Average,14657,Average,Lower,15900,Average,Average,20171,Average,Lower
Hospital 2837,Bronx,Government,1,Same,Below,Below,Below,Below,Below,None,23098,Average,Average,15922,Average,Average,20947,Average,Higher,0,Unknown,Unknown
Hospital 2838,Malone,Unknown,1,Same,Below,Same,Below,Same,Above,Same,22623,Average,Average,13374,Average,Lower,16355,Average,Average,19523,Average,Lower
Hospital 2839,Oneonta,Private,3,Same,Same,Above,Same,Same,Below,Same,20934,Average,Lower,13054,Average,Lower,14069,Average,Lower,22563,Average,Average
Hospital 2840,Mount Vernon,Private,1,Same,None,Below,Below,Same,Below,None,0,Unknown,Unknown,17463,Average,Average,19189,Average,Average,0,Unknown,Unknown
Hospital 2841,Greenport,Private,3,Same,None,Above,Same,Same,Same,Below,0,Unknown,Unknown,16362,Average,Average,17370,Average,Average,0,Unknown,Unknown
Hospital 2842,Elmira,Private,2,Same,Below,Below,Below,Same,Below,Same,23224,Average,Average,15735,Average,Average,16975,Average,Average,20072,Average,Lower
Hospital 2843,Hudson,Private,2,Same,Below,Below,Below,Same,Below,Same,22771,Average,Average,15808,Average,Average,16298,Average,Lower,20994,Average,Average
Hospital 2844,Wellsville,Private,2,Below,None,Same,Below,Same,Same,Same,0,Unknown,Unknown,15297,Average,Average,15610,Average,Lower,0,Unknown,Unknown
Hospital 2845,New York,Private,-1,None,None,None,None,None,None,None,0,Unknown,Unknown,0,Unknown,Unknown,0,Unknown,Unknown,0,Unknown,Unknown
Hospital 2846,New York,Private,3,Above,Below,Below,Same,Same,Below,Below,24751,Better,Average,18175,Better,Higher,16921,Better,Lower,23499,Average,Higher
Hospital 2847,Kenmore,Church,4,Same,Above,Above,Same,Same,Below,Same,23342,Average,Average,16022,Average,Average,17668,Average,Average,21438,Average,Average
Hospital 2848,Olean,Proprietary,3,Same,Above,Above,Below,Same,Below,Below,25355,Average,Average,16750,Average,Average,17282,Average,Average,22874,Average,Average
Hospital 2849,Nyack,Unknown,2,Above,Above,Below,Below,Same,Below,Above,26887,Average,Higher,20653,Average,Higher,19826,Average,Higher,22626,Average,Average
Hospital 2850,Manhasset,Private,2,Above,Below,Below,Same,Same,Below,Below,25198,Average,Higher,18385,Better,Higher,17702,Better,Average,23597,Average,Higher
Hospital 2851,Riverhead,Private,1,Same,Above,Below,Below,Same,Below,Same,25338,Average,Average,19882,Average,Higher,16846,Average,Average,22010,Average,Average
Hospital 2852,Elmira,Private,3,None,None,Above,None,Same,Below,None,0,Unknown,Unknown,0,Unknown,Unknown,15351,Average,Lower,0,Unknown,Unknown
Hospital 2853,Springville,Private,2,Same,None,Below,Below,Same,Above,None,0,Unknown,Unknown,15623,Average,Average,16991,Average,Average,0,Unknown,Unknown
Hospital 2854,Oneida,Unknown,3,Below,Same,Above,Above,Same,Same,Same,0,Unknown,Unknown,14248,Worse,Lower,14302,Average,Lower,22459,Average,Average
Hospital 2855,New York,Private,3,Above,Below,Above,Below,Same,Same,Same,26758,Average,Higher,18769,Better,Higher,18473,Better,Higher,21502,Average,Average
Hospital 2856,Rochester,Private,2,Above,Below,Below,Below,Same,Below,Same,24514,Average,Average,16092,Average,Average,17005,Better,Average,21515,Average,Average
Hospital 2857,Middletown,Private,3,Above,Above,Below,Same,Same,Below,Above,26417,Better,Higher,19639,Average,Higher,19019,Average,Higher,24820,Average,Higher
Hospital 2858,Bronx,Government,1,Same,Below,Below,Below,Below,Below,Same,25175,Average,Average,15288,Average,Average,17094,Average,Average,0,Unknown,Unknown
Hospital 2859,Elmhurst,Government,1,Same,Below,Below,Below,Same,Below,None,22796,Average,Average,15946,Average,Average,16227,Average,Average,0,Unknown,Unknown
Hospital 2860,Irving,Private,2,Same,None,Same,None,Same,Same,Same,0,Unknown,Unknown,16844,Average,Average,14170,Average,Lower,0,Unknown,Unknown
Hospital 2861,Port Jervis,Church,4,Same,Above,Above,Same,Same,Above,Same,24134,Average,Average,15641,Average,Average,18404,Average,Average,22167,Average,Average
Hospital 2862,Cooperstown,Private,1,Same,Below,Below,Below,Same,Same,Same,23597,Average,Average,15542,Average,Average,16521,Average,Average,21123,Average,Average
Hospital 2863,Syracuse,Private,2,Above,Below,Below,Same,Same,Below,Above,22759,Better,Average,15815,Average,Lower,16006,Average,Lower,19857,Average,Lower
Hospital 2864,Patchogue,Private,1,Above,Below,Below,Below,Same,Below,Same,25742,Average,Higher,17857,Average,Higher,19363,Average,Higher,26015,Average,Higher
Hospital 2865,Bath,Unknown,3,Same,None,Same,None,Same,Same,Same,0,Unknown,Unknown,0,Unknown,Unknown,15059,Average,Lower,0,Unknown,Unknown
Hospital 2866,Hornell,Church,3,Same,None,Above,Below,Same,Same,None,0,Unknown,Unknown,0,Unknown,Unknown,14602,Average,Lower,0,Unknown,Unknown
Hospital 2867,Schenectady,Proprietary,2,Same,Below,Above,Below,Same,Below,Above,20315,Average,Lower,16062,Average,Average,17350,Average,Average,20296,Average,Lower
Hospital 2868,Watertown,Private,3,Same,Above,Above,Below,Same,Below,Below,21645,Average,Average,14482,Average,Lower,15379,Average,Lower,20531,Average,Lower
Hospital 2869,Suffern,Church,1,Same,Below,Below,Below,Same,Below,Same,26518,Average,Higher,20394,Average,Higher,20310,Average,Higher,20891,Average,Lower
Hospital 2870,Staten Island,Private,1,Same,Below,Below,Below,Same,Below,Above,23739,Average,Average,17021,Average,Average,17452,Average,Average,30122,Average,Higher
Hospital 2871,Mount Kisco,Private,3,Above,Below,Below,Above,Same,Same,Same,24462,Average,Average,17339,Average,Average,16832,Average,Average,22444,Average,Average
Hospital 2872,Lockport,Private,1,Below,Below,Below,Below,Same,Same,Same,23618,Average,Average,14992,Worse,Lower,15112,Average,Lower,0,Unknown,Unknown
Hospital 2873,Rochester,Private,3,Same,Below,Same,Same,Same,Below,Same,22581,Average,Average,14560,Average,Lower,14648,Average,Lower,21093,Average,Lower
Hospital 2874,Westfield,Private,-1,None,None,None,None,Below,Same,None,0,Unknown,Unknown,0,Unknown,Unknown,0,Unknown,Unknown,0,Unknown,Unknown
Hospital 2875,Mineola,Private,3,Above,Below,Below,Below,Same,Below,Above,22644,Average,Average,18526,Better,Higher,16671,Better,Lower,22845,Average,Higher
Hospital 2876,New York,Private,2,Above,Below,Below,Below,Same,Below,Same,23532,Better,Average,17259,Better,Average,17678,Better,Average,27312,Average,Higher
Hospital 2877,Cortland,Private,3,Above,Below,Below,Below,Same,Below,Same,23301,Average,Average,15263,Better,Average,15508,Better,Lower,20330,Average,Average
Hospital 2878,Troy,Private,1,Same,Below,Above,Below,Same,Below,Same,23394,Average,Average,16928,Average,Average,17288,Average,Average,22130,Average,Average
Hospital 2879,Glen Cove,Private,2,Same,Above,Below,Below,Same,Below,Same,23315,Average,Average,18859,Average,Higher,19038,Average,Higher,0,Unknown,Unknown
Hospital 2880,Roslyn,Church,4,Above,Below,Same,Above,Same,Below,Above,27144,Average,Higher,19227,Better,Higher,16576,Better,Lower,24369,Average,Higher
Hospital 2881,New Rochelle,Private,2,Same,Same,Below,Below,Same,Below,Same,25876,Average,Average,17651,Average,Average,19762,Average,Higher,22620,Average,Average
Hospital 2882,Port Jefferson,Private,3,Above,Same,Below,Above,Same,Below,Above,25447,Average,Average,17411,Better,Average,16146,Better,Lower,21913,Average,Average
Hospital 2883,Lewiston,Church,3,Same,Same,Below,Same,Same,Same,Same,22500,Average,Average,15742,Average,Average,16436,Average,Average,22390,Average,Average
Hospital 2884,Glens Falls,Private,3,Below,Above,Above,Same,Same,Below,Above,21365,Average,Lower,15385,Worse,Lower,15864,Worse,Lower,22378,Average,Average
Hospital 2885,Flushing,Private,1,Same,Below,Below,Below,Same,Below,None,25556,Average,Average,18531,Average,Higher,19706,Worse,Higher,29863,Average,Higher
Hospital 2886,Brooklyn,Private,1,Above,Below,Below,Below,Same,Below,Above,23004,Better,Average,18102,Better,Higher,19535,Better,Higher,29983,Average,Higher
Hospital 2887,New Hyde Park,Private,2,Above,Below,Below,Below,Below,Below,Above,22430,Average,Average,17611,Better,Higher,17884,Average,Average,23095,Average,Higher
Hospital 2888,Brooklyn,Government,1,Same,Below,Below,Below,Below,Below,None,24605,Average,Average,16628,Better,Average,18095,Average,Average,0,Unknown,Unknown
Hospital 2889,Potsdam,Private,3,Above,Above,Below,Same,Below,Below,Same,21729,Average,Average,14131,Average,Lower,14032,Average,Lower,19218,Average,Lower
Hospital 2890,Oceanside,Private,2,Same,Above,Below,Below,Same,Below,Above,23938,Average,Average,18182,Average,Higher,18177,Average,Higher,22063,Average,Average
Hospital 2891,New York,Government,2,Same,Below,Below,Below,Same,Below,None,22024,Average,Average,0,Unknown,Unknown,16714,Average,Average,0,Unknown,Unknown
Hospital 2892,Brooklyn,Private,1,Above,Below,Below,Below,Same,Below,None,25553,Average,Average,19508,Average,Higher,19321,Average,Higher,0,Unknown,Unknown
Hospital 2893,Brooklyn,Government,1,Same,Below,Below,Below,Below,Below,None,19585,Average,Lower,13717,Average,Lower,16088,Average,Average,0,Unknown,Unknown
Hospital 2894,Syracuse,Private,2,Same,Same,Below,Below,Same,Below,Same,20361,Average,Lower,15246,Average,Lower,16506,Average,Lower,20839,Average,Lower
Hospital 2895,New York,Government,1,Same,Below,Below,Below,Same,Below,None,21469,Average,Average,13813,Average,Lower,13832,Average,Lower,0,Unknown,Unknown
Hospital 2896,Warwick,Church,2,Same,Below,Below,Above,Same,Above,None,25360,Average,Average,18608,Average,Higher,19451,Average,Higher,23089,Average,Average
Hospital 2897,Yonkers,Private,2,Above,Same,Below,Same,Same,Below,Below,24577,Average,Average,17655,Average,Higher,18956,Average,Higher,23224,Average,Average
Hospital 2898,Ogdensburg,Private,3,Same,Above,Below,Same,Same,Same,Same,22872,Average,Average,15551,Average,Average,14543,Average,Lower,20560,Average,Average
Hospital 2899,New York,Private,4,Above,Below,Below,Below,Above,Below,Above,24995,Average,Average,18700,Better,Higher,18862,Better,Higher,21361,Average,Lower
Hospital 2900,Rome,Private,3,Same,None,Same,Below,Same,Same,Same,24753,Average,Average,15051,Average,Lower,17378,Average,Average,0,Unknown,Unknown
Hospital 2901,Oswego,Private,3,Same,Same,Above,Same,Same,Below,Same,23391,Average,Average,16623,Average,Average,18689,Average,Higher,0,Unknown,Unknown
Hospital 2902,Buffalo,Private,2,Same,Above,Same,Below,Below,Below,Same,0,Unknown,Unknown,14474,Average,Lower,17209,Average,Average,21845,Average,Average
Hospital 2903,Brooklyn,Private,1,Same,Below,Below,Below,Same,Below,None,24593,Average,Average,16592,Average,Average,19056,Average,Higher,0,Unknown,Unknown
Hospital 2904,Saratoga Springs,Private,4,Same,Above,Above,Above,Above,Below,Above,22895,Average,Average,15546,Average,Average,16180,Average,Lower,19437,Average,Lower
Hospital 2905,Massena,Government,2,Same,None,Below,Below,Same,Same,Same,21799,Average,Average,14765,Average,Lower,16013,Average,Lower,0,Unknown,Unknown
Hospital 2906,Kingston,Church,-1,None,Above,None,Same,None,None,None,0,Unknown,Unknown,0,Unknown,Unknown,0,Unknown,Unknown,18627,Average,Lower
Hospital 2907,Rochester,Private,2,Same,Same,Below,Same,Same,Below,Above,22359,Average,Average,16278,Average,Average,16292,Average,Lower,20571,Average,Lower
Hospital 2908,Dunkirk,Private,2,Same,Same,Same,Below,Same,Same,None,0,Unknown,Unknown,16619,Average,Average,16022,Average,Average,22970,Average,Average
Hospital 2909,Jamaica,Government,1,Same,Same,Below,Below,Same,Below,Same,22812,Average,Average,15228,Average,Average,16217,Average,Average,0,Unknown,Unknown
Hospital 2910,Troy,Private,3,Same,None,Same,None,Same,Same,None,22060,Average,Average,15889,Average,Average,16642,Average,Average,0,Unknown,Unknown
Hospital 2911,Brooklyn,Private,1,Same,Below,Below,Below,Below,Below,Same,23588,Average,Average,16445,Average,Average,17851,Average,Average,0,Unknown,Unknown
Hospital 2912,Valhalla,Government,1,Same,Below,Below,Below,Same,Below,Below,26233,Average,Higher,21894,Average,Higher,19615,Average,Higher,23985,Average,Higher
Hospital 2913,Auburn,Private,1,Same,Above,Below,Below,Same,Below,Below,22024,Average,Average,15409,Average,Lower,15540,Average,Lower,23472,Average,Average
Hospital 2914,Brooklyn,Private,3,Above,Above,Below,Below,Same,Below,Same,22548,Average,Average,17488,Better,Higher,18302,Better,Higher,28939,Average,Higher
Hospital 2915,Dansville,Private,2,Same,Below,Below,Same,Same,Same,Below,0,Unknown,Unknown,15432,Average,Average,13119,Average,Lower,20110,Average,Average
Hospital 2916,Jamestown,Private,2,Same,Above,Above,Below,Below,Below,Below,21425,Average,Average,16198,Average,Average,16993,Average,Average,25164,Average,Higher
Hospital 2917,New York,Government,1,Same,Same,Below,Below,Same,Below,None,0,Unknown,Unknown,15820,Average,Average,18762,Average,Average,0,Unknown,Unknown
Hospital 2918,Syracuse,Government,2,Same,Below,Same,Below,Same,Below,Below,22839,Average,Average,16407,Average,Average,17081,Average,Average,21968,Average,Average
Hospital 2919,Utica,Private,1,Same,Below,Above,Below,Below,Below,Same,23744,Average,Average,15224,Average,Lower,14881,Average,Lower,18793,Better,Lower
Hospital 2920,Port Jefferson,Private,3,Same,Below,Below,Above,Same,Below,Same,22223,Average,Average,18518,Average,Average,17180,Average,Average,22684,Average,Higher
Hospital 2921,Plattsburgh,Private,3,Above,Same,Below,Same,Same,Below,Above,20370,Average,Lower,14956,Average,Lower,14805,Average,Lower,21082,Average,Average
Hospital 2922,Rockville Centre,Private,1,Same,Below,Below,Below,Same,Below,Above,26407,Average,Higher,18842,Average,Higher,18901,Average,Higher,27685,Average,Higher
Hospital 2923,Sleepy Hollow,Unknown,4,Same,Above,Same,Same,Same,Below,Same,24352,Average,Average,17942,Average,Average,17717,Average,Average,21421,Average,Average
Hospital 2924,Newburgh,Unknown,2,Same,Same,Below,Below,Above,Below,Same,23787,Average,Average,17564,Average,Average,18782,Average,Higher,21732,Worse,Average
Hospital 2925,Clifton Springs,Private,2,Same,None,Same,Same,Same,Same,None,0,Unknown,Unknown,13930,Average,Lower,14770,Average,Lower,0,Unknown,Unknown
Hospital 2926,Cortlandt Manor,Private,3,Same,Above,Below,Above,Same,Below,Same,25173,Average,Average,18108,Average,Higher,18436,Average,Higher,22976,Average,Higher
Hospital 2927,Cobleskill,Private,4,Same,None,Same,None,Same,Above,Same,0,Unknown,Unknown,16130,Average,Average,14182,Average,Lower,0,Unknown,Unknown
Hospital 2928,New York,Private,5,None,Above,None,Above,Same,None,None,0,Unknown,Unknown,0,Unknown,Unknown,0,Unknown,Unknown,22090,Better,Average
Hospital 2929,Carmel,Private,2,Same,Below,Below,Above,Same,Above,Same,25019,Average,Average,18820,Average,Higher,17051,Average,Average,22761,Average,Higher
Hospital 2930,Gloversville,Private,4,Same,Same,Above,Below,Same,Same,None,0,Unknown,Unknown,15838,Average,Average,15182,Average,Lower,24965,Average,Higher
Hospital 2931,Corning,Private,4,Same,Above,Same,Same,Same,Same,Same,23287,Average,Average,15034,Average,Lower,17012,Average,Average,20920,Average,Average
Hospital 2932,Buffalo,Private,1,Below,Below,Above,Below,Same,Below,Above,23033,Average,Average,16657,Worse,Average,18987,Worse,Higher,21038,Average,Average
Hospital 2933,Rochester,Private,2,Same,Below,Below,Same,Below,Below,Below,23020,Average,Average,15983,Average,Average,17197,Average,Average,0,Unknown,Unknown
Hospital 2934,West Islip,Church,1,Same,Below,Below,Below,Same,Below,Above,25150,Average,Average,18967,Average,Higher,17458,Average,Average,25359,Average,Higher
Hospital 2935,White Plains,Private,3,Same,Below,Below,Above,Same,Same,Same,26150,Average,Higher,20255,Average,Higher,19182,Average,Higher,24898,Average,Higher
Hospital 2936,Ithaca,Private,2,Below,Above,Same,Same,Same,Below,Above,22140,Average,Average,14275,Worse,Lower,15770,Average,Lower,21008,Average,Average
Hospital 2937,Plainview,Private,3,Above,Below,Above,Below,Same,Below,Above,26647,Average,Higher,18994,Better,Higher,18332,Average,Higher,24241,Average,Higher
Hospital 2938,Bethpage,Private,1,Same,Below,Below,Below,Same,Below,Above,27141,Average,Higher,18868,Average,Higher,19093,Average,Higher,22937,Average,Average
Hospital 2939,Brooklyn,Government,1,Same,Below,Below,Below,Same,Below,Same,22874,Average,Average,16371,Average,Average,16996,Average,Average,0,Unknown,Unknown
Hospital 2940,Bronx,Government,1,None,Same,Below,Below,Below,Below,None,0,Unknown,Unknown,0,Unknown,Unknown,16806,Average,Average,0,Unknown,Unknown
Hospital 2941,Harris,Private,2,Same,Below,Below,Below,Same,Below,Same,24770,Average,Average,17550,Average,Average,17802,Average,Average,0,Unknown,Unknown
Hospital 2942,New York,Private,-1,None,None,None,None,None,None,None,0,Unknown,Unknown,0,Unknown,Unknown,0,Unknown,Unknown,0,Unknown,Unknown
Hospital 2943,Stony Brook,Government,3,Above,Same,Below,Below,Same,Below,Same,24213,Better,Average,17722,Better,Higher,17807,Better,Average,21880,Average,Average
Hospital 2944,Binghamton,Private,1,Below,Below,Above,Below,Same,Below,Same,20369,Average,Lower,13830,Worse,Lower,14749,Average,Lower,19686,Average,Lower
Hospital 2945,Far Rockaway,Church,1,Below,Below,Below,Below,Same,Below,None,24851,Average,Average,16698,Average,Average,20438,Worse,Higher,0,Unknown,Unknown
Hospital 2946,Brooklyn,Government,1,Same,Same,Below,Below,Same,Below,None,0,Unknown,Unknown,14571,Average,Lower,15867,Average,Average,0,Unknown,Unknown
Hospital 2947,Brooklyn,Private,1,Same,Below,Below,Below,Same,Below,None,22907,Average,Average,17342,Average,Average,19631,Average,Average,0,Unknown,Unknown
Hospital 2948,Bronx,Private,1,Same,Below,Below,Below,Below,Below,None,0,Unknown,Unknown,15407,Average,Average,15866,Average,Average,0,Unknown,Unknown
Hospital 2949,Smithtown,Private,2,Same,Below,Below,Below,Same,Below,Above,25460,Average,Average,18201,Average,Higher,17882,Average,Average,25902,Average,Higher
Hospital 2950,Rochester,Unknown,-1,None,None,None,None,None,None,None,0,Unknown,Unknown,0,Unknown,Unknown,0,Unknown,Unknown,0,Unknown,Unknown
Hospital 2951,West Haverstraw,Government,-1,None,None,None,None,None,None,None,0,Unknown,Unknown,0,Unknown,Unknown,0,Unknown,Unknown,0,Unknown,Unknown
Hospital 2952,Schenectady,Private,-1,None,None,None,None,None,None,None,0,Unknown,Unknown,0,Unknown,Unknown,0,Unknown,Unknown,0,Unknown,Unknown
Hospital 2953,Sidney,Private,-1,None,None,None,None,None,None,None,0,Unknown,Unknown,0,Unknown,Unknown,0,Unknown,Unknown,0,Unknown,Unknown
Hospital 2954,Troy,Private,-1,None,None,None,None,None,None,None,0,Unknown,Unknown,0,Unknown,Unknown,0,Unknown,Unknown,0,Unknown,Unknown
Hospital 2955,Cuba,Private,-1,None,None,None,None,None,Same,None,0,Unknown,Unknown,0,Unknown,Unknown,0,Unknown,Unknown,0,Unknown,Unknown
Hospital 2956,Elizabethtown,Private,2,Same,None,Below,None,Same,Same,Same,0,Unknown,Unknown,18073,Average,Average,17313,Average,Average,0,Unknown,Unknown
Hospital 2957,Callicoon,Government,-1,None,None,None,None,Same,Above,None,0,Unknown,Unknown,0,Unknown,Unknown,0,Unknown,Unknown,0,Unknown,Unknown
Hospital 2958,Margaretville,Private,-1,None,None,Same,None,None,None,None,0,Unknown,Unknown,0,Unknown,Unknown,18170,Average,Average,0,Unknown,Unknown
Hospital 2959,Delhi,Private,4,Same,None,Same,None,Same,Above,None,0,Unknown,Unknown,16878,Average,Average,16223,Average,Average,0,Unknown,Unknown
Hospital 2960,Star Lake,Private,-1,None,None,None,None,None,None,None,0,Unknown,Unknown,0,Unknown,Unknown,0,Unknown,Unknown,0,Unknown,Unknown
Hospital 2961,Alexandria Bay,Private,-1,None,None,None,None,Same,Below,Same,0,Unknown,Unknown,0,Unknown,Unknown,18360,Average,Average,0,Unknown,Unknown
Hospital 2962,Ellenville,Private,3,None,None,Same,None,Same,Above,None,0,Unknown,Unknown,0,Unknown,Unknown,18311,Average,Average,0,Unknown,Unknown
Hospital 2963,Little Falls,Private,4,Same,None,Same,Above,Same,Same,None,0,Unknown,Unknown,15484,Average,Average,19008,Average,Average,0,Unknown,Unknown
Hospital 2964,Walton,Private,4,Same,None,Same,None,Same,Above,None,0,Unknown,Unknown,15530,Average,Average,16818,Average,Average,0,Unknown,Unknown
Hospital 2965,Montour Falls,Private,-1,None,None,Above,None,None,Same,None,0,Unknown,Unknown,0,Unknown,Unknown,15211,Average,Lower,0,Unknown,Unknown
Hospital 2966,Penn Yan,Unknown,3,Same,None,Same,Same,Same,Above,None,0,Unknown,Unknown,14566,Average,Average,16745,Average,Average,0,Unknown,Unknown
Hospital 2967,Gouverneur,Private,2,Same,None,Same,Same,None,None,None,0,Unknown,Unknown,15763,Average,Average,15907,Average,Average,0,Unknown,Unknown
Hospital 2968,Hamilton,Private,4,Same,None,Same,Above,Same,Same,Same,0,Unknown,Unknown,17792,Average,Average,18361,Average,Average,19000,Average,Lower
Hospital 2969,Lowville,Unknown,3,Same,None,Same,Above,Same,Same,None,0,Unknown,Unknown,15882,Average,Average,13713,Average,Lower,0,Unknown,Unknown
Hospital 2970,Carthage,Private,-1,None,None,None,None,None,None,None,0,Unknown,Unknown,0,Unknown,Unknown,0,Unknown,Unknown,0,Unknown,Unknown
Hospital 2971,Medina,Private,-1,Same,None,Same,None,None,None,None,23686,Average,Average,15108,Average,Average,17438,Average,Average,0,Unknown,Unknown
Hospital 2972,Valhalla,Private,-1,None,None,None,None,None,None,None,0,Unknown,Unknown,0,Unknown,Unknown,0,Unknown,Unknown,0,Unknown,Unknown
Hospital 2973,Concord,Government,2,Below,Below,Above,Same,Same,Below,Above,21365,Average,Lower,15995,Average,Average,18190,Average,Higher,22688,Average,Higher
Hospital 2974,Asheville,Private,5,Same,Above,Above,Above,Same,Same,Above,22314,Better,Lower,16738,Average,Average,17591,Worse,Average,21380,Better,Lower
Hospital 2975,Mount Airy,Government,4,Same,Above,Above,Same,Above,Same,Same,23323,Average,Average,16483,Average,Average,15890,Average,Lower,21086,Average,Average
Hospital 2976,High Point,Private,2,Same,Same,Below,Below,Same,Below,Above,22643,Average,Average,15553,Average,Lower,17947,Worse,Average,22685,Average,Average
Hospital 2977,Laurinburg,Private,3,Same,Above,Above,Same,Same,Below,Above,24471,Average,Average,13391,Average,Lower,16488,Average,Average,18607,Average,Lower
Hospital 2978,Goldsboro,Private,2,Same,Below,Below,Below,Same,Below,Same,22002,Average,Average,15193,Average,Lower,17336,Average,Average,22569,Average,Average
Hospital 2979,Rutherfordton,Proprietary,3,Same,Same,Above,Below,Same,Same,Same,23957,Average,Average,14908,Average,Lower,16683,Average,Average,23309,Average,Average
Hospital 2980,Winston-salem,Private,3,Below,Below,Above,Same,Same,Same,Same,21494,Average,Lower,15462,Average,Lower,16213,Average,Lower,19974,Better,Lower
Hospital 2981,Salisbury,Private,1,Below,Below,Below,Below,Same,Above,Same,19947,Average,Lower,15684,Average,Average,17450,Worse,Average,22494,Average,Average
Hospital 2982,Sylva,Proprietary,1,Same,Below,Below,Below,Same,Above,Below,22784,Average,Average,15660,Average,Average,16084,Average,Lower,24917,Average,Higher
Hospital 2983,Hendersonville,Government,3,Same,Below,Above,Above,Same,Same,Below,24023,Average,Average,16819,Average,Average,17960,Average,Average,21068,Average,Lower
Hospital 2984,Sanford,Private,2,Same,Same,Below,Same,Same,Below,Above,25536,Average,Average,15733,Average,Average,15528,Average,Lower,23852,Average,Average
Hospital 2985,Shelby,Government,3,Below,Below,Above,Same,Same,Same,Same,24418,Average,Average,15963,Worse,Average,19557,Worse,Higher,18938,Average,Lower
Hospital 2986,Hendersonville,Private,4,Same,Above,Above,Above,Below,Same,Same,23803,Average,Average,16817,Average,Average,19744,Average,Higher,22200,Average,Average
Hospital 2987,Clinton,Government,2,Same,Same,Below,Below,Below,Below,Same,0,Unknown,Unknown,15032,Average,Lower,16969,Average,Average,21969,Average,Average
Hospital 2988,Kinston,Private,1,Same,Below,Below,Same,Same,Same,Same,21717,Average,Lower,15534,Average,Lower,17644,Worse,Average,26695,Average,Higher
Hospital 2989,Fayetteville,Private,3,Above,Below,Above,Below,Same,Below,Above,22027,Average,Lower,14791,Better,Lower,16935,Average,Average,21041,Average,Lower
Hospital 2990,Durham,Proprietary,4,Same,Above,Below,Above,Same,Below,Same,22444,Average,Average,16600,Average,Average,17399,Average,Average,19819,Worse,Lower
Hospital 2991,Gastonia,Government,2,Below,Above,Same,Below,Same,Same,Same,22952,Average,Average,16345,Average,Average,17946,Average,Average,20784,Average,Lower
Hospital 2992,Kings Mountain,Government,5,Same,None,Above,Same,Same,Above,Same,0,Unknown,Unknown,17227,Average,Average,16870,Average,Average,0,Unknown,Unknown
Hospital 2993,Statesville,Private,3,Same,Above,Above,Below,Above,Same,Above,25127,Average,Average,15793,Average,Average,16820,Worse,Average,22077,Average,Average
Hospital 2994,Greenville,Private,3,Below,Above,Below,Below,Same,Below,Above,22745,Average,Lower,16342,Average,Average,17828,Average,Average,22949,Average,Higher
Hospital 2995,Lenoir,Unknown,2,Same,Below,Same,Below,Above,Same,Above,22359,Average,Average,17634,Average,Average,18614,Worse,Average,24901,Average,Higher
Hospital 2996,Jacksonville,Government,2,Same,Below,Same,Below,Same,Below,Same,24058,Average,Average,15544,Average,Average,17079,Average,Average,23870,Average,Higher
Hospital 2997,Winston-salem,Private,3,Same,Below,Below,Same,Same,Below,Above,22230,Average,Lower,16177,Average,Average,18026,Better,Average,20135,Average,Lower
Hospital 2998,Durham,Proprietary,-1,None,None,None,Above,Same,None,None,0,Unknown,Unknown,0,Unknown,Unknown,0,Unknown,Unknown,18635,Average,Lower
Hospital 2999,Lumberton,Private,2,Same,Same,Below,Below,Below,Below,Same,22126,Average,Average,14346,Average,Lower,15566,Average,Lower,23461,Average,Higher
Hospital 3000,Boone,Government,4,Same,Above,Above,Same,Same,Same,Above,23117,Average,Average,16686,Average,Average,16344,Average,Average,20250,Average,Lower
Hospital 3001,Charlotte,Private,3,Below,Below,Above,Below,Same,Same,Above,23500,Average,Average,16243,Average,Average,16506,Average,Lower,19893,Average,Lower
Hospital 3002,Eden,Private,3,Below,Same,Same,Same,Same,Below,Same,24448,Average,Average,16275,Average,Average,15176,Worse,Lower,0,Unknown,Unknown
Hospital 3003,Chapel Hill,Government,3,Below,Above,Below,Above,Same,Below,Same,21391,Average,Lower,16415,Average,Average,17972,Average,Average,26159,Average,Higher
Hospital 3004,North Wilkesboro,Government,3,Same,Above,Above,Same,Same,Same,Same,22765,Average,Average,15994,Average,Average,19382,Average,Higher,22409,Average,Average
Hospital 3005,Whiteville,Unknown,3,Same,Above,Above,Same,Same,Same,Below,25056,Average,Average,15410,Average,Average,17026,Average,Average,25290,Average,Higher
Hospital 3006,Raleigh,Private,3,Below,Below,Above,Above,Same,Below,Above,23298,Average,Average,15708,Average,Lower,16746,Worse,Average,20499,Average,Lower
Hospital 3007,Burlington,Private,1,Below,Below,Same,Below,Same,Below,Same,21146,Average,Lower,16039,Worse,Average,17339,Worse,Average,21730,Average,Average
Hospital 3008,Dunn,Private,2,Same,Same,Below,Same,Above,Below,Same,23889,Average,Average,15987,Average,Average,15807,Average,Lower,22522,Average,Average
Hospital 3009,Raleigh,Private,4,Same,Above,Above,Same,Same,Below,Same,23294,Average,Average,16285,Average,Average,15730,Average,Lower,21204,Average,Lower
Hospital 3010,Morganton,Proprietary,3,Same,Below,Above,Same,Same,Same,Same,20853,Average,Lower,15494,Average,Average,16324,Average,Lower,22284,Average,Average
Hospital 3011,Wadesboro,Government,-1,None,None,None,None,Same,Same,None,0,Unknown,Unknown,0,Unknown,Unknown,19005,Average,Average,0,Unknown,Unknown
Hospital 3012,Thomasville,Private,3,Same,Above,Above,Same,Same,Below,Same,0,Unknown,Unknown,16051,Average,Average,16997,Average,Average,21207,Average,Average
Hospital 3013,Marion,Private,3,Same,None,Same,Above,Same,Same,Same,0,Unknown,Unknown,15583,Average,Average,16491,Average,Average,0,Unknown,Unknown
Hospital 3014,Smithfield,Government,4,Above,Above,Same,Above,Same,Same,Same,24205,Average,Average,15878,Better,Average,18118,Average,Average,25083,Average,Higher
Hospital 3015,Greensboro,Private,5,Same,Above,Above,Same,Same,Below,Above,20606,Average,Lower,15646,Average,Lower,16622,Average,Lower,19939,Average,Lower
Hospital 3016,Lexington,Private,4,Same,Same,Above,Above,Same,Same,Same,0,Unknown,Unknown,14988,Average,Average,16685,Average,Average,22981,Average,Average
Hospital 3017,Elkin,Private,3,Same,Above,Below,Above,Same,Same,Above,22737,Average,Average,15322,Average,Average,17556,Average,Average,22351,Average,Average
Hospital 3018,Charlotte,Government,3,Same,Above,Above,Same,Same,Below,Above,22260,Average,Average,15907,Average,Average,17369,Average,Average,22190,Average,Average
Hospital 3019,Ahoskie,Private,2,Same,Below,Below,Same,Same,Same,Same,23530,Average,Average,15707,Average,Average,18075,Average,Average,21554,Average,Average
Hospital 3020,Tarboro,Government,3,Same,Above,Below,Above,Same,Below,Same,24595,Average,Average,16668,Average,Average,17101,Average,Average,23988,Average,Average
Hospital 3021,Elizabeth City,Government,1,Below,Same,Below,Below,Below,Same,Same,24573,Average,Average,16873,Average,Average,16577,Worse,Average,22292,Average,Average
Hospital 3022,Charlotte,Government,3,Below,Above,Above,Below,Below,Below,Below,22692,Average,Average,16263,Average,Average,17135,Average,Average,18904,Better,Lower
Hospital 3023,Raleigh,Government,4,Same,Above,Above,Above,Same,Same,Above,21360,Average,Lower,15931,Average,Lower,17299,Worse,Average,19093,Better,Lower
Hospital 3024,Pinehurst,Private,4,Above,Below,Above,Above,Same,Below,Above,21294,Average,Lower,15786,Average,Lower,15707,Better,Lower,19342,Average,Lower
Hospital 3025,Hickory,Proprietary,3,Below,Same,Above,Same,Same,Below,Above,23826,Average,Average,15979,Average,Average,17772,Worse,Average,20806,Average,Lower
Hospital 3026,Albemarle,Private,2,Same,Below,Above,Below,Same,Same,Below,23644,Average,Average,16814,Average,Average,17714,Average,Average,19306,Average,Lower
Hospital 3027,Kenansville,Government,4,Same,None,Same,Same,Same,Below,Same,23654,Average,Average,13965,Average,Lower,17576,Average,Average,0,Unknown,Unknown
Hospital 3028,Asheboro,Private,3,Same,Below,Above,Below,Same,Same,Same,22337,Average,Average,15396,Average,Average,18340,Average,Average,20471,Average,Average
Hospital 3029,Wilson,Private,3,Same,Above,Below,Below,Same,Below,Above,24880,Average,Average,15503,Average,Lower,17904,Worse,Average,21151,Average,Average
Hospital 3030,Oxford,Government,2,Same,Same,Below,Same,Below,Above,Same,21099,Average,Average,15048,Average,Average,15828,Average,Lower,23310,Worse,Average
Hospital 3031,Mooresville,Proprietary,2,Same,Same,Below,Same,Same,Above,Same,24187,Average,Average,16621,Average,Average,19976,Average,Higher,19459,Average,Lower
Hospital 3032,Monroe,Government,1,Same,Below,Below,Below,Same,Same,Same,23099,Average,Average,16136,Average,Average,18243,Average,Average,23530,Worse,Higher
Hospital 3033,New Bern,Government,5,Same,Above,Above,Above,Same,Below,Same,22701,Average,Average,15141,Average,Lower,15724,Average,Lower,19922,Average,Lower
Hospital 3034,Henderson,Proprietary,2,Same,Same,Below,Below,Same,Below,Above,23012,Average,Average,15120,Average,Lower,17141,Worse,Average,0,Unknown,Unknown
Hospital 3035,Williamston,Government,2,Same,Same,Below,Same,Same,Below,Same,0,Unknown,Unknown,15136,Average,Average,16164,Average,Average,20501,Average,Average
Hospital 3036,Wilmington,Government,3,Below,Above,Above,Above,Same,Below,Same,24018,Average,Average,16723,Average,Average,17795,Worse,Average,19176,Better,Lower
Hospital 3037,Morehead City,Proprietary,4,Below,Above,Above,Above,Above,Same,Above,22907,Average,Average,14902,Average,Lower,17041,Worse,Average,20094,Average,Lower
Hospital 3038,Hickory,Unknown,3,Below,Above,Above,Above,Same,Above,Above,23906,Average,Average,16526,Worse,Average,19559,Worse,Higher,20848,Average,Lower
Hospital 3039,Statesville,Proprietary,3,Same,Above,Below,Below,Same,Same,Same,23238,Average,Average,17148,Average,Average,15960,Average,Average,21221,Average,Average
Hospital 3040,Lincolnton,Government,4,Same,Above,Above,Above,Same,Above,Above,22462,Average,Average,16133,Average,Average,16722,Average,Average,20439,Average,Lower
Hospital 3041,Rocky Mount,Government,1,Below,Below,Below,Below,Below,Below,Above,23105,Average,Average,15882,Average,Average,18452,Worse,Higher,20929,Average,Lower
Hospital 3042,Winston-salem,Unknown,-1,None,Above,None,Above,None,None,None,0,Unknown,Unknown,0,Unknown,Unknown,0,Unknown,Unknown,0,Unknown,Unknown
Hospital 3043,Roanoke Rapids,Private,2,Same,Below,Below,Below,Same,Same,Same,22353,Average,Average,15507,Average,Average,16216,Average,Lower,18077,Average,Lower
Hospital 3044,Durham,Government,5,Same,Above,Above,Above,Same,Below,Above,21867,Average,Lower,15554,Average,Lower,16158,Better,Lower,19609,Average,Lower
Hospital 3045,Cherokee,Government,-1,None,None,None,None,None,None,None,0,Unknown,Unknown,0,Unknown,Unknown,13309,Average,Lower,0,Unknown,Unknown
Hospital 3046,Supply,Unknown,3,Same,Above,Same,Same,Same,Above,Same,24580,Average,Average,15137,Average,Lower,17300,Average,Average,19631,Average,Lower
Hospital 3047,Roxboro,Proprietary,2,Same,Same,Above,Below,Same,Same,Same,0,Unknown,Unknown,17076,Average,Average,15418,Average,Lower,24623,Average,Higher
Hospital 3048,Charlotte,Government,3,Same,Same,Above,Same,Same,Same,Above,23426,Average,Average,15028,Average,Lower,17727,Average,Average,20785,Average,Average
Hospital 3049,Wilmington,Private,-1,None,None,None,None,None,None,None,0,Unknown,Unknown,0,Unknown,Unknown,0,Unknown,Unknown,0,Unknown,Unknown
Hospital 3050,Matthews,Unknown,5,Same,Above,Above,Same,Same,Same,Above,21375,Average,Lower,15846,Average,Average,16654,Average,Average,20783,Average,Lower
Hospital 3051,Cary,Private,3,Same,Below,Above,Same,Same,Below,Same,22810,Average,Average,15875,Average,Average,16819,Average,Average,21072,Average,Lower
Hospital 3052,Huntersville,Private,4,Same,Below,Above,Same,Same,Same,Above,22972,Average,Average,16696,Average,Average,16904,Average,Average,19528,Average,Lower
Hospital 3053,Clyde,Government,4,Same,Above,Above,Same,Same,Same,Same,22381,Average,Average,16131,Average,Average,16260,Average,Lower,19913,Average,Lower
Hospital 3054,Washington,Private,3,Same,Above,Same,Same,Same,Same,Same,0,Unknown,Unknown,14555,Average,Lower,15626,Average,Lower,22761,Average,Average
Hospital 3055,Mocksville,Private,5,None,None,Same,Above,Same,Above,None,0,Unknown,Unknown,0,Unknown,Unknown,0,Unknown,Unknown,0,Unknown,Unknown
Hospital 3056,Raeford,Private,4,Same,None,Above,Above,Same,Below,Same,0,Unknown,Unknown,14611,Average,Average,14257,Average,Lower,0,Unknown,Unknown
Hospital 3057,Scotland Neck,Private,-1,None,None,None,None,None,None,None,0,Unknown,Unknown,0,Unknown,Unknown,0,Unknown,Unknown,0,Unknown,Unknown
Hospital 3058,Troy,Private,4,None,None,Same,None,Same,Above,None,0,Unknown,Unknown,0,Unknown,Unknown,17724,Average,Average,0,Unknown,Unknown
Hospital 3059,Windsor,Private,4,Same,None,Above,None,Same,Same,Same,0,Unknown,Unknown,15665,Average,Average,14213,Average,Lower,0,Unknown,Unknown
Hospital 3060,Bryson City,Private,4,Same,None,Above,Same,None,None,None,0,Unknown,Unknown,15263,Average,Average,14892,Average,Lower,0,Unknown,Unknown
Hospital 3061,Burgaw,Government,-1,Same,None,Same,None,None,None,None,0,Unknown,Unknown,16974,Average,Average,16751,Average,Average,0,Unknown,Unknown
Hospital 3062,Siler City,Private,-1,None,None,Above,Above,None,None,None,0,Unknown,Unknown,16470,Average,Average,17815,Average,Average,0,Unknown,Unknown
Hospital 3063,Plymouth,Proprietary,-1,Same,None,Same,None,None,None,None,0,Unknown,Unknown,15890,Average,Average,17440,Average,Average,0,Unknown,Unknown
Hospital 3064,Elizabethtown,Private,3,Same,None,Same,None,Same,Below,Same,0,Unknown,Unknown,16299,Average,Average,18361,Average,Average,0,Unknown,Unknown
Hospital 3065,Highlands,Private,4,None,None,Above,None,Same,Above,None,0,Unknown,Unknown,0,Unknown,Unknown,16490,Average,Average,0,Unknown,Unknown
Hospital 3066,Danbury,Proprietary,-1,None,None,None,None,None,None,None,0,Unknown,Unknown,0,Unknown,Unknown,15193,Average,Average,0,Unknown,Unknown
Hospital 3067,Edenton,Government,4,Same,None,Above,None,Same,Same,Same,0,Unknown,Unknown,13269,Average,Lower,16233,Average,Average,21860,Average,Average
Hospital 3068,Brevard,Private,4,Same,Same,Above,Above,Same,Above,Same,24847,Average,Average,15680,Average,Average,16322,Average,Average,20944,Average,Average
Hospital 3069,Sparta,Private,3,None,None,Same,None,None,Above,Same,0,Unknown,Unknown,0,Unknown,Unknown,15927,Average,Average,0,Unknown,Unknown
Hospital 3070,Columbus,Private,4,Same,None,Below,Above,Same,None,None,0,Unknown,Unknown,16663,Average,Average,16627,Average,Average,21690,Average,Average
Hospital 3071,Linville,Private,-1,Same,None,Same,None,None,None,None,0,Unknown,Unknown,16849,Average,Average,16677,Average,Average,0,Unknown,Unknown
Hospital 3072,Nags Head,Private,3,Same,None,Above,None,Same,Below,Same,0,Unknown,Unknown,16729,Average,Average,15786,Average,Average,19940,Average,Lower
Hospital 3073,Jefferson,Private,4,Same,None,Above,Same,None,Same,Below,21429,Average,Average,15241,Average,Average,13768,Average,Lower,0,Unknown,Unknown
Hospital 3074,Franklin,Private,4,Same,Same,Above,Same,Same,Same,Above,23700,Average,Average,14597,Average,Lower,15189,Worse,Lower,22154,Average,Average
Hospital 3075,Southport,Unknown,4,Same,None,Same,Above,None,Above,Same,0,Unknown,Unknown,14852,Average,Average,14061,Average,Lower,17898,Average,Lower
Hospital 3076,Murphy,Private,3,Same,None,Above,Same,Same,Below,Same,0,Unknown,Unknown,15371,Average,Average,17265,Average,Average,20997,Average,Average
Hospital 3077,Spruce Pine,Private,4,Same,None,Above,Above,Same,Above,Same,0,Unknown,Unknown,16299,Average,Average,16804,Average,Average,0,Unknown,Unknown
Hospital 3078,Bismarck,Church,3,Same,Below,Above,Below,Same,Same,Below,21653,Average,Lower,15968,Average,Average,16972,Average,Average,18102,Average,Lower
Hospital 3079,Minot,Private,2,Below,Below,Above,Below,Same,Above,Same,25109,Average,Average,17237,Average,Average,17339,Average,Average,18442,Average,Lower
Hospital 3080,Fargo,Private,3,Same,Above,Above,Below,Same,Same,Same,23667,Average,Average,15690,Average,Lower,17735,Average,Average,21370,Average,Lower
Hospital 3081,Bismarck,Private,1,Same,Below,Below,Below,Same,Above,Same,22439,Average,Average,15125,Average,Lower,16873,Average,Average,18296,Average,Lower
Hospital 3082,Grand Forks,Government,2,Same,Below,Same,Below,Same,Same,Same,24165,Average,Average,15747,Average,Average,19285,Average,Higher,20523,Average,Lower
Hospital 3083,Belcourt,Government,-1,None,None,Same,None,Same,None,None,0,Unknown,Unknown,0,Unknown,Unknown,11863,Average,Lower,0,Unknown,Unknown
Hospital 3084,Fort Yates,Government,-1,None,None,None,None,None,None,None,0,Unknown,Unknown,0,Unknown,Unknown,0,Unknown,Unknown,0,Unknown,Unknown
Hospital 3085,Fargo,Private,4,Same,Above,Below,Above,Same,Same,Same,23881,Average,Average,15706,Average,Average,16164,Average,Lower,20419,Average,Lower
Hospital 3086,Tioga,Private,-1,None,None,None,None,None,None,None,0,Unknown,Unknown,0,Unknown,Unknown,16548,Average,Average,0,Unknown,Unknown
Hospital 3087,Stanley,Private,-1,None,None,None,None,None,Same,None,0,Unknown,Unknown,0,Unknown,Unknown,0,Unknown,Unknown,0,Unknown,Unknown
Hospital 3088,Watford City,Private,-1,None,None,None,None,None,None,None,0,Unknown,Unknown,0,Unknown,Unknown,19024,Average,Average,0,Unknown,Unknown
Hospital 3089,Garrison,Church,-1,None,None,None,None,None,None,None,0,Unknown,Unknown,0,Unknown,Unknown,18699,Average,Average,0,Unknown,Unknown
Hospital 3090,Turtle Lake,Private,-1,None,None,None,None,None,None,None,0,Unknown,Unknown,0,Unknown,Unknown,0,Unknown,Unknown,0,Unknown,Unknown
Hospital 3091,Kenmare,Private,-1,None,None,None,None,None,None,None,0,Unknown,Unknown,0,Unknown,Unknown,0,Unknown,Unknown,0,Unknown,Unknown
Hospital 3092,Cooperstown,Private,-1,None,None,None,None,None,None,None,0,Unknown,Unknown,0,Unknown,Unknown,19063,Average,Average,0,Unknown,Unknown
Hospital 3093,Bottineau,Church,4,None,None,Same,None,Same,Above,Same,0,Unknown,Unknown,0,Unknown,Unknown,18893,Average,Average,0,Unknown,Unknown
Hospital 3094,Mcville,Private,-1,None,None,None,None,None,Above,None,0,Unknown,Unknown,0,Unknown,Unknown,0,Unknown,Unknown,0,Unknown,Unknown
Hospital 3095,Mayville,Private,3,None,None,Same,None,Same,Same,None,0,Unknown,Unknown,0,Unknown,Unknown,0,Unknown,Unknown,0,Unknown,Unknown
Hospital 3096,Hazen,Private,-1,None,None,Same,None,None,None,Same,0,Unknown,Unknown,17830,Average,Average,16523,Average,Average,0,Unknown,Unknown
Hospital 3097,Lisbon,Private,3,Same,None,Same,None,Same,Above,None,0,Unknown,Unknown,16399,Average,Average,19506,Average,Average,0,Unknown,Unknown
Hospital 3098,Northwood,Church,-1,None,None,None,None,None,None,None,0,Unknown,Unknown,0,Unknown,Unknown,0,Unknown,Unknown,0,Unknown,Unknown
Hospital 3099,Bowman,Private,-1,None,None,None,None,None,Same,None,0,Unknown,Unknown,0,Unknown,Unknown,0,Unknown,Unknown,0,Unknown,Unknown
Hospital 3100,Elgin,Private,-1,None,None,None,None,None,None,None,0,Unknown,Unknown,0,Unknown,Unknown,0,Unknown,Unknown,0,Unknown,Unknown
Hospital 3101,Oakes,Private,3,Same,None,Below,None,Same,Above,Same,23934,Average,Average,0,Unknown,Unknown,19145,Average,Average,0,Unknown,Unknown
Hospital 3102,Rolla,Private,-1,None,None,None,None,None,None,None,0,Unknown,Unknown,0,Unknown,Unknown,15911,Average,Average,0,Unknown,Unknown
Hospital 3103,Carrington,Private,4,Same,None,Above,None,Same,Above,Same,0,Unknown,Unknown,19333,Average,Higher,18702,Average,Average,0,Unknown,Unknown
Hospital 3104,Cavalier,Private,4,None,None,Above,None,Same,Above,None,0,Unknown,Unknown,0,Unknown,Unknown,14782,Average,Lower,0,Unknown,Unknown
Hospital 3105,Grafton,Unknown,-1,None,None,None,None,None,Above,None,0,Unknown,Unknown,0,Unknown,Unknown,15764,Average,Average,0,Unknown,Unknown
Hospital 3106,Wishek,Private,4,None,None,Same,None,Same,Above,None,0,Unknown,Unknown,16701,Average,Average,15552,Average,Average,0,Unknown,Unknown
Hospital 3107,Ashley,Government,-1,None,None,None,None,None,None,None,0,Unknown,Unknown,0,Unknown,Unknown,0,Unknown,Unknown,0,Unknown,Unknown
Hospital 3108,Langdon,Private,-1,None,None,None,None,Same,Above,None,0,Unknown,Unknown,0,Unknown,Unknown,15770,Average,Average,0,Unknown,Unknown
Hospital 3109,Valley City,Church,-1,None,None,Same,None,Same,None,None,0,Unknown,Unknown,16793,Average,Average,16616,Average,Average,0,Unknown,Unknown
Hospital 3110,Crosby,Private,-1,None,None,None,None,Same,Above,None,0,Unknown,Unknown,0,Unknown,Unknown,0,Unknown,Unknown,0,Unknown,Unknown
Hospital 3111,Park River,Private,4,None,None,Same,None,Same,Above,Same,0,Unknown,Unknown,0,Unknown,Unknown,16305,Average,Average,0,Unknown,Unknown
Hospital 3112,Harvey,Private,-1,None,None,Same,None,None,None,None,0,Unknown,Unknown,18235,Average,Average,13203,Average,Lower,0,Unknown,Unknown
Hospital 3113,Linton,Private,-1,None,None,None,None,None,Above,None,0,Unknown,Unknown,0,Unknown,Unknown,14145,Average,Lower,0,Unknown,Unknown
Hospital 3114,Hillsboro,Private,-1,None,None,None,None,None,None,None,0,Unknown,Unknown,0,Unknown,Unknown,0,Unknown,Unknown,0,Unknown,Unknown
Hospital 3115,Hettinger,Private,4,Same,None,Same,Above,None,Above,Same,0,Unknown,Unknown,14499,Average,Lower,13849,Average,Lower,0,Unknown,Unknown
Hospital 3116,Cando,Private,-1,None,None,None,None,Same,Above,None,0,Unknown,Unknown,0,Unknown,Unknown,16522,Average,Average,0,Unknown,Unknown
Hospital 3117,Rugby,Unknown,3,None,None,Same,None,Same,Above,Same,0,Unknown,Unknown,0,Unknown,Unknown,20523,Average,Higher,0,Unknown,Unknown
Hospital 3118,Devils Lake,Private,3,Same,None,Same,None,Below,Above,Same,0,Unknown,Unknown,16081,Average,Average,18932,Average,Average,0,Unknown,Unknown
Hospital 3119,Williston,Church,1,Same,None,Below,Below,None,None,Same,0,Unknown,Unknown,16060,Average,Average,15185,Average,Lower,20297,Average,Lower
Hospital 3120,Jamestown,Private,4,Same,None,Same,Above,Same,Above,None,0,Unknown,Unknown,16098,Average,Average,16008,Average,Average,22341,Average,Average
Hospital 3121,Dickinson,Church,3,Same,None,Same,Same,None,None,Same,21234,Average,Average,16048,Average,Average,15120,Average,Lower,19282,Average,Lower
Hospital 3122,Cincinnati,Private,4,Same,Same,Above,Same,Same,Same,Same,25821,Average,Average,17431,Average,Average,18698,Average,Higher,22239,Average,Average
Hospital 3123,Ashland,Unknown,4,Same,Above,Same,Above,Same,Above,Same,22242,Average,Average,14611,Average,Lower,15709,Average,Lower,18437,Average,Lower
Hospital 3124,Cincinnati,Private,2,Same,Above,Below,Below,Below,Below,Same,22433,Average,Average,17675,Average,Average,19474,Average,Higher,25150,Average,Higher
Hospital 3125,Columbus,Private,4,Below,Above,Above,Above,Same,Same,Above,23033,Average,Average,18053,Average,Higher,18150,Average,Average,19620,Average,Lower
Hospital 3126,Portsmouth,Unknown,3,Below,Above,Below,Above,Above,Same,Same,24804,Average,Average,18764,Average,Higher,17277,Average,Average,25185,Average,Higher
Hospital 3127,Lima,Unknown,2,Same,Below,Above,Below,Same,Same,Same,26156,Average,Higher,17097,Average,Average,18615,Average,Average,21439,Average,Average
Hospital 3128,Dover,Unknown,3,Same,Above,Below,Same,Same,Above,Same,22629,Average,Average,17198,Average,Average,17222,Average,Average,22074,Average,Average
Hospital 3129,Marion,Private,2,Same,Above,Below,Same,Same,Above,Same,24726,Average,Average,15523,Average,Average,17002,Average,Average,24439,Average,Higher
Hospital 3130,Westerville,Church,3,Same,Above,Below,Same,Same,Same,Above,23258,Average,Average,15814,Average,Average,17059,Better,Average,20580,Average,Lower
Hospital 3131,Sidney,Private,3,Same,Above,Same,Same,Same,Same,Same,0,Unknown,Unknown,16962,Average,Average,17280,Average,Average,22819,Average,Average
Hospital 3132,Athens,Unknown,4,Same,Same,Same,Same,Above,Same,Same,0,Unknown,Unknown,14920,Average,Average,16855,Average,Average,20947,Average,Average
Hospital 3133,Cincinnati,Private,4,Above,Above,Below,Same,Same,Same,Same,25688,Average,Average,18804,Average,Higher,19596,Average,Higher,18568,Average,Lower
Hospital 3134,Columbus,Church,2,Same,Below,Below,Same,Below,Below,Above,23005,Average,Average,16432,Average,Average,19260,Average,Higher,22043,Average,Average
Hospital 3135,Akron,Private,3,Same,Above,Above,Below,Same,Below,Above,24583,Average,Average,17496,Worse,Higher,19162,Average,Higher,20406,Average,Lower
Hospital 3136,Sandusky,Private,4,Same,Above,Above,Same,Same,Above,Above,22306,Average,Average,16273,Average,Average,16486,Worse,Average,23401,Average,Higher
Hospital 3137,Xenia,Private,3,Same,Above,Below,Above,Same,Above,None,0,Unknown,Unknown,16659,Average,Average,18326,Average,Average,22327,Average,Average
Hospital 3138,Akron,Private,3,Above,Same,Above,Below,Below,Below,Same,22678,Average,Average,15649,Average,Lower,17465,Better,Average,22651,Average,Average
Hospital 3139,Bowling Green,Private,3,Same,Same,Below,Above,Same,Above,Same,0,Unknown,Unknown,15751,Average,Average,15927,Average,Average,22156,Average,Average
Hospital 3140,Saint Marys,Private,4,Same,Above,Above,Same,Same,Above,Same,23336,Average,Average,14913,Average,Lower,14008,Average,Lower,21366,Average,Average
Hospital 3141,Columbus,Unknown,2,Same,Below,Below,Below,Same,Same,Above,22020,Average,Lower,17212,Average,Average,18152,Average,Higher,19827,Average,Lower
Hospital 3142,Wooster,Government,4,Same,Above,Above,Above,Same,Above,Above,24356,Average,Average,18781,Average,Higher,17441,Average,Average,21589,Average,Average
Hospital 3143,Cleveland,Private,3,Same,Same,Below,Same,Same,Above,Same,23117,Average,Average,16060,Average,Average,17105,Average,Average,22755,Average,Average
Hospital 3144,Zanesville,Private,4,Same,Above,Below,Below,Same,Above,Below,23925,Average,Average,17496,Average,Average,16836,Average,Average,20315,Average,Lower
Hospital 3145,Mount Vernon,Unknown,2,Same,Above,Below,Below,Same,Same,Same,24704,Average,Average,15231,Average,Average,15884,Average,Lower,22948,Average,Average
Hospital 3146,Parma,Private,5,Same,Above,Above,Below,Same,Below,Same,25536,Average,Average,16823,Average,Average,19407,Average,Higher,20820,Average,Lower
Hospital 3147,Greenville,Private,4,Same,Same,Above,Same,Same,Above,Same,25979,Average,Average,16238,Average,Average,17968,Average,Average,22599,Average,Average
Hospital 3148,Oxford,Private,3,Same,Same,Below,Same,Same,Above,Same,0,Unknown,Unknown,17541,Average,Average,17675,Average,Average,22802,Average,Average
Hospital 3149,Toledo,Government,1,Same,Below,Below,Below,Same,Same,Same,26604,Average,Higher,19286,Average,Higher,17930,Average,Average,23605,Average,Higher
Hospital 3150,Dayton,Private,5,Above,Above,Above,Same,Same,Above,Same,23020,Average,Average,17276,Average,Average,18435,Average,Higher,19681,Average,Lower
Hospital 3151,Dayton,Church,2,Same,Above,Below,Below,Same,Same,Same,25974,Average,Higher,17956,Average,Higher,21113,Average,Higher,24204,Average,Higher
Hospital 3152,Gallipolis,Private,2,Same,Same,Below,Below,Same,Above,Below,25657,Average,Average,17613,Average,Average,18636,Average,Average,0,Unknown,Unknown
Hospital 3153,Warren,Proprietary,2,Same,Below,Below,Below,Same,Same,Same,24401,Average,Average,17011,Average,Average,17577,Average,Average,19507,Average,Lower
Hospital 3154,Fairfield,Private,3,Same,Same,Below,Same,Same,Same,Same,23291,Average,Average,17112,Average,Average,18452,Average,Higher,22298,Average,Average
Hospital 3155,Coldwater,Government,4,Same,Same,Above,Above,Same,Above,Same,24490,Average,Average,15850,Average,Average,16694,Average,Average,23300,Average,Average
Hospital 3156,Cleveland,Unknown,2,Same,Below,Below,Below,Same,Below,Same,21855,Average,Average,16074,Average,Average,18598,Average,Average,29235,Average,Higher
Hospital 3157,Youngstown,Church,2,Above,Below,Below,Below,Above,Below,Same,24214,Average,Average,19268,Average,Higher,20849,Average,Higher,23411,Average,Average
Hospital 3158,Norwalk,Private,4,Same,Same,Same,Above,Same,Above,Above,23531,Average,Average,16922,Average,Average,18147,Average,Average,19859,Average,Lower
Hospital 3159,Lima,Private,5,Above,Above,Above,Same,Same,Same,Same,23581,Average,Average,17135,Better,Average,18486,Average,Higher,23628,Average,Higher
Hospital 3160,Toledo,Private,5,Above,Above,Above,Below,Same,Same,Same,24107,Average,Average,18299,Average,Higher,19763,Average,Higher,19114,Better,Lower
Hospital 3161,Canton,Private,4,Above,Same,Above,Below,Same,Same,Same,27024,Average,Higher,18099,Average,Higher,17888,Average,Average,19217,Average,Lower
Hospital 3162,Van Wert,Private,3,Same,Below,Same,Same,Same,Above,Same,0,Unknown,Unknown,17925,Average,Average,17847,Average,Average,22624,Average,Average
Hospital 3163,Lancaster,Unknown,3,Same,Above,Below,Above,Same,Same,Above,24395,Average,Average,15613,Average,Average,17063,Average,Average,20186,Average,Lower
Hospital 3164,Sylvania,Private,3,Same,Below,Above,Same,Same,Above,Same,24949,Average,Average,17681,Average,Average,19384,Average,Higher,21378,Average,Average
Hospital 3165,Richmond Heights,Proprietary,4,Same,Above,Same,Same,Same,Same,Same,25366,Average,Average,17042,Average,Average,19122,Average,Higher,25406,Average,Higher
Hospital 3166,Franklin,Private,4,Same,Above,Above,Below,Above,Above,Same,25858,Average,Average,18289,Average,Higher,18843,Average,Higher,24733,Average,Higher
Hospital 3167,Cleveland,Private,4,Above,Below,Below,Above,Same,Same,Above,22542,Average,Average,16516,Better,Average,17174,Better,Average,22679,Average,Average
Hospital 3168,Ravenna,Private,2,Same,Below,Below,Below,Same,Below,Same,24130,Average,Average,16883,Average,Average,18512,Average,Average,21530,Average,Average
Hospital 3169,Kettering,Church,3,Below,Above,Same,Above,Same,Below,Same,24150,Average,Average,16395,Worse,Average,18528,Average,Higher,19737,Average,Lower
Hospital 3170,Martins Ferry,Unknown,2,Same,Same,Same,Below,Same,Above,Same,23169,Average,Average,16339,Average,Average,20410,Average,Higher,20281,Average,Lower
Hospital 3171,Oregon,Church,2,Same,Below,Above,Below,Same,Above,Same,0,Unknown,Unknown,17375,Average,Average,18313,Average,Average,21679,Average,Average
Hospital 3172,Euclid,Unknown,4,Same,Below,Above,Above,Same,Above,Same,0,Unknown,Unknown,17758,Average,Average,17948,Average,Average,20100,Average,Lower
Hospital 3173,Canton,Unknown,3,Same,Above,Above,Below,Below,Same,Same,23735,Average,Average,16632,Average,Average,18206,Average,Average,19448,Average,Lower
Hospital 3174,Columbus,Government,4,Above,Above,Above,Same,Below,Below,Same,22807,Average,Average,16749,Better,Average,19289,Better,Higher,23836,Average,Higher
Hospital 3175,Springfield,Private,2,Same,Above,Below,Below,Same,Same,Same,27326,Average,Higher,18798,Average,Higher,20286,Average,Higher,0,Unknown,Unknown
Hospital 3176,Cleveland,Private,5,Same,Above,Same,Above,Same,Same,Same,0,Unknown,Unknown,16149,Average,Average,16004,Average,Average,18424,Average,Lower
Hospital 3177,Tiffin,Church,5,Same,Above,Above,Above,Same,Above,Same,0,Unknown,Unknown,16486,Average,Average,15129,Better,Lower,22772,Average,Average
Hospital 3178,Maumee,Unknown,3,Same,Same,Above,Same,Same,Same,Above,22445,Average,Average,16186,Average,Average,16632,Average,Average,20980,Average,Lower
Hospital 3179,Medina,Private,2,Same,Below,Below,Same,Same,Above,Same,0,Unknown,Unknown,16615,Average,Average,17263,Average,Average,21757,Average,Average
Hospital 3180,Marysville,Government,4,Same,Same,Above,Above,Same,Above,Same,0,Unknown,Unknown,15230,Average,Average,16678,Average,Average,21730,Average,Average
Hospital 3181,Findlay,Unknown,4,Below,Above,Above,Above,Above,Above,Same,22565,Average,Average,16598,Worse,Average,16819,Average,Average,18511,Average,Lower
Hospital 3182,East Liverpool,Private,2,Same,Above,Below,Below,Above,Above,Same,0,Unknown,Unknown,17797,Average,Average,20452,Average,Higher,0,Unknown,Unknown
Hospital 3183,Concord,Private,2,Above,Below,Below,Below,Same,Below,Above,22948,Average,Average,17245,Better,Average,18114,Average,Average,22512,Average,Average
Hospital 3184,Bellevue,Unknown,4,Same,Above,Same,Above,Below,Above,Same,0,Unknown,Unknown,17046,Average,Average,14328,Average,Lower,26410,Average,Higher
Hospital 3185,Coshocton,Private,3,Same,None,Same,Below,Same,Above,Same,0,Unknown,Unknown,16603,Average,Average,16868,Average,Average,0,Unknown,Unknown
Hospital 3186,Toledo,Church,3,Same,Above,Above,Below,Same,Same,Same,26635,Average,Higher,16439,Average,Average,18272,Average,Average,23498,Average,Average
Hospital 3187,Mansfield,Private,3,Below,Above,Above,Same,Above,Above,Above,23223,Average,Average,17627,Average,Higher,17695,Average,Average,17075,Average,Lower
Hospital 3188,Bryan,Unknown,3,Below,Above,Above,Above,Same,Above,Same,28340,Average,Higher,17822,Average,Average,17878,Worse,Average,28455,Average,Higher
Hospital 3189,Westlake,Private,5,Same,Above,Above,Above,Same,Same,Same,23668,Average,Average,17908,Average,Average,17454,Average,Average,21821,Average,Average
Hospital 3190,Ashtabula,Private,1,Same,Below,Below,Same,Same,Above,Same,24834,Average,Average,16599,Average,Average,17956,Average,Average,27197,Average,Higher
Hospital 3191,Alliance,Unknown,3,Same,Same,Same,Same,Same,Same,Below,0,Unknown,Unknown,17389,Average,Average,18959,Average,Higher,18680,Average,Lower
Hospital 3192,Hamilton,Private,3,Same,Above,Same,Same,Same,Above,Same,23302,Average,Average,17223,Average,Average,18607,Average,Average,23221,Average,Average
Hospital 3193,Dayton,Unknown,4,Above,Above,Below,Above,Same,Same,Above,24054,Average,Average,16783,Average,Average,17612,Average,Average,22856,Average,Average
Hospital 3194,Cincinnati,Church,4,Same,Same,Above,Above,Same,Same,Above,23320,Average,Average,17690,Average,Average,18071,Average,Average,20551,Average,Lower
Hospital 3195,Cleveland,Private,4,Above,Above,Below,Above,Same,Below,Above,25638,Average,Average,16796,Better,Average,16085,Average,Lower,21118,Average,Lower
Hospital 3196,Youngstown,Proprietary,2,Same,Below,Below,Below,Same,Same,Same,27419,Average,Higher,18235,Average,Average,20752,Average,Higher,24475,Average,Higher
Hospital 3197,Garfield Heights,Private,5,Above,Above,Above,Same,Same,Same,Same,25524,Average,Average,17200,Better,Average,18873,Better,Higher,21404,Average,Average
Hospital 3198,Warrensville Heights,Unknown,4,Above,Below,Above,Same,Same,Above,Same,23945,Average,Average,15901,Better,Average,19499,Better,Higher,21932,Average,Average
Hospital 3199,Elyria,Private,4,Above,Above,Below,Below,Same,Same,Above,21560,Average,Lower,17080,Average,Average,18279,Average,Average,22804,Average,Average
Hospital 3200,Marietta,Unknown,3,Same,Above,Below,Same,Same,Same,Same,23196,Average,Average,16884,Average,Average,19128,Average,Higher,0,Unknown,Unknown
Hospital 3201,Millersburg,Government,4,Same,Same,Above,Above,Same,Above,Same,0,Unknown,Unknown,16407,Average,Average,15263,Average,Lower,22145,Average,Average
Hospital 3202,Cuyahoga Falls,Unknown,3,Same,Below,Below,Above,Same,Same,Same,0,Unknown,Unknown,16966,Average,Average,17683,Average,Average,22944,Average,Average
Hospital 3203,Columbus,Church,3,Above,Above,Below,Below,Same,Same,Same,23847,Average,Average,16687,Average,Average,17315,Average,Average,25071,Average,Higher
Hospital 3204,Bellaire,Private,-1,None,None,None,None,Same,Above,None,0,Unknown,Unknown,0,Unknown,Unknown,0,Unknown,Unknown,0,Unknown,Unknown
Hospital 3205,Middleburg Heights,Private,5,Above,Above,Above,Above,Same,Same,Same,22501,Average,Average,16737,Better,Average,16709,Better,Average,18860,Average,Lower
Hospital 3206,Fremont,Unknown,4,Same,Same,Above,Same,Same,Above,Same,0,Unknown,Unknown,16213,Average,Average,16792,Average,Average,23493,Average,Average
Hospital 3207,Chillicothe,Private,4,Same,Above,Above,Same,Same,Same,Above,22854,Average,Average,16461,Average,Average,17590,Average,Average,26668,Average,Higher
Hospital 3208,Warren,Church,4,Same,Above,Above,Same,Same,Below,Same,24457,Average,Average,16345,Average,Average,20080,Average,Higher,26049,Average,Higher
Hospital 3209,Cincinnati,Private,5,Same,Above,Above,Above,Same,Below,Same,24613,Average,Average,19111,Average,Higher,18570,Average,Higher,19230,Better,Lower
Hospital 3210,Circleville,Government,3,Same,Below,Above,Same,Same,Same,Same,0,Unknown,Unknown,17455,Average,Average,18403,Average,Average,22416,Average,Average
Hospital 3211,Lorain,Private,4,Above,Above,Same,Same,Same,Above,Same,23877,Better,Average,18534,Better,Higher,19419,Average,Higher,26887,Average,Higher
Hospital 3212,Troy,Private,2,Same,Above,Below,Below,Above,Above,Same,23126,Average,Average,18163,Worse,Higher,18663,Average,Higher,25719,Average,Higher
Hospital 3213,Wilmington,Government,2,Same,Above,Below,Below,Same,Same,Same,0,Unknown,Unknown,17487,Average,Average,17731,Average,Average,21541,Average,Average
Hospital 3214,Cincinnati,Church,3,Same,Below,Above,Same,Same,Same,Same,25190,Average,Average,17753,Average,Higher,18343,Average,Higher,22866,Average,Higher
Hospital 3215,Cleveland,Private,5,Above,Above,Below,Above,Same,Same,Above,24524,Better,Average,16041,Better,Average,16814,Better,Average,22085,Average,Average
Hospital 3216,Salem,Private,3,Below,Above,Above,Below,Same,Same,Below,26635,Average,Average,18055,Average,Average,16444,Average,Average,19765,Average,Lower
Hospital 3217,London,Private,3,Same,None,Below,Same,Below,Above,None,0,Unknown,Unknown,14915,Average,Average,14564,Average,Lower,0,Unknown,Unknown
Hospital 3218,Chardon,Private,4,Same,Above,Below,Above,Same,Same,Same,25889,Average,Average,17345,Average,Average,18619,Average,Higher,20008,Average,Lower
Hospital 3219,Bellefontaine,Private,3,Same,Same,Same,Same,Same,Same,Same,0,Unknown,Unknown,17336,Average,Average,18807,Average,Average,24353,Average,Higher
Hospital 3220,Cambridge,Private,3,Same,Above,Below,Above,Same,Above,Same,23528,Average,Average,16169,Average,Average,16848,Average,Average,22353,Average,Average
Hospital 3221,Delaware,Private,5,Same,Above,Above,Above,Same,Above,Same,0,Unknown,Unknown,16828,Average,Average,15281,Average,Lower,25336,Average,Higher
Hospital 3222,Steubenville,Unknown,3,Above,Same,Below,Same,Same,Same,Same,25515,Average,Average,19831,Average,Higher,19949,Average,Higher,25737,Average,Higher
Hospital 3223,Newark,Private,3,Same,Below,Above,Same,Same,Same,Above,21276,Average,Lower,16102,Average,Average,17259,Average,Average,23446,Average,Average
Hospital 3224,Mayfield Heights,Private,5,Above,Above,Below,Same,Same,Same,Above,23449,Average,Average,15714,Better,Lower,16598,Better,Lower,21357,Average,Average
Hospital 3225,Cincinnati,Private,4,Same,Above,Above,Same,Above,Same,Same,25749,Average,Average,17795,Average,Higher,19849,Average,Higher,23855,Average,Higher
Hospital 3226,Batavia,Church,4,Same,Above,Below,Same,Same,Same,Same,24160,Average,Average,16279,Average,Average,19023,Average,Higher,24163,Average,Higher
Hospital 3227,Miamisburg,Church,4,Same,Above,Above,Above,Same,Above,Same,25102,Average,Average,16784,Average,Average,16346,Average,Average,21903,Average,Average
Hospital 3228,Rock Creek,Private,-1,None,None,None,None,None,None,None,0,Unknown,Unknown,0,Unknown,Unknown,0,Unknown,Unknown,0,Unknown,Unknown
Hospital 3229,Columbus,Proprietary,-1,None,None,None,None,None,None,None,0,Unknown,Unknown,0,Unknown,Unknown,0,Unknown,Unknown,0,Unknown,Unknown
Hospital 3230,Oregon,Unknown,4,Same,Same,Above,Same,Same,Above,Same,0,Unknown,Unknown,16814,Average,Average,17202,Average,Average,20076,Average,Lower
Hospital 3231,Proctorville,Proprietary,-1,None,None,None,None,None,None,None,0,Unknown,Unknown,0,Unknown,Unknown,0,Unknown,Unknown,0,Unknown,Unknown
Hospital 3232,Toledo,Church,5,Above,Above,Above,Above,Same,Same,Above,25871,Average,Average,17112,Average,Average,18281,Average,Average,23592,Average,Average
Hospital 3233,Lima,Proprietary,-1,None,None,None,Above,None,None,None,0,Unknown,Unknown,0,Unknown,Unknown,0,Unknown,Unknown,20497,Average,Lower
Hospital 3234,New Albany,Proprietary,-1,None,Above,None,Above,None,None,None,0,Unknown,Unknown,0,Unknown,Unknown,0,Unknown,Unknown,18494,Better,Lower
Hospital 3235,Defiance,Proprietary,5,Same,Above,Above,Above,Same,Above,Same,0,Unknown,Unknown,18164,Average,Average,16860,Average,Average,23941,Average,Average
Hospital 3236,Dayton,Government,-1,None,None,None,Above,Below,None,None,0,Unknown,Unknown,0,Unknown,Unknown,0,Unknown,Unknown,23863,Average,Higher
Hospital 3237,Boardman,Church,3,Above,Same,Below,Same,Same,Same,Same,23251,Average,Average,16966,Average,Average,19491,Average,Higher,21797,Average,Average
Hospital 3238,Dublin,Private,3,Same,Below,Same,Above,Same,Above,Below,0,Unknown,Unknown,18405,Average,Average,16350,Average,Average,18871,Average,Lower
Hospital 3239,Akron,Proprietary,-1,None,Above,None,Above,None,None,None,0,Unknown,Unknown,0,Unknown,Unknown,0,Unknown,Unknown,20299,Average,Lower
Hospital 3240,Youngstown,Proprietary,5,None,Above,Above,Above,Same,None,Same,0,Unknown,Unknown,0,Unknown,Unknown,0,Unknown,Unknown,20618,Average,Lower
Hospital 3241,West Chester,Private,4,Same,Same,Above,Same,Same,Below,Same,24371,Average,Average,17749,Average,Average,18674,Average,Higher,22843,Average,Average
Hospital 3242,Springfield,Private,4,None,None,Below,Above,Same,None,None,0,Unknown,Unknown,0,Unknown,Unknown,0,Unknown,Unknown,23530,Average,Higher
Hospital 3243,Canal Winchester,Private,-1,None,None,None,None,Same,Same,None,0,Unknown,Unknown,0,Unknown,Unknown,0,Unknown,Unknown,0,Unknown,Unknown
Hospital 3244,Beachwood,Private,4,Above,Above,Below,Same,Same,Below,Same,22052,Average,Average,16066,Better,Average,17254,Better,Average,21051,Average,Lower
Hospital 3245,Beaver Creek,Private,4,Same,Above,Below,Above,Same,Same,Same,24466,Average,Average,17810,Average,Average,19336,Average,Higher,21061,Average,Average
Hospital 3246,Portsmouth,Private,3,None,None,Same,None,Same,Same,Below,0,Unknown,Unknown,0,Unknown,Unknown,0,Unknown,Unknown,28041,Average,Higher
Hospital 3247,Cincinnati,Private,5,None,None,Above,Above,Same,None,None,0,Unknown,Unknown,0,Unknown,Unknown,0,Unknown,Unknown,20475,Average,Lower
Hospital 3248,Avon,Private,4,Same,Above,Below,Above,Same,Above,None,0,Unknown,Unknown,16811,Average,Average,15493,Average,Average,17413,Average,Lower
Hospital 3249,Ontario,Private,-1,None,None,None,None,Below,Above,Same,0,Unknown,Unknown,0,Unknown,Unknown,0,Unknown,Unknown,0,Unknown,Unknown
Hospital 3250,Paulding,Government,3,Same,None,Same,None,None,None,Same,0,Unknown,Unknown,16677,Average,Average,17139,Average,Average,0,Unknown,Unknown
Hospital 3251,Hicksville,Government,3,None,None,Same,Above,Same,Same,None,0,Unknown,Unknown,0,Unknown,Unknown,15860,Average,Average,20499,Average,Average
Hospital 3252,Dennison,Church,3,Same,None,Same,None,None,None,Same,0,Unknown,Unknown,0,Unknown,Unknown,15399,Average,Average,0,Unknown,Unknown
Hospital 3253,Lodi,Private,-1,None,None,None,None,Same,Same,None,0,Unknown,Unknown,0,Unknown,Unknown,0,Unknown,Unknown,0,Unknown,Unknown
Hospital 3254,Greenfield,Private,-1,None,None,None,None,Same,Above,Same,0,Unknown,Unknown,0,Unknown,Unknown,0,Unknown,Unknown,0,Unknown,Unknown
Hospital 3255,Oberlin,Private,3,Same,None,Same,None,None,None,Same,0,Unknown,Unknown,18679,Average,Average,17221,Average,Average,0,Unknown,Unknown
Hospital 3256,Geneva,Private,5,Above,None,Same,Above,Same,None,Above,0,Unknown,Unknown,17281,Average,Average,19766,Better,Higher,25411,Average,Higher
Hospital 3257,Conneaut,Unknown,4,Same,None,Same,Above,Same,Same,None,0,Unknown,Unknown,17930,Average,Average,0,Unknown,Unknown,20744,Average,Average
Hospital 3258,Napoleon,Private,4,Same,None,Above,Above,Same,Above,Same,0,Unknown,Unknown,16594,Average,Average,15850,Average,Average,31704,Average,Higher
Hospital 3259,Willard,Private,5,Same,None,Above,Above,Same,Above,Same,0,Unknown,Unknown,16365,Average,Average,17068,Average,Average,24271,Average,Average
Hospital 3260,Cadiz,Private,3,None,None,Same,None,Same,Same,Same,0,Unknown,Unknown,0,Unknown,Unknown,20559,Average,Average,0,Unknown,Unknown
Hospital 3261,Urbana,Private,3,Same,None,Above,Same,Same,Above,Same,0,Unknown,Unknown,17387,Average,Average,18822,Average,Average,0,Unknown,Unknown
Hospital 3262,Mount Gilead,Government,3,Same,None,Above,Same,Below,Above,Same,0,Unknown,Unknown,16931,Average,Average,17136,Average,Average,0,Unknown,Unknown
Hospital 3263,Port Clinton,Private,4,Same,None,Same,Above,Same,Above,Same,0,Unknown,Unknown,16749,Average,Average,17473,Average,Average,21491,Average,Average
Hospital 3264,Kenton,Private,4,Same,None,Below,Above,None,None,None,0,Unknown,Unknown,15598,Average,Average,14425,Average,Lower,0,Unknown,Unknown
Hospital 3265,Bucyrus,Unknown,4,Same,None,Above,Same,None,None,None,0,Unknown,Unknown,16109,Average,Average,17608,Average,Average,24400,Average,Higher
Hospital 3266,Fostoria,Private,3,Same,None,Above,None,Same,None,Same,0,Unknown,Unknown,16396,Average,Average,15134,Average,Lower,24233,Average,Higher
Hospital 3267,Marietta,Private,-1,None,None,Above,Above,None,None,None,0,Unknown,Unknown,0,Unknown,Unknown,12516,Average,Lower,21254,Average,Lower
Hospital 3268,Jackson,Private,3,Same,None,Same,None,Same,Above,Same,0,Unknown,Unknown,15430,Average,Average,14872,Average,Lower,22207,Average,Average
Hospital 3269,Barnesville,Private,4,Same,None,Above,Same,None,None,None,0,Unknown,Unknown,15790,Average,Average,15046,Average,Lower,0,Unknown,Unknown
Hospital 3270,Bluffton,Private,-1,None,None,None,None,Same,Same,None,0,Unknown,Unknown,0,Unknown,Unknown,0,Unknown,Unknown,0,Unknown,Unknown
Hospital 3271,Orrville,Private,4,Same,None,Above,Same,Same,Above,None,0,Unknown,Unknown,16500,Average,Average,16536,Average,Average,0,Unknown,Unknown
Hospital 3272,Shelby,Private,4,Same,None,Same,Above,None,None,None,0,Unknown,Unknown,15170,Average,Average,14169,Average,Lower,21756,Average,Average
Hospital 3273,Galion,Church,3,Same,None,Above,Above,Same,Same,Same,0,Unknown,Unknown,16550,Average,Average,16684,Average,Average,22538,Average,Average
Hospital 3274,Seaman,Government,2,Same,None,Same,Below,Below,Same,Below,0,Unknown,Unknown,14930,Average,Average,16633,Average,Average,0,Unknown,Unknown
Hospital 3275,Montpelier,Private,-1,None,None,None,None,None,Above,None,0,Unknown,Unknown,0,Unknown,Unknown,0,Unknown,Unknown,0,Unknown,Unknown
Hospital 3276,Defiance,Private,4,Same,None,Above,Above,None,None,None,0,Unknown,Unknown,17416,Average,Average,16782,Average,Average,24400,Average,Higher
Hospital 3277,Upper Sandusky,Government,4,None,None,Above,Same,None,None,Same,0,Unknown,Unknown,0,Unknown,Unknown,16100,Average,Average,27748,Average,Higher
Hospital 3278,Logan,Unknown,3,Same,None,Same,Same,None,None,Same,0,Unknown,Unknown,15796,Average,Average,18751,Average,Average,0,Unknown,Unknown
Hospital 3279,Washington Ch,Government,3,Same,None,Above,Same,Same,Same,Same,0,Unknown,Unknown,17837,Average,Average,16743,Average,Average,0,Unknown,Unknown
Hospital 3280,Hillsboro,Government,3,Same,None,Same,Same,Same,Same,Same,24709,Average,Average,15096,Average,Average,17348,Average,Average,0,Unknown,Unknown
Hospital 3281,Wauseon,Private,4,Same,None,Above,Above,Same,Above,Below,0,Unknown,Unknown,16793,Average,Average,16972,Average,Average,19938,Average,Lower
Hospital 3282,Waverly,Private,5,None,None,Above,None,Same,Above,Same,0,Unknown,Unknown,0,Unknown,Unknown,15713,Average,Average,0,Unknown,Unknown
Hospital 3283,Cincinnati,Private,-1,None,None,None,None,None,None,None,0,Unknown,Unknown,0,Unknown,Unknown,0,Unknown,Unknown,0,Unknown,Unknown
Hospital 3284,Cleveland,Unknown,-1,None,None,None,None,None,None,None,0,Unknown,Unknown,0,Unknown,Unknown,0,Unknown,Unknown,0,Unknown,Unknown
Hospital 3285,Akron,Private,-1,None,None,None,None,None,None,None,0,Unknown,Unknown,0,Unknown,Unknown,0,Unknown,Unknown,0,Unknown,Unknown
Hospital 3286,Cleveland,Private,-1,None,None,None,None,None,None,None,0,Unknown,Unknown,0,Unknown,Unknown,0,Unknown,Unknown,0,Unknown,Unknown
Hospital 3287,Columbus,Private,-1,None,None,None,None,None,None,None,0,Unknown,Unknown,0,Unknown,Unknown,0,Unknown,Unknown,0,Unknown,Unknown
Hospital 3288,Dayton,Private,-1,None,None,None,None,None,None,None,0,Unknown,Unknown,0,Unknown,Unknown,0,Unknown,Unknown,0,Unknown,Unknown
Hospital 3289,Cincinnati,Private,-1,None,None,None,None,None,None,None,0,Unknown,Unknown,0,Unknown,Unknown,0,Unknown,Unknown,0,Unknown,Unknown
Hospital 3290,Tulsa,Proprietary,1,Same,Below,Below,Below,Below,Below,Same,22578,Average,Average,17826,Average,Higher,17901,Average,Average,19105,Average,Lower
Hospital 3291,Woodward,Proprietary,3,Same,Above,Same,Same,Same,Above,Below,0,Unknown,Unknown,16329,Average,Average,16587,Average,Average,22416,Average,Average
Hospital 3292,Miami,Private,2,Same,Same,Same,Same,Same,Above,Same,23665,Average,Average,16153,Average,Average,16343,Worse,Average,23615,Average,Average
Hospital 3293,Ponca City,Proprietary,3,Same,Above,Same,Same,Same,Above,Same,22705,Average,Average,15292,Average,Average,15561,Average,Lower,21262,Average,Average
Hospital 3294,Norman,Government,3,Below,Above,Above,Same,Same,Same,Same,22131,Average,Average,15954,Average,Average,18111,Average,Average,20781,Average,Lower
Hospital 3295,El Reno,Church,4,Same,None,Same,None,Same,Above,None,0,Unknown,Unknown,15872,Average,Average,16144,Average,Average,0,Unknown,Unknown
Hospital 3296,Oklahoma City,Church,3,Below,Above,Above,Same,Same,Above,Below,0,Unknown,Unknown,18166,Worse,Average,20409,Average,Higher,22309,Average,Average
Hospital 3297,Durant,Proprietary,2,Above,Above,Below,Below,Same,Same,Below,22573,Average,Average,14928,Average,Lower,16509,Average,Lower,26213,Average,Higher
Hospital 3298,Pryor,Proprietary,4,Same,None,Same,Above,Same,Above,Same,0,Unknown,Unknown,17150,Average,Average,15151,Average,Lower,18186,Average,Lower
Hospital 3299,Enid,Private,4,Same,Above,Above,Same,Same,Above,Below,23931,Average,Average,15982,Average,Average,16299,Average,Average,20484,Average,Average
Hospital 3300,Bartlesville,Private,3,Below,Above,Above,Above,Below,Same,Same,22473,Average,Average,16535,Worse,Average,17781,Worse,Average,26532,Average,Higher
Hospital 3301,Elk City,Private,3,Same,Below,Above,Above,Same,Above,Same,0,Unknown,Unknown,16177,Average,Average,17711,Average,Average,26264,Average,Higher
Hospital 3302,Ada,Private,2,Same,Below,Below,Same,Same,Same,Same,0,Unknown,Unknown,15935,Average,Average,19136,Worse,Higher,21225,Average,Average
Hospital 3303,Altus,Government,2,Same,Below,Below,Above,Same,Above,Below,0,Unknown,Unknown,14965,Average,Lower,16902,Worse,Average,21154,Average,Average
Hospital 3304,Duncan,Private,3,Below,Above,Above,Above,Same,Above,Same,24414,Average,Average,16775,Worse,Average,16313,Worse,Lower,19332,Average,Lower
Hospital 3305,Muskogee,Proprietary,2,Same,Above,Above,Below,Same,Same,Below,24720,Average,Average,17135,Average,Average,21667,Average,Higher,23280,Average,Higher
Hospital 3306,Enid,Proprietary,5,Same,Above,Above,Above,Same,Above,Same,26048,Average,Average,17673,Average,Average,16254,Average,Lower,17973,Average,Lower
Hospital 3307,Oklahoma City,Private,4,Same,Below,Above,Above,Same,Same,Same,24200,Average,Average,19339,Average,Higher,17562,Average,Average,23111,Average,Higher
Hospital 3308,Clinton,Unknown,4,Same,None,Above,Same,Same,Above,None,0,Unknown,Unknown,15564,Average,Average,15062,Average,Lower,0,Unknown,Unknown
Hospital 3309,Blackwell,Private,3,Same,None,Same,None,Same,Above,Same,0,Unknown,Unknown,17529,Average,Average,14273,Average,Lower,0,Unknown,Unknown
Hospital 3310,Oklahoma City,Proprietary,1,Same,Below,Below,Below,Same,Same,Same,24588,Average,Average,18094,Average,Average,19745,Average,Higher,22135,Average,Average
Hospital 3311,Mcalester,Unknown,2,Same,Above,Below,Below,Above,Above,Below,24266,Average,Average,16477,Average,Average,18181,Average,Average,20824,Average,Lower
Hospital 3312,Oklahoma City,Private,3,Same,Above,Below,Same,Same,Same,Above,25474,Average,Average,17021,Average,Average,17996,Average,Average,22056,Average,Average
Hospital 3313,Claremore,Proprietary,4,Same,Above,Above,Same,Same,Above,Same,24729,Average,Average,15272,Average,Average,17102,Average,Average,21508,Average,Average
Hospital 3314,Bristow,Government,3,None,None,Same,None,Below,Above,None,0,Unknown,Unknown,0,Unknown,Unknown,15027,Average,Lower,26902,Average,Higher
Hospital 3315,Ardmore,Private,4,Same,Above,Above,Same,Same,Above,Below,23279,Average,Average,17628,Average,Average,18848,Average,Higher,21918,Average,Average
Hospital 3316,Idabel,Private,2,Same,None,Same,None,Below,Below,Below,0,Unknown,Unknown,15893,Average,Average,13640,Average,Lower,0,Unknown,Unknown
Hospital 3317,Stillwater,Unknown,4,Same,Above,Above,Above,Same,Above,Below,24397,Average,Average,16361,Average,Average,17774,Average,Average,18839,Average,Lower
Hospital 3318,Chickasha,Government,4,Same,None,Above,Same,Same,Above,Same,0,Unknown,Unknown,15904,Average,Average,18387,Average,Average,0,Unknown,Unknown
Hospital 3319,Lawton,Government,1,Below,Below,Above,Below,Same,Same,Above,23994,Average,Average,15910,Average,Average,17971,Worse,Average,25016,Average,Higher
Hospital 3320,Okmulgee,Unknown,3,Same,None,Same,None,Same,Above,Below,0,Unknown,Unknown,16193,Average,Average,16810,Average,Average,0,Unknown,Unknown
Hospital 3321,Wilburton,Government,-1,None,None,None,None,Same,Above,None,0,Unknown,Unknown,0,Unknown,Unknown,16145,Average,Average,0,Unknown,Unknown
Hospital 3322,Tulsa,Government,2,Same,Above,Below,Below,Same,Above,Same,24610,Average,Average,15870,Average,Average,17679,Average,Average,23311,Average,Average
Hospital 3323,Antlers,Government,3,Same,None,Below,None,Same,Above,None,0,Unknown,Unknown,14837,Average,Average,13193,Average,Lower,0,Unknown,Unknown
Hospital 3324,Tahlequah,Government,2,Same,Below,Same,Same,Same,Same,Below,22217,Average,Average,14001,Average,Lower,15988,Average,Lower,22134,Average,Average
Hospital 3325,Tulsa,Private,4,Above,Above,Above,Above,Same,Same,Below,22320,Average,Lower,16924,Average,Average,18598,Average,Higher,20315,Average,Lower
Hospital 3326,Oklahoma City,Private,1,Same,Below,Below,Below,Same,Below,Below,24396,Average,Average,15218,Average,Lower,18211,Average,Average,25109,Average,Higher
Hospital 3327,Midwest City,Proprietary,1,Same,Below,Below,Below,Same,Above,Below,23076,Average,Average,16713,Average,Average,17126,Average,Average,23037,Average,Average
Hospital 3328,Lawton,Proprietary,2,Same,Same,Below,Same,Same,Same,Same,0,Unknown,Unknown,15516,Average,Average,19615,Average,Higher,22328,Average,Average
Hospital 3329,Cushing,Proprietary,3,Same,None,Same,Same,Same,Above,Below,0,Unknown,Unknown,17022,Average,Average,13961,Average,Lower,0,Unknown,Unknown
Hospital 3330,Hugo,Government,2,Same,None,Same,Below,Below,Same,Same,0,Unknown,Unknown,14750,Average,Lower,14633,Average,Lower,0,Unknown,Unknown
Hospital 3331,Oklahoma City,Private,2,Same,Below,Above,Below,Same,Above,Below,24892,Average,Average,15796,Average,Average,17660,Average,Average,25740,Average,Higher
Hospital 3332,Sallisaw,Government,4,Same,None,Above,None,Same,Above,None,0,Unknown,Unknown,0,Unknown,Unknown,17614,Average,Average,0,Unknown,Unknown
Hospital 3333,Grove,Private,3,Same,Above,Below,Above,Same,Above,Same,25349,Average,Average,16907,Average,Average,17074,Average,Average,21009,Average,Average
Hospital 3334,Tulsa,Private,2,Below,Below,Above,Same,Below,Same,Same,23813,Average,Average,15543,Average,Lower,17731,Average,Average,0,Unknown,Unknown
Hospital 3335,Perry,Government,3,Same,None,Above,None,Same,Above,None,0,Unknown,Unknown,16714,Average,Average,16258,Average,Average,0,Unknown,Unknown
Hospital 3336,Shawnee,Private,2,Below,Same,Below,Above,Above,Above,Below,24133,Average,Average,17476,Average,Average,19438,Average,Higher,23203,Average,Average
Hospital 3337,Hobart,Government,3,Same,None,Same,None,Same,Above,None,0,Unknown,Unknown,16079,Average,Average,19256,Average,Average,24376,Average,Average
Hospital 3338,Pauls Valley,Government,4,Same,None,Above,None,Same,Above,Same,0,Unknown,Unknown,15533,Average,Average,14443,Average,Lower,0,Unknown,Unknown
Hospital 3339,Purcell,Government,3,Same,None,Same,Same,Below,Above,Same,0,Unknown,Unknown,13952,Average,Lower,13988,Average,Lower,0,Unknown,Unknown
Hospital 3340,Wagoner,Government,2,Same,None,Same,Below,Below,Above,Same,0,Unknown,Unknown,15011,Average,Average,15482,Average,Average,0,Unknown,Unknown
Hospital 3341,Lawton,Government,-1,None,None,None,None,None,None,None,0,Unknown,Unknown,0,Unknown,Unknown,0,Unknown,Unknown,0,Unknown,Unknown
Hospital 3342,Tahlequah,Unknown,4,Same,None,Above,Same,Same,None,None,0,Unknown,Unknown,13881,Average,Lower,15692,Average,Average,0,Unknown,Unknown
Hospital 3343,Talihina,Unknown,4,None,None,Same,Above,Same,None,None,0,Unknown,Unknown,0,Unknown,Unknown,11443,Average,Lower,0,Unknown,Unknown
Hospital 3344,Claremore,Unknown,-1,None,None,None,None,Same,None,None,0,Unknown,Unknown,14536,Average,Average,0,Unknown,Unknown,0,Unknown,Unknown
Hospital 3345,Stilwell,Private,5,Same,None,Above,Same,Same,Above,None,0,Unknown,Unknown,12865,Average,Lower,14036,Better,Lower,0,Unknown,Unknown
Hospital 3346,Ada,Unknown,4,Same,Same,Same,Above,Same,None,None,0,Unknown,Unknown,14837,Average,Average,14730,Average,Lower,18659,Average,Lower
Hospital 3347,Henryetta,Proprietary,3,Same,None,Same,None,Same,Above,Same,0,Unknown,Unknown,15498,Average,Average,14153,Average,Lower,0,Unknown,Unknown
Hospital 3348,Tulsa,Proprietary,4,None,Same,None,Above,Same,None,None,0,Unknown,Unknown,0,Unknown,Unknown,0,Unknown,Unknown,0,Unknown,Unknown
Hospital 3349,Oklahoma City,Unknown,-1,None,None,None,None,None,None,None,0,Unknown,Unknown,0,Unknown,Unknown,0,Unknown,Unknown,21994,Average,Average
Hospital 3350,Oklahoma City,Unknown,-1,None,None,None,Above,Same,None,None,0,Unknown,Unknown,0,Unknown,Unknown,0,Unknown,Unknown,0,Unknown,Unknown
Hospital 3351,Oklahoma City,Proprietary,-1,None,None,None,None,None,None,None,0,Unknown,Unknown,0,Unknown,Unknown,0,Unknown,Unknown,0,Unknown,Unknown
Hospital 3352,Tulsa,Proprietary,2,Above,Below,Above,Below,Below,Below,Below,22668,Average,Average,16915,Better,Average,16057,Average,Lower,21987,Average,Average
Hospital 3353,Oklahoma City,Unknown,5,None,None,Above,Above,Same,Same,Below,0,Unknown,Unknown,0,Unknown,Unknown,0,Unknown,Unknown,21887,Average,Average
Hospital 3354,Oklahoma City,Unknown,-1,None,None,None,Above,Same,None,None,0,Unknown,Unknown,0,Unknown,Unknown,0,Unknown,Unknown,0,Unknown,Unknown
Hospital 3355,Tulsa,Unknown,5,None,Above,Above,Above,Same,None,None,0,Unknown,Unknown,0,Unknown,Unknown,0,Unknown,Unknown,19101,Average,Lower
Hospital 3356,Yukon,Private,2,Same,Below,Below,Same,Same,Above,Same,0,Unknown,Unknown,16249,Average,Average,17260,Average,Average,24286,Average,Higher
Hospital 3357,Oklahoma City,Proprietary,4,None,None,Below,Above,Same,None,None,0,Unknown,Unknown,0,Unknown,Unknown,0,Unknown,Unknown,21848,Average,Average
Hospital 3358,Lindsay,Government,-1,None,None,None,None,None,None,None,0,Unknown,Unknown,0,Unknown,Unknown,0,Unknown,Unknown,0,Unknown,Unknown
Hospital 3359,Oklahoma City,Unknown,5,Above,Above,Above,Above,Same,Above,Same,23281,Average,Average,16268,Average,Average,17219,Average,Average,0,Unknown,Unknown
Hospital 3360,Tulsa,Unknown,-1,None,None,None,Above,Same,None,None,0,Unknown,Unknown,0,Unknown,Unknown,0,Unknown,Unknown,0,Unknown,Unknown
Hospital 3361,Tulsa,Private,4,Same,Same,Above,Above,Same,Same,Same,23329,Average,Average,16245,Average,Average,18792,Average,Higher,21059,Average,Average
Hospital 3362,Oklahoma City,Unknown,-1,None,None,None,None,None,None,None,0,Unknown,Unknown,0,Unknown,Unknown,0,Unknown,Unknown,23567,Average,Average
Hospital 3363,Oklahoma City,Unknown,5,None,Above,None,Above,Same,Above,None,0,Unknown,Unknown,0,Unknown,Unknown,0,Unknown,Unknown,20046,Average,Lower
Hospital 3364,Edmond,Unknown,-1,None,None,None,None,Same,None,None,0,Unknown,Unknown,0,Unknown,Unknown,0,Unknown,Unknown,0,Unknown,Unknown
Hospital 3365,Owasso,Private,4,Same,None,Above,Above,Same,Above,Same,0,Unknown,Unknown,15026,Average,Average,15933,Average,Lower,20625,Average,Average
Hospital 3366,Owasso,Proprietary,4,None,Above,Same,Above,Same,Same,Same,0,Unknown,Unknown,0,Unknown,Unknown,15632,Average,Average,20881,Average,Average
Hospital 3367,Seminole,Proprietary,3,Same,None,Below,None,Same,Above,None,0,Unknown,Unknown,16537,Average,Average,16718,Average,Average,0,Unknown,Unknown
Hospital 3368,Tulsa,Proprietary,-1,None,None,None,None,None,None,None,0,Unknown,Unknown,0,Unknown,Unknown,0,Unknown,Unknown,0,Unknown,Unknown
Hospital 3369,Oklahoma City,Unknown,5,Above,Below,Above,Above,Same,Above,Same,22423,Average,Average,16659,Average,Average,18334,Average,Average,0,Unknown,Unknown
Hospital 3370,Broken Arrow,Private,5,Same,Above,Above,Above,Same,Same,Same,0,Unknown,Unknown,15184,Average,Average,17171,Average,Average,21031,Average,Lower
Hospital 3371,Edmond,Private,3,Same,Same,Below,Above,Same,Above,Same,24942,Average,Average,16269,Average,Average,17898,Average,Average,22573,Worse,Average
Hospital 3372,Vinita,Private,-1,None,None,None,None,Same,Above,None,0,Unknown,Unknown,0,Unknown,Unknown,0,Unknown,Unknown,0,Unknown,Unknown
Hospital 3373,Atoka,Government,-1,Same,None,Same,None,None,None,None,0,Unknown,Unknown,17096,Average,Average,16985,Average,Average,0,Unknown,Unknown
Hospital 3374,Prague,Proprietary,-1,None,None,None,None,None,None,None,0,Unknown,Unknown,0,Unknown,Unknown,15207,Average,Average,0,Unknown,Unknown
Hospital 3375,Watonga,Church,-1,None,None,None,None,Same,Same,None,0,Unknown,Unknown,0,Unknown,Unknown,20660,Average,Higher,0,Unknown,Unknown
Hospital 3376,Cheyenne,Government,-1,None,None,None,None,None,None,None,0,Unknown,Unknown,0,Unknown,Unknown,0,Unknown,Unknown,0,Unknown,Unknown
Hospital 3377,Tishomingo,Church,3,None,None,Same,None,Same,Above,None,0,Unknown,Unknown,0,Unknown,Unknown,16424,Average,Average,0,Unknown,Unknown
Hospital 3378,Nowata,Private,-1,None,None,None,None,None,None,None,0,Unknown,Unknown,0,Unknown,Unknown,20375,Average,Average,0,Unknown,Unknown
Hospital 3379,Marietta,Government,4,None,None,Same,None,Same,Same,None,0,Unknown,Unknown,0,Unknown,Unknown,27126,Average,Higher,0,Unknown,Unknown
Hospital 3380,Boise City,Government,-1,None,None,None,None,None,None,None,0,Unknown,Unknown,0,Unknown,Unknown,0,Unknown,Unknown,0,Unknown,Unknown
Hospital 3381,Pawhuska,Government,-1,None,None,None,None,None,None,None,0,Unknown,Unknown,0,Unknown,Unknown,0,Unknown,Unknown,0,Unknown,Unknown
Hospital 3382,Healdton,Private,-1,None,None,None,None,Same,Same,None,0,Unknown,Unknown,0,Unknown,Unknown,19322,Average,Average,0,Unknown,Unknown
Hospital 3383,Waurika,Government,-1,None,None,None,None,Same,Same,None,0,Unknown,Unknown,0,Unknown,Unknown,0,Unknown,Unknown,0,Unknown,Unknown
Hospital 3384,Sapulpa,Private,4,None,None,Same,None,Same,Above,None,0,Unknown,Unknown,0,Unknown,Unknown,15838,Average,Average,0,Unknown,Unknown
Hospital 3385,Kingfisher,Private,4,Same,None,Same,None,Same,Above,None,0,Unknown,Unknown,17344,Average,Average,16906,Average,Average,0,Unknown,Unknown
Hospital 3386,Anadarko,Private,-1,None,None,Same,None,None,None,None,0,Unknown,Unknown,0,Unknown,Unknown,22640,Average,Higher,0,Unknown,Unknown
Hospital 3387,Stroud,Private,-1,None,None,None,None,Same,Above,None,0,Unknown,Unknown,0,Unknown,Unknown,18282,Average,Average,0,Unknown,Unknown
Hospital 3388,Guthrie,Private,4,Same,None,Above,None,Same,Above,Same,0,Unknown,Unknown,18013,Average,Average,20559,Average,Higher,0,Unknown,Unknown
Hospital 3389,Fairfax,Proprietary,3,None,None,Same,None,Same,None,Same,0,Unknown,Unknown,0,Unknown,Unknown,20198,Average,Average,0,Unknown,Unknown
Hospital 3390,Coalgate,Private,2,Same,None,Below,None,None,None,Same,0,Unknown,Unknown,15854,Average,Average,13912,Average,Lower,0,Unknown,Unknown
Hospital 3391,Cleveland,Government,-1,None,None,None,None,Same,Same,None,0,Unknown,Unknown,0,Unknown,Unknown,17488,Average,Average,0,Unknown,Unknown
Hospital 3392,Holdenville,Government,3,Same,None,Same,None,Same,Above,None,0,Unknown,Unknown,14354,Average,Lower,15047,Average,Lower,0,Unknown,Unknown
Hospital 3393,Beaver,Government,-1,None,None,None,None,None,None,None,0,Unknown,Unknown,0,Unknown,Unknown,21236,Average,Higher,0,Unknown,Unknown
Hospital 3394,Weatherford,Government,3,Same,None,Same,None,Same,Same,None,0,Unknown,Unknown,17164,Average,Average,15635,Average,Lower,0,Unknown,Unknown
Hospital 3395,Buffalo,Government,-1,None,None,None,None,None,Same,None,0,Unknown,Unknown,0,Unknown,Unknown,18276,Average,Average,0,Unknown,Unknown
Hospital 3396,Cordell,Government,-1,None,None,None,None,None,None,None,0,Unknown,Unknown,0,Unknown,Unknown,16149,Average,Average,0,Unknown,Unknown
Hospital 3397,Madill,Proprietary,2,Same,None,Below,None,Same,Above,Same,0,Unknown,Unknown,16518,Average,Average,17102,Average,Average,0,Unknown,Unknown
Hospital 3398,Okeene,Government,-1,None,None,None,None,Same,Same,None,0,Unknown,Unknown,0,Unknown,Unknown,19351,Average,Average,0,Unknown,Unknown
Hospital 3399,Sulphur,Government,5,Same,None,Above,Above,None,None,Same,0,Unknown,Unknown,16805,Average,Average,15503,Average,Lower,0,Unknown,Unknown
Hospital 3400,Fairview,Government,-1,None,None,None,None,None,Same,None,0,Unknown,Unknown,0,Unknown,Unknown,21555,Average,Higher,0,Unknown,Unknown
Hospital 3401,Mangum,Proprietary,-1,None,None,Below,None,None,None,None,0,Unknown,Unknown,0,Unknown,Unknown,17175,Average,Average,0,Unknown,Unknown
Hospital 3402,Drumright,Proprietary,-1,None,None,Below,None,None,Above,None,0,Unknown,Unknown,0,Unknown,Unknown,12815,Average,Lower,0,Unknown,Unknown
Hospital 3403,Seiling,Government,-1,None,None,None,None,None,None,None,0,Unknown,Unknown,0,Unknown,Unknown,18331,Average,Average,0,Unknown,Unknown
Hospital 3404,Okemah,Government,3,None,None,Same,None,Same,Above,None,0,Unknown,Unknown,14541,Average,Average,14905,Average,Average,0,Unknown,Unknown
Hospital 3405,Carnegie,Government,-1,None,None,Below,None,None,Above,None,0,Unknown,Unknown,0,Unknown,Unknown,19052,Average,Average,0,Unknown,Unknown
Hospital 3406,Stigler,Proprietary,3,Same,None,Above,None,Same,Same,None,0,Unknown,Unknown,15445,Average,Average,18200,Average,Average,0,Unknown,Unknown
Hospital 3407,Shattuck,Government,-1,None,None,Same,None,None,None,None,0,Unknown,Unknown,0,Unknown,Unknown,0,Unknown,Unknown,0,Unknown,Unknown
Hospital 3408,Poteau,Government,3,None,None,Below,Same,Same,None,None,0,Unknown,Unknown,15610,Average,Average,0,Unknown,Unknown,0,Unknown,Unknown
Hospital 3409,Hollis,Government,-1,None,None,None,None,Same,Above,None,0,Unknown,Unknown,0,Unknown,Unknown,0,Unknown,Unknown,0,Unknown,Unknown
Hospital 3410,Guymon,Government,3,Same,None,Same,None,Same,Above,Same,0,Unknown,Unknown,17185,Average,Average,15418,Average,Lower,0,Unknown,Unknown
Hospital 3411,Alva,Government,-1,None,None,None,None,None,None,None,0,Unknown,Unknown,0,Unknown,Unknown,0,Unknown,Unknown,0,Unknown,Unknown
Hospital 3412,Norman,Government,-1,None,None,None,None,None,None,None,0,Unknown,Unknown,0,Unknown,Unknown,0,Unknown,Unknown,0,Unknown,Unknown
Hospital 3413,The Dalles,Unknown,3,Same,Above,Above,Same,Below,Same,Same,0,Unknown,Unknown,14178,Average,Lower,13650,Worse,Lower,20230,Average,Lower
Hospital 3414,Grants Pass,Unknown,5,Same,Above,Above,Above,Same,Same,Same,20266,Average,Lower,12947,Average,Lower,15791,Average,Lower,16921,Average,Lower
Hospital 3415,Portland,Private,4,Same,Above,Above,Above,Below,Same,Same,22236,Average,Average,16831,Average,Average,15938,Average,Lower,17610,Average,Lower
Hospital 3416,Ashland,Government,4,Same,Above,Same,Above,Same,Above,None,0,Unknown,Unknown,14679,Average,Average,17844,Average,Average,20458,Average,Lower
Hospital 3417,Portland,Private,3,Same,Below,Above,Same,Same,Same,Same,24317,Average,Average,16034,Average,Average,16320,Average,Average,20062,Average,Average
Hospital 3418,Portland,Unknown,5,Same,Above,Above,Above,Same,Below,Below,21312,Average,Lower,17768,Average,Average,16102,Average,Average,19465,Average,Lower
Hospital 3419,Corvallis,Private,4,Below,Above,Above,Same,Same,Same,Same,21435,Average,Lower,14687,Worse,Lower,15908,Average,Lower,18619,Average,Lower
Hospital 3420,Portland,Private,4,Same,Above,Below,Above,Same,Same,Same,22354,Average,Average,16311,Average,Average,15400,Average,Lower,20033,Average,Lower
Hospital 3421,Medford,Private,5,Same,Above,Above,Above,Same,Above,Same,21688,Average,Lower,14830,Average,Lower,15659,Average,Lower,18357,Average,Lower
Hospital 3422,Springfield,Private,3,Below,Above,Above,Below,Same,Below,Same,23597,Average,Average,14871,Worse,Lower,14148,Average,Lower,17999,Average,Lower
Hospital 3423,Hillsboro,Private,4,Same,Above,Above,Below,Same,Same,Same,22747,Average,Average,15402,Average,Average,15905,Average,Average,20487,Average,Average
Hospital 3424,Albany,Church,4,Same,Same,Above,Same,Same,Above,Same,0,Unknown,Unknown,14543,Average,Lower,16002,Average,Average,18134,Average,Lower
Hospital 3425,Gresham,Private,3,Same,Below,Same,Same,Same,Above,Same,24081,Average,Average,15174,Average,Average,15606,Average,Lower,17725,Average,Lower
Hospital 3426,Roseburg,Government,2,Below,Above,Above,Below,Same,Above,Same,23319,Average,Average,14817,Average,Lower,14576,Average,Lower,18206,Average,Lower
Hospital 3427,Silverton,Private,4,None,Above,Same,Above,Same,Same,Same,0,Unknown,Unknown,15719,Average,Average,16788,Average,Average,18288,Average,Lower
Hospital 3428,Eugene,Private,3,None,None,Same,Below,Same,Same,None,0,Unknown,Unknown,15397,Average,Average,16288,Average,Average,0,Unknown,Unknown
Hospital 3429,Newberg,Church,4,Same,Same,Above,Above,Same,Same,Same,21904,Average,Average,14278,Average,Lower,16107,Average,Average,19652,Average,Lower
Hospital 3430,Oregon City,Private,3,Same,Same,Same,Above,Same,Same,Same,21775,Average,Average,15300,Average,Average,16382,Average,Average,20068,Average,Lower
Hospital 3431,Redmond,Private,3,Same,Below,Above,Above,Same,Same,None,0,Unknown,Unknown,15881,Average,Average,15663,Average,Lower,18529,Average,Lower
Hospital 3432,Bend,Private,4,Below,Above,Above,Same,Below,Below,Above,22607,Average,Average,15466,Average,Lower,16652,Average,Average,18006,Average,Lower
Hospital 3433,Klamath Falls,Private,3,Below,Above,Above,Same,Below,Below,Same,24666,Average,Average,14971,Average,Lower,16821,Average,Average,19311,Average,Lower
Hospital 3434,Salem,Unknown,3,Same,Below,Above,Above,Below,Below,Above,23391,Average,Average,16227,Average,Average,17226,Average,Average,17910,Average,Lower
Hospital 3435,Ontario,Church,4,Same,Above,Above,Same,Same,Same,Same,22848,Average,Average,15740,Average,Average,15646,Average,Lower,21617,Average,Average
Hospital 3436,Stayton,Private,3,None,None,Same,Same,Same,Above,None,0,Unknown,Unknown,0,Unknown,Unknown,14939,Average,Lower,0,Unknown,Unknown
Hospital 3437,Portland,Church,3,Same,Below,Above,Above,Same,Same,Same,20978,Average,Lower,15895,Average,Average,16762,Average,Average,19301,Average,Lower
Hospital 3438,Portland,Church,4,Same,Above,Above,Above,Same,Same,Same,20880,Average,Lower,16110,Average,Average,15331,Average,Lower,18478,Average,Lower
Hospital 3439,Mcminnville,Private,4,Same,Above,Same,Above,Same,Above,Same,21630,Average,Average,15196,Average,Average,16789,Average,Average,18479,Average,Lower
Hospital 3440,Medford,Church,4,Same,Above,Above,Above,Same,Same,Same,23611,Average,Average,15192,Average,Lower,15544,Average,Lower,17885,Average,Lower
Hospital 3441,Milwaukie,Church,3,Same,Same,Above,Above,Same,Same,Same,23171,Average,Average,15404,Average,Average,16243,Worse,Average,20023,Average,Lower
Hospital 3442,Tualatin,Private,3,Same,Same,Above,Above,Same,Above,Same,23091,Average,Average,14607,Average,Lower,15043,Average,Lower,18398,Average,Lower
Hospital 3443,Coos Bay,Government,3,Same,Below,Above,Same,Same,Same,Above,22269,Average,Average,14673,Average,Lower,16269,Average,Lower,20157,Average,Lower
Hospital 3444,Clackamas,Unknown,4,None,Above,Above,Above,Above,None,None,0,Unknown,Unknown,0,Unknown,Unknown,0,Unknown,Unknown,0,Unknown,Unknown
Hospital 3445,Springfield,Private,3,Same,Below,Above,Same,Same,Below,Above,22530,Average,Average,15576,Average,Lower,15915,Average,Lower,17837,Average,Lower
Hospital 3446,Hillsboro,Private,4,None,Below,None,Above,Same,None,None,0,Unknown,Unknown,0,Unknown,Unknown,0,Unknown,Unknown,0,Unknown,Unknown
Hospital 3447,Cottage Grove,Private,2,None,None,Below,None,Same,Same,Same,0,Unknown,Unknown,0,Unknown,Unknown,14406,Average,Lower,0,Unknown,Unknown
Hospital 3448,Lincoln City,Private,4,Same,None,Above,Above,Same,Above,Same,0,Unknown,Unknown,15779,Average,Average,16413,Average,Average,20253,Average,Average
Hospital 3449,Seaside,Church,4,Same,None,Above,Above,Same,Above,Same,0,Unknown,Unknown,15861,Average,Average,14801,Average,Lower,20628,Average,Average
Hospital 3450,Bandon,Government,-1,Same,None,Same,None,None,None,None,0,Unknown,Unknown,17294,Average,Average,17370,Worse,Average,0,Unknown,Unknown
Hospital 3451,John Day,Government,-1,None,None,Above,None,None,None,None,0,Unknown,Unknown,0,Unknown,Unknown,18571,Average,Average,0,Unknown,Unknown
Hospital 3452,Enterprise,Government,-1,None,None,Same,Above,None,None,None,0,Unknown,Unknown,17690,Average,Average,14917,Average,Lower,0,Unknown,Unknown
Hospital 3453,Burns,Government,-1,None,None,None,None,Same,Same,Same,0,Unknown,Unknown,0,Unknown,Unknown,17215,Average,Average,0,Unknown,Unknown
Hospital 3454,Dallas,Private,-1,None,None,None,None,Same,None,None,0,Unknown,Unknown,0,Unknown,Unknown,0,Unknown,Unknown,0,Unknown,Unknown
Hospital 3455,Lakeview,Government,4,None,None,Above,None,Same,Above,None,0,Unknown,Unknown,0,Unknown,Unknown,19322,Average,Average,0,Unknown,Unknown
Hospital 3456,Heppner,Government,-1,None,None,None,None,None,Same,None,0,Unknown,Unknown,0,Unknown,Unknown,0,Unknown,Unknown,0,Unknown,Unknown
Hospital 3457,Reedsport,Government,-1,None,None,None,None,Same,Above,None,0,Unknown,Unknown,0,Unknown,Unknown,17172,Average,Average,0,Unknown,Unknown
Hospital 3458,Coquille,Government,2,Same,None,Below,None,Same,Above,Same,0,Unknown,Unknown,15706,Average,Average,13521,Average,Lower,16926,Average,Lower
Hospital 3459,Prineville,Private,4,Same,None,Above,Above,Same,Same,None,0,Unknown,Unknown,14011,Average,Lower,16546,Average,Average,0,Unknown,Unknown
Hospital 3460,Newport,Private,3,Same,Same,Above,Same,Same,Above,Below,0,Unknown,Unknown,15032,Average,Average,13768,Average,Lower,21212,Average,Average
Hospital 3461,Baker City,Church,3,Same,None,Above,Above,None,None,None,0,Unknown,Unknown,14951,Worse,Average,14088,Average,Lower,21603,Average,Average
Hospital 3462,Florence,Church,3,Same,None,Same,Above,Same,Above,Same,0,Unknown,Unknown,13802,Average,Lower,15271,Average,Lower,20955,Average,Average
Hospital 3463,Tillamook,Church,2,Same,None,Below,Same,None,None,None,0,Unknown,Unknown,15137,Average,Average,15118,Average,Lower,22570,Average,Average
Hospital 3464,Hood River,Church,4,Same,None,Above,Above,Same,Same,Same,0,Unknown,Unknown,16572,Average,Average,14114,Average,Lower,22586,Average,Average
Hospital 3465,Pendleton,Church,4,Same,Same,Above,Above,Same,None,None,0,Unknown,Unknown,15533,Average,Average,16406,Average,Average,19329,Average,Lower
Hospital 3466,Astoria,Proprietary,3,Same,None,Same,Same,Same,Above,Same,0,Unknown,Unknown,14633,Average,Lower,13285,Average,Lower,20153,Average,Lower
Hospital 3467,La Grande,Private,3,Same,None,Same,Same,Same,Same,Same,0,Unknown,Unknown,13923,Average,Lower,13255,Average,Lower,18575,Average,Lower
Hospital 3468,Gold Beach,Government,3,Same,None,Above,Same,Same,Above,Same,0,Unknown,Unknown,17807,Average,Average,16873,Average,Average,0,Unknown,Unknown
Hospital 3469,Lebanon,Church,3,Same,None,Above,Same,Same,Above,Same,0,Unknown,Unknown,17151,Average,Average,16745,Average,Average,0,Unknown,Unknown
Hospital 3470,Madras,Private,4,None,None,Above,None,Same,Same,None,0,Unknown,Unknown,0,Unknown,Unknown,17464,Average,Average,0,Unknown,Unknown
Hospital 3471,Hermiston,Private,3,Same,Same,Same,Same,Same,Same,Same,0,Unknown,Unknown,16135,Average,Average,17795,Average,Average,21082,Average,Average
Hospital 3472,Portland,Private,-1,None,None,None,None,None,None,None,0,Unknown,Unknown,0,Unknown,Unknown,0,Unknown,Unknown,0,Unknown,Unknown
Hospital 3473,Scranton,Private,2,Same,Below,Below,Below,Same,Below,Below,23596,Average,Average,17140,Average,Average,19683,Average,Higher,20091,Average,Lower
Hospital 3474,Mc Keesport,Private,2,Same,Same,Below,Below,Same,Same,None,23605,Average,Average,18492,Average,Higher,20050,Average,Higher,0,Unknown,Unknown
Hospital 3475,Bloomsburg,Private,4,Same,Same,Above,Above,Same,Same,None,0,Unknown,Unknown,15718,Average,Average,14648,Average,Lower,20273,Average,Average
Hospital 3476,Camp Hill,Private,3,Same,Above,Above,Below,Same,Below,Same,23803,Average,Average,18721,Average,Higher,20215,Average,Higher,21655,Average,Average
Hospital 3477,Danville,Private,2,Below,Below,Below,Above,Above,Below,Same,21182,Average,Lower,16281,Average,Average,17552,Average,Average,21131,Average,Average
Hospital 3478,Ellwood City,Proprietary,4,Same,Same,Above,Same,Same,Above,Same,0,Unknown,Unknown,15079,Average,Average,14704,Average,Lower,20337,Average,Average
Hospital 3479,Erie,Private,3,Same,Same,Above,Same,Above,Same,Same,25631,Average,Higher,16772,Average,Average,18012,Average,Average,22617,Average,Average
Hospital 3480,Lansdale,Unknown,4,Same,Above,Below,Above,Same,Same,Same,24500,Average,Average,16099,Average,Average,16971,Average,Average,19064,Average,Lower
Hospital 3481,Lewisburg,Unknown,4,Same,Above,Below,Above,Same,Below,Same,24119,Average,Average,14845,Average,Lower,18415,Average,Average,18282,Average,Lower
Hospital 3482,New Castle,Unknown,1,Same,Same,Below,Below,Same,Below,Below,24757,Average,Average,17646,Average,Average,19190,Average,Higher,23737,Average,Higher
Hospital 3483,Palmerton,Unknown,-1,None,None,None,None,None,None,None,0,Unknown,Unknown,0,Unknown,Unknown,0,Unknown,Unknown,0,Unknown,Unknown
Hospital 3484,Philadelphia,Unknown,-1,None,None,None,None,None,None,None,0,Unknown,Unknown,0,Unknown,Unknown,0,Unknown,Unknown,0,Unknown,Unknown
Hospital 3485,Philadelphia,Proprietary,3,Same,Above,Below,Same,Same,Same,Same,24409,Average,Average,17240,Average,Average,18808,Worse,Higher,24351,Average,Higher
Hospital 3486,Philadelphia,Private,2,Same,Below,Below,Below,Same,Below,Below,25411,Average,Average,17553,Average,Average,18759,Average,Average,23817,Average,Higher
Hospital 3487,Pittsburgh,Private,2,Same,Above,Below,Below,Same,Same,Same,23720,Average,Average,17197,Average,Average,20420,Average,Higher,25478,Average,Higher
Hospital 3488,Pottsville,Private,3,Same,Same,Same,None,Same,Same,Same,23152,Average,Average,15883,Average,Average,16218,Average,Average,26622,Average,Higher
Hospital 3489,Natrona,Unknown,2,Same,Same,Below,Below,Same,Same,Same,26666,Average,Average,18170,Average,Average,21111,Average,Higher,24590,Average,Higher
Hospital 3490,Quakertown,Private,3,Same,Above,Same,Same,Same,Same,Same,0,Unknown,Unknown,16218,Average,Average,17030,Average,Average,23437,Average,Average
Hospital 3491,Beaver,Private,3,Same,Above,Below,Below,Same,Below,Same,25097,Average,Average,18209,Average,Higher,19695,Average,Higher,24609,Average,Higher
Hospital 3492,Sewickley,Private,3,Same,Above,Same,Same,Above,Same,Same,0,Unknown,Unknown,19937,Average,Higher,20018,Average,Higher,21709,Average,Average
Hospital 3493,Somerset,Private,3,Same,Below,Same,Same,Same,Above,Same,22993,Average,Average,17510,Average,Average,18259,Average,Average,21277,Average,Average
Hospital 3494,Uniontown,Unknown,2,Same,Below,Below,Same,Same,Same,Below,22841,Average,Average,18059,Average,Average,16812,Average,Average,21563,Average,Average
Hospital 3495,Washington,Private,3,Same,Above,Below,Above,Same,Same,Same,25655,Average,Average,17981,Average,Higher,18001,Average,Average,22518,Average,Average
Hospital 3496,Reading,Unknown,5,Above,Above,Above,Same,Same,Below,Same,23115,Average,Average,17347,Better,Higher,18477,Better,Higher,19486,Better,Lower
Hospital 3497,Williamsport,Unknown,3,Same,Below,Above,Same,Same,Below,Same,23391,Average,Average,17294,Average,Average,18728,Average,Higher,19698,Average,Lower
Hospital 3498,York,Private,4,Above,Above,Above,Same,Same,Below,Same,25765,Average,Higher,16428,Average,Average,19368,Average,Higher,23918,Average,Higher
Hospital 3499,Lewistown,Private,3,Same,Above,Below,Same,Same,Same,Same,23724,Average,Average,16926,Average,Average,16232,Average,Lower,24454,Average,Higher
Hospital 3500,Bethlehem,Private,4,Above,Above,Above,Same,Same,Below,Above,21343,Average,Lower,16934,Average,Average,17339,Average,Average,21536,Average,Average
Hospital 3501,Pittsburgh,Private,1,Same,Below,Below,Below,Same,Same,Same,25479,Average,Average,19441,Average,Higher,19793,Average,Higher,18622,Average,Lower
Hospital 3502,Clearfield,Unknown,2,Same,Below,Same,Below,Same,Same,Below,25339,Average,Average,16880,Average,Average,16360,Average,Average,24948,Average,Higher
Hospital 3503,Huntingdon,Unknown,3,Same,Above,Same,Same,Same,Above,Same,0,Unknown,Unknown,16436,Average,Average,17089,Average,Average,20537,Average,Average
Hospital 3504,Sellersville,Unknown,4,Above,Below,Above,Above,Same,Same,Same,25129,Average,Average,16853,Average,Average,18309,Average,Average,19636,Average,Lower
Hospital 3505,Carlisle,Proprietary,4,Same,Above,Above,Same,Same,Below,Same,23570,Average,Average,17741,Average,Average,18536,Average,Average,20010,Average,Lower
Hospital 3506,Lancaster,Proprietary,2,Same,Below,Same,Same,Same,Below,Same,23079,Average,Average,15080,Average,Average,17818,Average,Average,22112,Average,Average
Hospital 3507,Roaring Spring,Private,4,Same,Above,Below,Above,Same,Same,None,0,Unknown,Unknown,16196,Average,Average,15230,Average,Lower,19769,Average,Lower
Hospital 3508,Erie,Private,2,Below,Above,Below,Below,Same,Above,Same,24633,Average,Average,18207,Average,Higher,19906,Average,Higher,24000,Average,Higher
Hospital 3509,Gettysburg,Unknown,4,Same,Above,Above,Same,Same,Same,Below,23010,Average,Average,16222,Average,Average,18039,Average,Average,20422,Average,Lower
Hospital 3510,Lebanon,Unknown,3,Below,Above,Above,Below,Same,Below,Same,20241,Average,Lower,15798,Average,Average,18053,Average,Average,22218,Worse,Average
Hospital 3511,Harrisburg,Unknown,3,Same,Same,Below,Same,Same,Below,Same,21774,Average,Lower,17137,Average,Average,19501,Average,Higher,19894,Average,Lower
Hospital 3512,Lititz,Proprietary,3,Same,Same,Below,Same,Same,Same,None,0,Unknown,Unknown,17065,Average,Average,16594,Average,Average,0,Unknown,Unknown
Hospital 3513,Bristol,Proprietary,3,Same,Above,Below,Below,Same,Same,None,24774,Average,Average,18464,Average,Average,19875,Average,Higher,0,Unknown,Unknown
Hospital 3514,Lock Haven,Proprietary,3,Same,None,Above,Below,Same,Same,None,0,Unknown,Unknown,15880,Average,Average,17496,Average,Average,0,Unknown,Unknown
Hospital 3515,Berwick,Proprietary,2,Same,Same,Same,Below,Same,Same,None,21880,Average,Average,15771,Average,Average,17286,Average,Average,22515,Average,Average
Hospital 3516,Altoona,Private,2,Below,Above,Below,Below,Same,Below,Same,26018,Average,Higher,18400,Average,Higher,22092,Average,Higher,24479,Average,Higher
Hospital 3517,Coatesville,Proprietary,2,Same,Below,Below,Below,Same,Same,Same,25572,Average,Average,17784,Average,Average,17630,Average,Average,22358,Average,Average
Hospital 3518,Sayre,Unknown,2,Same,Same,Below,Below,Same,Below,Same,22332,Better,Lower,16778,Average,Average,16491,Average,Lower,20793,Average,Lower
Hospital 3519,Philadelphia,Private,4,Above,Same,Same,Same,Below,Same,Same,24487,Average,Average,17436,Better,Average,16806,Average,Average,23341,Average,Average
Hospital 3520,Drexel Hill,Private,2,Same,Above,Below,Below,Same,Below,Same,24719,Average,Average,19425,Average,Higher,20306,Worse,Higher,23063,Average,Average
Hospital 3521,Sunbury,Proprietary,3,Same,None,Same,Same,Same,Same,None,0,Unknown,Unknown,15947,Average,Average,17942,Average,Average,0,Unknown,Unknown
Hospital 3522,Dubois,Unknown,3,Same,Same,Below,Below,Above,Same,Above,23407,Average,Average,17184,Average,Average,16401,Average,Average,18819,Average,Lower
Hospital 3523,Pittsburgh,Private,3,Same,Above,Below,Above,Below,Same,None,27651,Average,Higher,18345,Average,Average,21367,Average,Higher,21494,Average,Average
Hospital 3524,Seneca,Unknown,3,Same,Above,Below,Below,Same,Above,Same,24493,Average,Average,16188,Average,Average,16641,Average,Average,22025,Average,Average
Hospital 3525,Clarion,Unknown,2,Same,Same,Same,Below,Same,Above,Below,22633,Average,Average,15701,Average,Average,15617,Average,Lower,0,Unknown,Unknown
Hospital 3526,Reading,Church,2,Same,Below,Above,Below,Same,Below,Below,23274,Average,Average,17091,Worse,Average,17495,Average,Average,21888,Average,Average
Hospital 3527,Meadowbrook,Church,4,Same,Above,Above,Same,Same,Same,Same,24709,Average,Average,17997,Average,Higher,17945,Average,Average,22587,Average,Average
Hospital 3528,Lancaster,Unknown,5,Above,Above,Above,Same,Same,Same,Same,23550,Average,Average,17618,Better,Higher,16965,Better,Average,20116,Average,Lower
Hospital 3529,York,Private,2,Same,None,Below,Below,Same,Below,Above,24754,Average,Average,17381,Average,Average,21185,Average,Higher,0,Unknown,Unknown
Hospital 3530,Pittsburgh,Private,3,Above,Above,Below,Same,Above,Above,Same,24766,Average,Average,17345,Average,Average,17922,Average,Average,22229,Average,Average
Hospital 3531,Kane,Private,3,Same,None,Below,Above,Same,Above,Below,0,Unknown,Unknown,14133,Average,Lower,17005,Average,Average,0,Unknown,Unknown
Hospital 3532,Pittsburgh,Private,4,Same,Above,Below,Same,Above,Above,Same,23155,Average,Average,17353,Average,Average,16813,Average,Average,22784,Average,Average
Hospital 3533,Johnstown,Proprietary,1,Same,Below,Below,Same,Same,Above,Same,22292,Average,Average,16735,Average,Average,19070,Average,Higher,20969,Average,Average
Hospital 3534,Philadelphia,Private,3,Same,Above,Below,Above,Same,Below,Above,25346,Average,Average,18649,Average,Higher,18444,Average,Average,0,Unknown,Unknown
Hospital 3535,Windber,Private,4,Same,Same,Same,Above,Same,Same,None,0,Unknown,Unknown,16117,Average,Average,16216,Average,Average,19416,Average,Lower
Hospital 3536,Meadville,Private,3,Below,Above,Above,Same,Same,Above,Same,24763,Average,Average,16069,Worse,Average,17362,Average,Average,18400,Average,Lower
Hospital 3537,Pittsburgh,Unknown,3,Same,Below,Below,Above,Same,Same,Same,0,Unknown,Unknown,15580,Average,Average,16295,Average,Average,20613,Average,Lower
Hospital 3538,Philadelphia,Private,2,Same,Below,Below,Below,Below,Below,Same,24188,Average,Average,17346,Average,Average,19259,Average,Higher,23101,Average,Higher
Hospital 3539,Norristown,Private,2,Same,Above,Below,Below,Same,Same,Same,0,Unknown,Unknown,17516,Average,Average,20141,Worse,Higher,22681,Average,Average
Hospital 3540,Everett,Unknown,3,Same,None,Same,Same,Same,Above,Above,0,Unknown,Unknown,18054,Average,Average,18984,Average,Average,0,Unknown,Unknown
Hospital 3541,Bradford,Private,2,Same,Above,Below,Below,Same,Same,Same,22416,Average,Average,16262,Average,Average,17150,Worse,Average,21252,Average,Average
Hospital 3542,Scranton,Proprietary,1,Same,Below,Same,Below,Above,Same,Below,24907,Average,Average,18051,Average,Average,19312,Average,Higher,29012,Average,Higher
Hospital 3543,Pottstown,Proprietary,1,Below,Below,Below,Below,Below,Same,Below,24811,Average,Average,19818,Average,Higher,19705,Average,Higher,21532,Average,Average
Hospital 3544,Honesdale,Private,4,Same,Above,Above,Same,Same,Same,Same,26320,Average,Average,16818,Average,Average,17348,Average,Average,27393,Average,Higher
Hospital 3545,Phoenixville,Proprietary,3,Same,Above,Above,Same,Same,Below,Same,27895,Average,Higher,19488,Worse,Higher,18761,Average,Higher,20333,Average,Lower
Hospital 3546,Hastings,Proprietary,2,Same,None,Below,None,Same,Above,None,0,Unknown,Unknown,16693,Average,Average,15818,Average,Average,0,Unknown,Unknown
Hospital 3547,Allentown,Private,3,Same,Below,Below,Same,Same,Below,Below,22673,Better,Lower,16091,Average,Average,16173,Average,Lower,20831,Better,Lower
Hospital 3548,Wilkes-barre,Private,1,Below,Below,Above,Below,Above,Below,Below,25712,Average,Higher,19721,Worse,Higher,19740,Average,Higher,25250,Average,Higher
Hospital 3549,Waynesboro,Private,4,Same,None,Same,Same,Same,Same,Same,23689,Average,Average,16211,Average,Average,17342,Average,Average,0,Unknown,Unknown
Hospital 3550,Bryn Mawr,Private,5,Above,Above,Above,Above,Same,Below,Same,26004,Average,Higher,19776,Average,Higher,18904,Better,Higher,20031,Average,Lower
Hospital 3551,Philadelphia,Unknown,1,Same,Below,Below,Below,Same,Below,Same,24954,Average,Average,17811,Average,Average,17784,Average,Average,26336,Average,Higher
Hospital 3552,Greensburg,Unknown,4,Same,Above,Same,Below,Same,Below,Below,24124,Average,Average,16520,Average,Average,19022,Average,Higher,21695,Average,Average
Hospital 3553,Warren,Private,2,Same,Below,Below,Below,Same,Above,Same,0,Unknown,Unknown,14617,Average,Lower,16054,Average,Average,20705,Average,Average
Hospital 3554,Monongahela,Private,3,Same,Same,Below,Above,Same,Above,Below,22823,Average,Average,15458,Average,Average,17713,Average,Average,22323,Average,Average
Hospital 3555,Waynesburg,Private,3,Same,None,Same,Same,Same,Above,Same,0,Unknown,Unknown,16805,Average,Average,15657,Average,Average,0,Unknown,Unknown
Hospital 3556,Chambersburg,Private,4,Same,Above,Below,Same,Same,Same,Same,22917,Average,Average,15887,Average,Average,17602,Average,Average,18771,Average,Lower
Hospital 3557,Paoli,Private,5,Above,Above,Above,Above,Same,Below,Same,21983,Average,Average,17563,Average,Average,18866,Better,Higher,19418,Average,Lower
Hospital 3558,Darby,Private,1,Same,Below,Below,Below,Same,Below,Same,23973,Average,Average,16021,Average,Average,17366,Average,Average,0,Unknown,Unknown
Hospital 3559,Mckees Rocks,Private,2,Same,Below,Same,Below,Same,Same,None,0,Unknown,Unknown,19306,Average,Higher,19600,Average,Average,25509,Average,Higher
Hospital 3560,Canonsburg,Private,3,Same,Same,Below,Same,Same,Above,Same,0,Unknown,Unknown,16425,Average,Average,18596,Average,Average,22643,Average,Average
Hospital 3561,Easton,Proprietary,3,Above,Below,Same,Same,Same,Above,Same,25313,Average,Average,17544,Better,Average,18987,Average,Higher,23424,Average,Higher
Hospital 3562,Kittanning,Private,2,Same,Same,Below,Below,Same,Above,Same,24861,Average,Average,16690,Average,Average,16992,Average,Average,25192,Average,Higher
Hospital 3563,Pittsburgh,Private,1,Same,Below,Below,Same,Same,Same,Same,26543,Average,Higher,17538,Average,Average,18708,Average,Higher,21361,Average,Average
Hospital 3564,Butler,Private,4,Same,Above,Above,Same,Same,Above,Same,24674,Average,Average,17666,Average,Average,17796,Average,Average,21673,Average,Average
Hospital 3565,Indiana,Private,3,Same,Above,Below,Same,Below,Same,Below,23917,Average,Average,16330,Average,Average,18441,Average,Average,22240,Average,Average
Hospital 3566,Philadelphia,Private,1,Same,Below,Below,Above,Same,Below,Below,23738,Average,Average,15873,Average,Average,17427,Average,Average,18490,Average,Lower
Hospital 3567,Greenville,Private,3,Same,Above,Below,Below,Same,Same,Same,23662,Average,Average,15840,Average,Average,17141,Average,Average,22178,Average,Average
Hospital 3568,West Chester,Private,5,Above,Above,Above,Above,Same,Below,Same,22782,Better,Average,18027,Better,Higher,18830,Average,Higher,20260,Average,Lower
Hospital 3569,Upland,Unknown,1,Below,Below,Below,Below,Same,Below,Same,25602,Average,Average,18814,Average,Higher,19662,Worse,Higher,21015,Average,Average
Hospital 3570,Coaldale,Private,4,Same,Above,Below,Above,Same,Same,Same,0,Unknown,Unknown,15936,Average,Average,19150,Average,Higher,22015,Average,Average
Hospital 3571,Connellsville,Private,3,Same,None,Same,Same,Same,Above,Same,0,Unknown,Unknown,13327,Average,Lower,13746,Average,Lower,0,Unknown,Unknown
Hospital 3572,Hazleton,Government,2,Above,Below,Below,Below,Below,Same,Above,24155,Average,Average,16875,Average,Average,17292,Average,Average,27599,Average,Higher
Hospital 3573,Tunkhannock,Proprietary,4,Same,None,Same,Above,Same,Same,Same,0,Unknown,Unknown,17386,Average,Average,14556,Average,Lower,0,Unknown,Unknown
Hospital 3574,Lehighton,Private,2,Same,Below,Above,Below,Same,Same,Same,22755,Average,Average,15239,Average,Average,15379,Average,Lower,23748,Average,Average
Hospital 3575,Wynnewood,Private,5,Above,Above,Above,Above,Below,Below,Same,24805,Average,Average,17551,Better,Higher,18364,Average,Average,18971,Average,Lower
Hospital 3576,Allentown,Private,4,Same,Above,Above,Same,Same,Same,Same,24334,Average,Average,17673,Average,Average,18377,Average,Average,22617,Average,Average
Hospital 3577,Erie,Private,2,Same,Below,Same,Same,Same,Above,Same,0,Unknown,Unknown,17573,Average,Average,18355,Average,Average,26154,Average,Higher
Hospital 3578,Punxsutawney,Private,4,Same,None,Same,Above,Same,Above,None,0,Unknown,Unknown,15373,Average,Average,17664,Average,Average,0,Unknown,Unknown
Hospital 3579,East Stroudsburg,Private,3,Same,Above,Below,Same,Below,Below,Same,24579,Average,Average,15957,Average,Average,17108,Average,Average,22011,Average,Average
Hospital 3580,Doylestown,Private,5,Same,Above,Same,Above,Same,Below,Below,21026,Average,Lower,16449,Average,Average,16688,Average,Lower,18934,Average,Lower
Hospital 3581,Philadelphia,Private,2,Same,Below,Above,Below,Same,Below,Same,24009,Average,Average,17157,Average,Average,19744,Average,Higher,19691,Average,Lower
Hospital 3582,Sharon,Proprietary,2,Same,Same,Below,Below,Same,Same,Same,22934,Average,Average,16545,Average,Average,16223,Average,Lower,20874,Average,Average
Hospital 3583,Mount Pleasant,Unknown,3,Same,None,Below,Above,Same,Same,Same,24469,Average,Average,18861,Average,Higher,19596,Average,Higher,0,Unknown,Unknown
Hospital 3584,Latrobe,Private,3,Same,Above,Below,Above,Same,Same,Same,24221,Average,Average,16992,Average,Average,19091,Average,Average,23732,Average,Average
Hospital 3585,West Grove,Unknown,3,Same,Above,Same,Same,Same,Same,Same,25795,Average,Average,17897,Average,Average,17362,Average,Average,22753,Average,Average
Hospital 3586,Media,Private,4,Same,Below,Above,Same,Same,Below,Same,25415,Better,Average,17107,Average,Average,17270,Average,Average,19107,Average,Lower
Hospital 3587,Philadelphia,Unknown,4,Above,Above,Below,Above,Same,Below,Same,23340,Average,Average,18377,Average,Higher,16061,Average,Average,22936,Average,Higher
Hospital 3588,Ephrata,Unknown,4,Same,Below,Above,Below,Same,Below,Below,27020,Average,Higher,17241,Average,Average,18322,Average,Average,22190,Average,Average
Hospital 3589,Philadelphia,Private,2,Same,Below,Below,Above,Below,Below,Same,24667,Average,Average,17479,Average,Average,16058,Average,Lower,23603,Worse,Higher
Hospital 3590,Pittsburgh,Private,5,Same,Above,Above,Above,Same,Above,Same,23627,Average,Average,17552,Average,Average,18211,Average,Average,21249,Average,Average
Hospital 3591,Abington,Private,2,Same,Same,Below,Same,Same,Below,Same,23358,Average,Average,16528,Average,Average,16744,Average,Lower,20167,Average,Lower
Hospital 3592,Hanover,Private,4,Same,Above,Above,Above,Same,Below,Same,26129,Average,Higher,17224,Average,Average,18484,Average,Higher,20545,Average,Lower
Hospital 3593,Towanda,Private,2,Same,None,Below,None,Same,Above,Same,0,Unknown,Unknown,0,Unknown,Unknown,15738,Average,Lower,0,Unknown,Unknown
Hospital 3594,Scranton,Proprietary,2,Below,Below,Below,Below,Same,Below,Same,22670,Average,Average,16882,Average,Average,17308,Average,Average,25943,Average,Higher
Hospital 3595,Hershey,Unknown,5,Same,Above,Above,Same,Same,Below,Below,21592,Average,Lower,16172,Average,Average,18894,Average,Higher,19789,Average,Lower
Hospital 3596,Langhorne,Church,3,Same,Below,Above,Above,Same,Below,Same,23563,Average,Average,18479,Average,Higher,18491,Average,Higher,18603,Average,Lower
Hospital 3597,Bethlehem,Unknown,3,Same,Below,Above,Same,Same,Below,Same,21277,Average,Lower,16066,Average,Average,16280,Average,Lower,22617,Average,Average
Hospital 3598,Jefferson Hills,Private,3,Same,Above,Below,Same,Same,Same,Same,25324,Average,Average,17618,Average,Average,16529,Average,Average,23463,Average,Higher
Hospital 3599,Grove City,Private,3,Same,Same,Same,Same,Same,Above,Same,0,Unknown,Unknown,17045,Average,Average,14866,Average,Lower,20011,Average,Average
Hospital 3600,Monroeville,Private,2,Same,Below,Below,Below,Same,Same,Same,24613,Average,Average,18797,Average,Higher,19870,Average,Higher,21078,Average,Average
Hospital 3601,State College,Private,5,Same,Above,Above,Above,Same,Same,Same,24122,Average,Average,16186,Average,Average,18688,Average,Higher,20771,Average,Lower
Hospital 3602,Wilkes Barre,Private,4,Same,Same,Above,Same,Same,Below,Above,23357,Average,Average,18142,Average,Higher,19012,Average,Higher,23170,Average,Higher
Hospital 3603,Norristown,Proprietary,-1,None,None,None,None,None,None,None,0,Unknown,Unknown,0,Unknown,Unknown,0,Unknown,Unknown,0,Unknown,Unknown
Hospital 3604,Eagleville,Private,-1,None,None,None,None,None,None,None,0,Unknown,Unknown,0,Unknown,Unknown,0,Unknown,Unknown,0,Unknown,Unknown
Hospital 3605,Philadelphia,Proprietary,1,Same,Below,Below,Below,Same,Below,Same,23575,Average,Average,18243,Average,Average,19902,Average,Higher,26404,Average,Higher
Hospital 3606,Langhorne,Proprietary,-1,None,None,None,None,None,None,None,0,Unknown,Unknown,0,Unknown,Unknown,0,Unknown,Unknown,0,Unknown,Unknown
Hospital 3607,Philadelphia,Proprietary,2,Same,Same,Below,Below,Same,Same,None,24743,Average,Average,17190,Average,Average,20956,Average,Higher,0,Unknown,Unknown
Hospital 3608,Transfer,Unknown,-1,None,None,None,None,Same,None,None,0,Unknown,Unknown,0,Unknown,Unknown,0,Unknown,Unknown,22777,Average,Average
Hospital 3609,Philadelphia,Private,3,None,Below,None,Above,Same,None,None,0,Unknown,Unknown,0,Unknown,Unknown,0,Unknown,Unknown,0,Unknown,Unknown
Hospital 3610,Bethlehem,Unknown,-1,None,None,Above,Above,None,None,None,0,Unknown,Unknown,0,Unknown,Unknown,0,Unknown,Unknown,19599,Average,Lower
Hospital 3611,Wyomissing,Proprietary,5,None,None,Above,Above,Same,None,None,0,Unknown,Unknown,0,Unknown,Unknown,0,Unknown,Unknown,19767,Average,Lower
Hospital 3612,Allentown,Unknown,-1,None,None,None,Above,None,None,Same,0,Unknown,Unknown,0,Unknown,Unknown,0,Unknown,Unknown,19259,Average,Lower
Hospital 3613,Bensalem,Proprietary,-1,None,None,None,Above,None,None,None,0,Unknown,Unknown,0,Unknown,Unknown,0,Unknown,Unknown,17523,Better,Lower
Hospital 3614,Washington,Unknown,-1,None,None,None,Above,None,None,None,0,Unknown,Unknown,0,Unknown,Unknown,0,Unknown,Unknown,21526,Average,Average
Hospital 3615,Royersford,Unknown,-1,None,None,None,Above,None,None,None,0,Unknown,Unknown,0,Unknown,Unknown,0,Unknown,Unknown,20816,Average,Lower
Hospital 3616,York,Proprietary,-1,None,None,None,Above,None,None,None,0,Unknown,Unknown,0,Unknown,Unknown,0,Unknown,Unknown,21867,Average,Average
Hospital 3617,Easton,Private,4,Same,Above,Below,Above,Same,Same,Above,24681,Average,Average,16419,Average,Average,16516,Better,Average,24150,Average,Average
Hospital 3618,York,Private,-1,None,None,None,Above,None,None,None,0,Unknown,Unknown,0,Unknown,Unknown,0,Unknown,Unknown,20931,Average,Lower
Hospital 3619,Monroeville,Private,3,Same,Same,Below,Same,Above,Below,Same,24373,Average,Average,18078,Average,Average,18368,Average,Average,22587,Average,Average
Hospital 3620,East Norriton,Private,4,Same,Above,Above,Below,Same,Below,Same,23855,Average,Average,17177,Average,Average,16916,Average,Average,22546,Average,Average
Hospital 3621,Stroudsburg,Private,3,Same,Same,Above,Same,Same,Below,None,0,Unknown,Unknown,18359,Average,Average,17283,Average,Average,0,Unknown,Unknown
Hospital 3622,Philadelphia,Private,-1,None,None,None,None,None,None,None,0,Unknown,Unknown,0,Unknown,Unknown,0,Unknown,Unknown,0,Unknown,Unknown
Hospital 3623,Jersey Shore,Private,4,Same,None,Same,Above,Below,Above,None,0,Unknown,Unknown,16506,Average,Average,14961,Average,Lower,0,Unknown,Unknown
Hospital 3624,Muncy,Private,3,Same,None,Same,None,Same,Same,None,0,Unknown,Unknown,16889,Average,Average,16091,Average,Average,0,Unknown,Unknown
Hospital 3625,Meyersdale,Proprietary,2,None,None,Below,None,Same,Above,None,0,Unknown,Unknown,0,Unknown,Unknown,20489,Average,Average,0,Unknown,Unknown
Hospital 3626,Mcconnellsburg,Private,4,Same,None,Above,Same,Same,Above,Below,0,Unknown,Unknown,14859,Average,Average,15204,Average,Lower,0,Unknown,Unknown
Hospital 3627,Renovo,Private,-1,None,None,None,None,Same,Same,None,0,Unknown,Unknown,0,Unknown,Unknown,0,Unknown,Unknown,0,Unknown,Unknown
Hospital 3628,Troy,Private,4,Same,None,Same,Same,Same,Above,None,0,Unknown,Unknown,15144,Average,Average,15324,Average,Lower,0,Unknown,Unknown
Hospital 3629,Montrose,Private,3,Same,None,Below,Above,None,Same,None,0,Unknown,Unknown,16581,Average,Average,17567,Average,Average,18466,Average,Lower
Hospital 3630,Tyrone,Private,3,None,None,Below,Above,Same,Above,None,0,Unknown,Unknown,0,Unknown,Unknown,16952,Average,Average,20682,Average,Lower
Hospital 3631,Corry,Private,4,Same,None,Above,None,Same,Above,None,0,Unknown,Unknown,17064,Average,Average,17456,Average,Average,0,Unknown,Unknown
Hospital 3632,Susquehanna,Private,1,Same,None,Below,Same,Same,Above,None,0,Unknown,Unknown,15653,Worse,Average,15999,Average,Average,0,Unknown,Unknown
Hospital 3633,Brookville,Private,3,Same,None,Above,Below,Same,Above,Same,22636,Average,Average,18136,Average,Average,19880,Average,Higher,0,Unknown,Unknown
Hospital 3634,Coudersport,Unknown,3,Same,Same,Below,Above,Same,Above,Same,0,Unknown,Unknown,16951,Average,Average,18222,Worse,Average,19717,Average,Lower
Hospital 3635,Titusville,Private,4,Same,None,Above,Above,Same,Above,None,0,Unknown,Unknown,17869,Average,Average,17398,Average,Average,24940,Average,Higher
Hospital 3636,Saint Marys,Private,3,Same,None,Above,Below,Same,Same,Below,25008,Average,Average,15537,Average,Average,15521,Average,Lower,21099,Average,Average
Hospital 3637,Wellsboro,Private,4,None,None,Above,Same,Same,Same,Same,0,Unknown,Unknown,0,Unknown,Unknown,16040,Average,Average,0,Unknown,Unknown
Hospital 3638,Pittsburgh,Unknown,-1,None,None,None,None,None,None,None,0,Unknown,Unknown,0,Unknown,Unknown,0,Unknown,Unknown,0,Unknown,Unknown
Hospital 3639,Philadelphia,Private,-1,None,None,None,None,None,None,None,0,Unknown,Unknown,0,Unknown,Unknown,0,Unknown,Unknown,0,Unknown,Unknown
Hospital 3640,Pittsburgh,Private,-1,None,None,None,None,None,None,None,0,Unknown,Unknown,0,Unknown,Unknown,0,Unknown,Unknown,0,Unknown,Unknown
Hospital 3641,Philadelphia,Proprietary,-1,None,None,None,None,None,None,None,0,Unknown,Unknown,0,Unknown,Unknown,0,Unknown,Unknown,0,Unknown,Unknown
Hospital 3642,Pittsburgh,Private,-1,None,None,None,None,None,None,None,0,Unknown,Unknown,0,Unknown,Unknown,0,Unknown,Unknown,0,Unknown,Unknown
Hospital 3643,Philadelphia,Unknown,-1,None,None,None,None,None,None,None,0,Unknown,Unknown,0,Unknown,Unknown,0,Unknown,Unknown,0,Unknown,Unknown
Hospital 3644,San Juan,Unknown,-1,Same,None,Below,None,None,None,None,23391,Average,Average,15735,Average,Average,18036,Average,Average,22557,Average,Average
Hospital 3645,Ponce,Private,-1,None,None,None,None,None,None,None,0,Unknown,Unknown,0,Unknown,Unknown,0,Unknown,Unknown,0,Unknown,Unknown
Hospital 3646,San Juan,Unknown,-1,Same,None,Same,None,None,None,None,0,Unknown,Unknown,14617,Average,Average,13480,Average,Lower,0,Unknown,Unknown
Hospital 3647,Humacao,Proprietary,-1,None,None,None,None,None,None,None,0,Unknown,Unknown,0,Unknown,Unknown,0,Unknown,Unknown,0,Unknown,Unknown
Hospital 3648,Fernandez Juncos,Proprietary,-1,None,None,Below,None,Below,None,None,0,Unknown,Unknown,15780,Average,Average,14902,Worse,Lower,0,Unknown,Unknown
Hospital 3649,Humacao,Private,-1,Same,None,Same,None,None,None,None,20549,Average,Lower,15436,Average,Average,0,Unknown,Unknown,0,Unknown,Unknown
Hospital 3650,Castaner,Private,-1,None,None,None,None,None,None,None,0,Unknown,Unknown,0,Unknown,Unknown,0,Unknown,Unknown,0,Unknown,Unknown
Hospital 3651,Humacao,Proprietary,-1,None,None,Below,None,None,None,None,0,Unknown,Unknown,0,Unknown,Unknown,0,Unknown,Unknown,0,Unknown,Unknown
Hospital 3652,San Juan,Private,-1,None,None,None,None,None,None,None,0,Unknown,Unknown,0,Unknown,Unknown,0,Unknown,Unknown,0,Unknown,Unknown
Hospital 3653,Cayey,Private,-1,Same,None,Above,None,None,None,None,21225,Average,Average,15384,Average,Average,13296,Average,Lower,0,Unknown,Unknown
Hospital 3654,Mayaguez,Church,-1,None,None,Below,None,None,None,None,0,Unknown,Unknown,0,Unknown,Unknown,13712,Average,Lower,23900,Average,Higher
Hospital 3655,Rio Piedras,Unknown,-1,None,None,None,None,None,None,None,0,Unknown,Unknown,0,Unknown,Unknown,0,Unknown,Unknown,0,Unknown,Unknown
Hospital 3656,Hato Rey,Private,1,Below,Same,Below,None,Below,None,None,20190,Average,Lower,14422,Average,Lower,15284,Worse,Lower,18494,Average,Lower
Hospital 3657,Aibonito,Private,-1,Same,None,Below,None,None,None,None,22395,Average,Average,15398,Average,Average,14718,Average,Lower,16009,Average,Lower
Hospital 3658,Fernandez Juncos,Private,-1,Same,None,Below,None,None,None,None,20435,Average,Lower,14336,Average,Lower,14621,Worse,Lower,0,Unknown,Unknown
Hospital 3659,San German,Church,-1,Same,None,Below,None,None,None,None,21784,Average,Average,15819,Average,Average,16640,Average,Average,0,Unknown,Unknown
Hospital 3660,Ponce,Private,2,Same,None,Below,None,None,Below,None,22131,Average,Average,13693,Average,Lower,14017,Average,Lower,0,Unknown,Unknown
Hospital 3661,Bayamon,Proprietary,-1,None,None,Same,None,None,None,None,0,Unknown,Unknown,16240,Average,Average,13081,Average,Lower,0,Unknown,Unknown
Hospital 3662,Ponce,Church,2,Same,Same,Below,None,Same,None,None,18271,Average,Lower,14228,Average,Lower,15300,Average,Average,0,Unknown,Unknown
Hospital 3663,Guayama,Church,-1,None,None,None,None,None,None,None,0,Unknown,Unknown,0,Unknown,Unknown,0,Unknown,Unknown,0,Unknown,Unknown
Hospital 3664,Rio Piedras,Government,-1,None,None,None,None,None,None,None,0,Unknown,Unknown,0,Unknown,Unknown,0,Unknown,Unknown,0,Unknown,Unknown
Hospital 3665,Aguadilla,Unknown,-1,None,None,Below,None,Below,None,None,0,Unknown,Unknown,13953,Average,Lower,15867,Average,Average,0,Unknown,Unknown
Hospital 3666,Arecibo,Proprietary,-1,None,None,Below,None,None,None,None,0,Unknown,Unknown,14185,Average,Average,17596,Average,Average,0,Unknown,Unknown
Hospital 3667,San Juan,Proprietary,-1,None,None,None,None,None,None,None,0,Unknown,Unknown,0,Unknown,Unknown,18474,Average,Average,0,Unknown,Unknown
Hospital 3668,Bayamon,Proprietary,-1,None,None,None,None,Below,Below,None,0,Unknown,Unknown,0,Unknown,Unknown,0,Unknown,Unknown,0,Unknown,Unknown
Hospital 3669,Mayaguez,Proprietary,-1,Same,None,Below,None,None,None,None,20210,Average,Lower,16836,Average,Average,19765,Average,Average,0,Unknown,Unknown
Hospital 3670,Caguas,Private,-1,None,None,None,None,Same,None,None,0,Unknown,Unknown,0,Unknown,Unknown,14475,Average,Lower,0,Unknown,Unknown
Hospital 3671,Bayamon,Government,-1,None,None,None,None,None,None,None,0,Unknown,Unknown,0,Unknown,Unknown,0,Unknown,Unknown,0,Unknown,Unknown
Hospital 3672,San Juan,Proprietary,-1,None,None,Below,None,None,None,None,0,Unknown,Unknown,14333,Average,Average,16074,Worse,Average,0,Unknown,Unknown
Hospital 3673,Bayamon,Proprietary,1,Same,Same,Below,None,Below,None,None,20853,Average,Lower,14654,Average,Lower,17317,Average,Average,23991,Average,Average
Hospital 3674,Yauco,Proprietary,-1,None,None,None,None,None,None,None,0,Unknown,Unknown,0,Unknown,Unknown,0,Unknown,Unknown,0,Unknown,Unknown
Hospital 3675,Moca,Private,-1,None,None,Same,None,None,None,None,0,Unknown,Unknown,0,Unknown,Unknown,0,Unknown,Unknown,0,Unknown,Unknown
Hospital 3676,Carolina,Proprietary,-1,None,None,None,None,Same,None,None,0,Unknown,Unknown,0,Unknown,Unknown,15455,Average,Average,0,Unknown,Unknown
Hospital 3677,Coto Laurel,Private,-1,None,None,None,None,None,None,None,0,Unknown,Unknown,0,Unknown,Unknown,0,Unknown,Unknown,0,Unknown,Unknown
Hospital 3678,Manati,Proprietary,-1,Same,None,Below,None,None,None,None,23041,Average,Average,15171,Average,Average,18544,Average,Average,0,Unknown,Unknown
Hospital 3679,Vega Baja,Proprietary,-1,None,None,None,None,None,None,None,0,Unknown,Unknown,0,Unknown,Unknown,0,Unknown,Unknown,0,Unknown,Unknown
Hospital 3680,Arecibo,Private,-1,None,None,None,None,None,None,None,0,Unknown,Unknown,0,Unknown,Unknown,0,Unknown,Unknown,0,Unknown,Unknown
Hospital 3681,Manati,Proprietary,2,Same,None,Below,None,Same,None,None,0,Unknown,Unknown,14180,Average,Lower,17415,Average,Average,22968,Average,Average
Hospital 3682,Caguas,Proprietary,1,Same,None,Below,None,Below,None,None,20764,Average,Average,14849,Average,Average,16936,Average,Average,0,Unknown,Unknown
Hospital 3683,Alt De Santa,Proprietary,-1,None,None,None,None,None,None,None,0,Unknown,Unknown,0,Unknown,Unknown,0,Unknown,Unknown,0,Unknown,Unknown
Hospital 3684,Mayaguez,Private,-1,None,None,None,None,None,None,None,0,Unknown,Unknown,0,Unknown,Unknown,14569,Average,Lower,0,Unknown,Unknown
Hospital 3685,Rio Piedras,Government,-1,Same,None,Same,None,None,None,None,22682,Average,Average,16150,Average,Average,0,Unknown,Unknown,0,Unknown,Unknown
Hospital 3686,Fajardo,Proprietary,-1,None,None,Below,None,Below,None,None,0,Unknown,Unknown,0,Unknown,Unknown,16476,Average,Average,0,Unknown,Unknown
Hospital 3687,San German,Proprietary,-1,None,None,None,None,None,None,None,0,Unknown,Unknown,0,Unknown,Unknown,0,Unknown,Unknown,0,Unknown,Unknown
Hospital 3688,San Juan,Government,-1,None,None,None,None,None,None,None,0,Unknown,Unknown,0,Unknown,Unknown,0,Unknown,Unknown,0,Unknown,Unknown
Hospital 3689,Hato Rey,Private,-1,None,None,None,None,None,None,None,0,Unknown,Unknown,0,Unknown,Unknown,16070,Average,Average,0,Unknown,Unknown
Hospital 3690,Bda Nueva,Proprietary,-1,None,None,None,None,None,None,None,0,Unknown,Unknown,0,Unknown,Unknown,0,Unknown,Unknown,0,Unknown,Unknown
Hospital 3691,Fajardo,Proprietary,-1,None,None,None,None,None,None,None,0,Unknown,Unknown,0,Unknown,Unknown,0,Unknown,Unknown,0,Unknown,Unknown
Hospital 3692,Carolina,Government,-1,None,None,None,None,None,None,None,0,Unknown,Unknown,0,Unknown,Unknown,0,Unknown,Unknown,0,Unknown,Unknown
Hospital 3693,San Juan,Proprietary,-1,None,None,None,None,None,None,None,0,Unknown,Unknown,0,Unknown,Unknown,0,Unknown,Unknown,0,Unknown,Unknown
Hospital 3694,San Juan,Proprietary,-1,None,None,None,None,None,None,None,0,Unknown,Unknown,0,Unknown,Unknown,0,Unknown,Unknown,0,Unknown,Unknown
Hospital 3695,San Juan,Government,-1,None,None,None,None,None,None,None,0,Unknown,Unknown,0,Unknown,Unknown,0,Unknown,Unknown,0,Unknown,Unknown
Hospital 3696,Providence,Private,3,Same,Same,Below,Same,Same,Below,None,22491,Average,Average,17247,Average,Average,17685,Average,Average,22584,Average,Average
Hospital 3697,North Providence,Private,2,Same,Below,Below,Same,Same,Same,None,23331,Average,Average,17849,Average,Average,16707,Average,Average,24493,Average,Higher
Hospital 3698,Newport,Private,5,Above,Below,Above,Above,Same,Same,Same,25192,Average,Average,15741,Average,Average,16418,Average,Average,24347,Average,Higher
Hospital 3699,Providence,Private,2,Same,Below,Below,Below,Same,Below,Above,20326,Average,Lower,15875,Average,Average,17552,Average,Average,22610,Average,Average
Hospital 3700,Wakefield,Private,5,Same,Above,Above,Above,Same,Below,Same,23899,Average,Average,15946,Average,Average,15498,Better,Lower,19510,Average,Lower
Hospital 3701,Warwick,Proprietary,2,Same,Below,Below,Below,Below,Below,Above,22731,Average,Average,16279,Average,Average,17926,Average,Average,24376,Average,Higher
Hospital 3702,Providence,Private,3,None,Above,None,Same,Same,Above,None,0,Unknown,Unknown,0,Unknown,Unknown,0,Unknown,Unknown,0,Unknown,Unknown
Hospital 3703,Woonsocket,Private,3,Same,Above,Below,Below,Same,Same,None,24674,Average,Average,18090,Average,Higher,19097,Average,Higher,0,Unknown,Unknown
Hospital 3704,Providence,Private,4,Above,Same,Below,Above,Same,Below,Above,22226,Average,Lower,16173,Average,Average,16233,Better,Lower,21845,Average,Average
Hospital 3705,Westerly,Private,4,Same,Above,Above,Same,Same,Below,Same,23927,Average,Average,16136,Average,Average,17786,Average,Average,22925,Average,Average
Hospital 3706,Rock Hill,Proprietary,1,Below,Above,Below,Below,Same,Below,Above,22841,Average,Average,17323,Worse,Average,17315,Worse,Average,25362,Average,Higher
Hospital 3707,Charleston,Government,2,Below,Below,Below,Above,Same,Below,Same,22772,Average,Average,15840,Average,Average,16342,Average,Lower,22084,Average,Average
Hospital 3708,Dillon,Private,4,Same,None,Same,Above,Same,Above,Same,23291,Average,Average,17735,Average,Average,16330,Average,Average,0,Unknown,Unknown
Hospital 3709,Spartanburg,Government,2,Below,Below,Above,Above,Same,Below,Above,22370,Average,Lower,15707,Average,Lower,17176,Average,Average,24788,Worse,Higher
Hospital 3710,Seneca,Private,4,Same,Above,Above,Same,Same,Same,Same,22800,Average,Average,16240,Average,Average,18287,Average,Average,23755,Average,Higher
Hospital 3711,Hartsville,Proprietary,2,Same,Same,Below,Same,Same,Above,Same,22519,Average,Average,14844,Average,Lower,17363,Average,Average,24569,Average,Higher
Hospital 3712,Pickens,Private,3,Same,None,Same,None,Same,Same,None,0,Unknown,Unknown,16029,Average,Average,17010,Average,Average,0,Unknown,Unknown
Hospital 3713,Easley,Private,2,Same,Below,Below,Same,Same,Same,Same,24278,Average,Average,19160,Average,Higher,19831,Average,Higher,24855,Average,Higher
Hospital 3714,Columbia,Private,2,Same,Below,Above,Same,Below,Below,Above,25227,Average,Average,16919,Average,Average,17775,Average,Average,22021,Average,Average
Hospital 3715,Chester,Proprietary,3,Same,None,Same,Same,Same,Above,Same,0,Unknown,Unknown,15198,Average,Average,15519,Average,Lower,0,Unknown,Unknown
Hospital 3716,Georgetown,Private,3,Same,Above,Above,Below,Same,Same,Below,24943,Average,Average,16374,Average,Average,17637,Average,Average,21532,Average,Average
Hospital 3717,Greenville,Private,4,Below,Above,Above,Above,Same,Below,Same,26635,Average,Higher,18383,Average,Higher,18006,Worse,Average,20844,Better,Lower
Hospital 3718,Columbia,Proprietary,4,Same,Above,Above,Below,Same,Below,Same,21847,Average,Lower,15863,Average,Average,17159,Average,Average,22242,Average,Average
Hospital 3719,Anderson,Private,3,Same,Above,Below,Below,Below,Below,Same,22050,Average,Average,18203,Average,Higher,18831,Average,Higher,25987,Average,Higher
Hospital 3720,Walterboro,Proprietary,3,Same,Above,Below,Same,Same,Above,Same,0,Unknown,Unknown,16388,Average,Average,16998,Average,Average,21345,Average,Average
Hospital 3721,Greer,Private,5,Same,Above,Above,Above,Same,Same,Same,0,Unknown,Unknown,15989,Average,Average,17436,Average,Average,17575,Average,Lower
Hospital 3722,Lancaster,Proprietary,2,Same,Below,Above,Below,Same,Same,Same,22488,Average,Average,15607,Average,Average,18006,Average,Average,0,Unknown,Unknown
Hospital 3723,Simpsonville,Private,4,Same,Above,Same,Above,Same,Same,Same,0,Unknown,Unknown,15641,Average,Average,18177,Average,Average,20220,Average,Lower
Hospital 3724,Clinton,Private,4,Same,Same,Above,Same,Same,Same,Same,0,Unknown,Unknown,15999,Average,Average,19079,Average,Higher,21824,Average,Average
Hospital 3725,Gaffney,Private,2,Same,None,Same,Below,Same,Same,Same,0,Unknown,Unknown,15399,Average,Average,17874,Average,Average,0,Unknown,Unknown
Hospital 3726,Camden,Proprietary,4,Same,Above,Above,Below,Same,Above,Same,24279,Average,Average,17777,Average,Average,16341,Average,Lower,22991,Average,Average
Hospital 3727,Conway,Private,4,Same,Above,Above,Same,Same,Same,Same,24801,Average,Average,14640,Average,Lower,16576,Average,Average,18229,Average,Lower
Hospital 3728,Florence,Unknown,3,Same,Below,Above,Above,Same,Below,Above,21265,Average,Lower,15686,Average,Lower,17658,Average,Average,19479,Average,Lower
Hospital 3729,Newberry,Unknown,4,Same,Same,Above,Above,Same,Same,Same,0,Unknown,Unknown,16893,Average,Average,17282,Average,Average,19501,Average,Lower
Hospital 3730,Mullins,Proprietary,2,Same,None,Below,Below,Same,Same,Same,0,Unknown,Unknown,13929,Average,Lower,16358,Average,Average,0,Unknown,Unknown
Hospital 3731,Darlington,Private,-1,None,None,None,None,None,None,None,0,Unknown,Unknown,0,Unknown,Unknown,0,Unknown,Unknown,0,Unknown,Unknown
Hospital 3732,Charleston,Private,5,Same,Above,Above,Above,Same,Same,Same,0,Unknown,Unknown,16754,Average,Average,18009,Average,Average,0,Unknown,Unknown
Hospital 3733,Lake City,Private,2,Same,None,Below,None,Below,Above,Same,0,Unknown,Unknown,15329,Average,Average,14817,Average,Lower,0,Unknown,Unknown
Hospital 3734,Beaufort,Unknown,3,Same,Below,Above,Same,Above,Below,Same,20795,Average,Lower,14020,Average,Lower,15951,Average,Lower,20584,Average,Lower
Hospital 3735,Orangeburg,Government,1,Same,Below,Below,Below,Same,Below,Same,22565,Average,Average,15165,Average,Lower,17788,Worse,Average,26079,Average,Higher
Hospital 3736,Sumter,Private,2,Same,Below,Below,Same,Same,Below,Below,23796,Average,Average,15946,Average,Average,16792,Average,Average,19450,Average,Lower
Hospital 3737,Greenwood,Private,4,Same,Above,Above,Same,Below,Same,Same,23692,Average,Average,16233,Average,Average,17646,Average,Average,23054,Average,Higher
Hospital 3738,Varnville,Private,2,None,None,Below,None,Same,Same,None,0,Unknown,Unknown,14313,Average,Lower,14537,Average,Lower,19083,Average,Lower
Hospital 3739,West Columbia,Government,3,Same,Below,Above,Above,Same,Below,Above,23373,Average,Average,17938,Average,Higher,17085,Average,Average,22635,Average,Average
Hospital 3740,Greenville,Private,3,Same,Below,Above,Same,Below,Below,Same,24740,Average,Average,17517,Average,Higher,19419,Average,Higher,0,Unknown,Unknown
Hospital 3741,Charleston,Proprietary,1,Below,Above,Below,Below,Above,Same,Same,26227,Average,Higher,17148,Worse,Average,17586,Average,Average,22064,Average,Average
Hospital 3742,Hilton Head Island,Proprietary,2,Below,Same,Same,Below,Same,Below,Below,27658,Average,Higher,16857,Average,Average,15251,Average,Lower,19777,Average,Lower
Hospital 3743,Aiken,Proprietary,2,Same,Below,Above,Below,Same,Same,Same,24550,Average,Average,15754,Average,Average,17701,Average,Average,24097,Worse,Higher
Hospital 3744,Spartanburg,Proprietary,3,Same,Same,Same,Same,Same,Same,Same,23556,Average,Average,17112,Average,Average,17919,Average,Average,25448,Average,Higher
Hospital 3745,Myrtle Beach,Proprietary,3,Same,Above,Below,Below,Above,Above,Above,24848,Average,Average,15352,Better,Lower,17264,Average,Average,20190,Worse,Lower
Hospital 3746,Columbia,Private,3,Same,Same,Same,Same,Same,Below,Above,21336,Average,Average,17181,Average,Average,17011,Average,Average,20314,Average,Lower
Hospital 3747,Charleston,Private,5,Same,Above,Above,Above,Same,Above,Same,26486,Average,Higher,17523,Average,Higher,17847,Average,Average,19930,Average,Lower
Hospital 3748,Mount Pleasant,Proprietary,4,Same,Below,Above,Above,Same,Above,Same,0,Unknown,Unknown,16887,Average,Average,17120,Average,Average,19232,Average,Lower
Hospital 3749,Florence,Proprietary,2,Above,Below,Below,Same,Same,Above,Same,22894,Average,Average,15551,Better,Lower,16710,Average,Average,19707,Average,Lower
Hospital 3750,Murrells Inlet,Private,5,Same,Above,Above,Above,Above,Same,Below,24445,Average,Average,15739,Average,Average,17466,Average,Average,19059,Average,Lower
Hospital 3751,Hardeeville,Proprietary,3,Same,None,Below,Below,Same,Same,Same,0,Unknown,Unknown,15039,Average,Average,17327,Average,Average,0,Unknown,Unknown
Hospital 3752,Greenville,Private,5,None,Above,Above,Above,Same,None,Below,0,Unknown,Unknown,0,Unknown,Unknown,0,Unknown,Unknown,18475,Average,Lower
Hospital 3753,Greer,Government,3,Same,Below,Above,Above,Same,Same,Same,0,Unknown,Unknown,16987,Average,Average,17540,Average,Average,20814,Average,Lower
Hospital 3754,Mount Pleasant,Private,4,Same,Same,Above,Above,Same,Above,Same,0,Unknown,Unknown,15758,Average,Average,17628,Average,Average,0,Unknown,Unknown
Hospital 3755,Loris,Private,4,Same,Same,Above,Above,Same,Above,Above,24674,Average,Average,17390,Average,Average,17487,Average,Average,20145,Average,Lower
Hospital 3756,Columbia,Private,4,Same,Same,Above,Above,Same,Below,Above,0,Unknown,Unknown,16595,Average,Average,19753,Better,Higher,17728,Average,Lower
Hospital 3757,Cheraw,Private,2,Same,Same,Below,Same,Same,Above,Same,0,Unknown,Unknown,15910,Average,Average,17862,Average,Average,0,Unknown,Unknown
Hospital 3758,Union,Unknown,3,Same,None,Same,None,Below,Above,None,0,Unknown,Unknown,0,Unknown,Unknown,14960,Average,Lower,0,Unknown,Unknown
Hospital 3759,Manning,Private,3,Same,None,Above,Same,Same,Above,Same,0,Unknown,Unknown,0,Unknown,Unknown,16573,Average,Average,0,Unknown,Unknown
Hospital 3760,Fairfax,Government,-1,None,None,None,None,None,None,None,0,Unknown,Unknown,0,Unknown,Unknown,0,Unknown,Unknown,0,Unknown,Unknown
Hospital 3761,Abbeville,Government,4,None,None,Same,Above,Same,Above,Same,0,Unknown,Unknown,0,Unknown,Unknown,14548,Average,Lower,24265,Average,Average
Hospital 3762,Winnsboro,Unknown,-1,None,None,None,None,None,None,None,0,Unknown,Unknown,0,Unknown,Unknown,0,Unknown,Unknown,0,Unknown,Unknown
Hospital 3763,Kingstree,Private,3,None,None,Same,Above,Same,Same,None,0,Unknown,Unknown,16949,Unknown,Unknown,17168,Average,Average,0,Unknown,Unknown
Hospital 3764,Edgefield,Government,-1,None,None,None,None,Same,Above,None,0,Unknown,Unknown,0,Unknown,Unknown,17826,Average,Average,0,Unknown,Unknown
Hospital 3765,Greenville,Private,-1,None,None,None,None,None,None,None,0,Unknown,Unknown,0,Unknown,Unknown,0,Unknown,Unknown,0,Unknown,Unknown
Hospital 3766,Watertown,Private,3,Same,Same,Below,Below,Same,Above,Below,23128,Average,Average,16358,Average,Average,15374,Average,Lower,23367,Average,Higher
Hospital 3767,Brookings,Government,4,Same,None,Same,Above,Same,Above,Same,0,Unknown,Unknown,13839,Average,Lower,12945,Average,Lower,0,Unknown,Unknown
Hospital 3768,Yankton,Private,3,Same,Above,Above,Same,Above,Above,Same,21992,Average,Average,16430,Average,Average,16143,Average,Lower,21007,Average,Lower
Hospital 3769,Mitchell,Private,4,Same,Above,Above,Same,Same,Above,Same,0,Unknown,Unknown,15567,Average,Average,15182,Average,Lower,19485,Average,Lower
Hospital 3770,Aberdeen,Church,4,Same,Same,Above,Same,Same,Above,Same,23384,Average,Average,16338,Average,Average,17793,Average,Average,22784,Average,Average
Hospital 3771,Pierre,Private,4,Same,Above,Same,Same,Same,Above,Same,0,Unknown,Unknown,15978,Average,Average,15246,Average,Lower,18649,Average,Lower
Hospital 3772,Sioux Falls,Private,3,Same,Below,Above,Same,Same,Above,Below,21603,Average,Average,15157,Average,Lower,17076,Average,Average,21558,Average,Average
Hospital 3773,Sioux Falls,Private,4,Same,Above,Above,Above,Same,Same,Above,23518,Average,Average,18357,Average,Higher,18589,Average,Higher,19476,Average,Lower
Hospital 3774,Spearfish,Private,4,Same,Same,Above,Above,Same,Same,Same,0,Unknown,Unknown,16113,Average,Average,17880,Average,Average,19341,Average,Lower
Hospital 3775,Rapid City,Private,3,Same,Below,Above,Below,Same,Same,Same,24911,Average,Average,16701,Average,Average,17469,Average,Average,23867,Average,Higher
Hospital 3776,Rapid City,Government,-1,None,None,None,None,None,None,None,0,Unknown,Unknown,0,Unknown,Unknown,0,Unknown,Unknown,0,Unknown,Unknown
Hospital 3777,Eagle Butte,Government,-1,None,None,None,None,None,None,None,0,Unknown,Unknown,0,Unknown,Unknown,0,Unknown,Unknown,0,Unknown,Unknown
Hospital 3778,Rosebud,Government,-1,None,None,None,None,None,None,None,0,Unknown,Unknown,0,Unknown,Unknown,13543,Average,Lower,0,Unknown,Unknown
Hospital 3779,Dakota Dunes,Proprietary,5,None,None,Above,Above,Same,None,None,0,Unknown,Unknown,0,Unknown,Unknown,0,Unknown,Unknown,18352,Average,Lower
Hospital 3780,Sioux Falls,Proprietary,5,None,None,Above,Above,Same,None,None,0,Unknown,Unknown,0,Unknown,Unknown,0,Unknown,Unknown,18910,Average,Lower
Hospital 3781,Rapid City,Proprietary,-1,None,None,None,Above,None,None,None,0,Unknown,Unknown,0,Unknown,Unknown,0,Unknown,Unknown,19395,Average,Lower
Hospital 3782,Rapid City,Proprietary,-1,None,None,None,None,None,None,None,0,Unknown,Unknown,0,Unknown,Unknown,0,Unknown,Unknown,0,Unknown,Unknown
Hospital 3783,Sioux Falls,Proprietary,5,Same,Above,Above,Above,Same,Above,Same,24202,Average,Average,18211,Average,Average,0,Unknown,Unknown,0,Unknown,Unknown
Hospital 3784,Aberdeen,Private,5,Same,Above,Above,Above,Same,Above,Same,25101,Average,Average,15630,Average,Average,15862,Average,Lower,23332,Average,Average
Hospital 3785,Madison,Private,-1,None,None,Above,None,None,None,None,0,Unknown,Unknown,0,Unknown,Unknown,18730,Average,Average,0,Unknown,Unknown
Hospital 3786,Faulkton,Private,-1,None,None,None,None,None,None,None,0,Unknown,Unknown,0,Unknown,Unknown,0,Unknown,Unknown,0,Unknown,Unknown
Hospital 3787,Gettysburg,Church,-1,None,None,None,None,None,None,None,0,Unknown,Unknown,0,Unknown,Unknown,0,Unknown,Unknown,0,Unknown,Unknown
Hospital 3788,Armour,Private,-1,None,None,None,None,None,None,None,0,Unknown,Unknown,0,Unknown,Unknown,16336,Average,Average,0,Unknown,Unknown
Hospital 3789,Platte,Private,-1,None,None,Same,None,None,Same,None,0,Unknown,Unknown,0,Unknown,Unknown,18956,Average,Average,0,Unknown,Unknown
Hospital 3790,Clear Lake,Private,-1,None,None,None,None,None,None,None,0,Unknown,Unknown,0,Unknown,Unknown,19284,Average,Average,0,Unknown,Unknown
Hospital 3791,Eureka,Government,-1,None,None,None,None,None,None,None,0,Unknown,Unknown,0,Unknown,Unknown,0,Unknown,Unknown,0,Unknown,Unknown
Hospital 3792,Burke,Private,-1,None,None,None,None,None,None,None,0,Unknown,Unknown,0,Unknown,Unknown,0,Unknown,Unknown,0,Unknown,Unknown
Hospital 3793,Flandreau,Private,-1,None,None,None,None,None,None,None,0,Unknown,Unknown,0,Unknown,Unknown,15032,Average,Average,0,Unknown,Unknown
Hospital 3794,Webster,Private,-1,None,None,None,None,None,None,None,0,Unknown,Unknown,0,Unknown,Unknown,15175,Average,Average,0,Unknown,Unknown
Hospital 3795,Britton,Proprietary,-1,None,None,None,None,None,None,None,0,Unknown,Unknown,0,Unknown,Unknown,0,Unknown,Unknown,0,Unknown,Unknown
Hospital 3796,Freeman,Private,-1,None,None,None,None,None,None,None,0,Unknown,Unknown,0,Unknown,Unknown,14334,Average,Lower,0,Unknown,Unknown
Hospital 3797,Martin,Unknown,-1,None,None,None,None,None,None,None,0,Unknown,Unknown,0,Unknown,Unknown,0,Unknown,Unknown,0,Unknown,Unknown
Hospital 3798,Wagner,Unknown,-1,None,None,Same,None,None,None,None,0,Unknown,Unknown,0,Unknown,Unknown,18071,Average,Average,0,Unknown,Unknown
Hospital 3799,Redfield,Government,-1,None,None,Below,None,None,None,None,0,Unknown,Unknown,0,Unknown,Unknown,13588,Average,Lower,0,Unknown,Unknown
Hospital 3800,Scotland,Government,-1,None,None,None,None,None,None,None,0,Unknown,Unknown,0,Unknown,Unknown,0,Unknown,Unknown,0,Unknown,Unknown
Hospital 3801,Bowdle,Government,-1,None,None,None,None,None,None,None,0,Unknown,Unknown,0,Unknown,Unknown,0,Unknown,Unknown,0,Unknown,Unknown
Hospital 3802,Philip,Private,-1,None,None,None,None,None,None,None,0,Unknown,Unknown,0,Unknown,Unknown,21471,Average,Higher,0,Unknown,Unknown
Hospital 3803,Deadwood,Private,-1,None,None,None,None,None,Same,Same,0,Unknown,Unknown,0,Unknown,Unknown,0,Unknown,Unknown,0,Unknown,Unknown
Hospital 3804,Sturgis,Unknown,4,None,None,Above,None,None,Above,Same,0,Unknown,Unknown,0,Unknown,Unknown,18750,Average,Average,0,Unknown,Unknown
Hospital 3805,Hot Springs,Government,-1,None,None,Same,None,None,None,Same,0,Unknown,Unknown,0,Unknown,Unknown,22397,Average,Higher,0,Unknown,Unknown
Hospital 3806,Custer,Private,-1,None,None,None,None,Same,Above,None,0,Unknown,Unknown,0,Unknown,Unknown,15636,Average,Average,0,Unknown,Unknown
Hospital 3807,Wessington Springs,Private,-1,None,None,None,None,None,None,None,0,Unknown,Unknown,0,Unknown,Unknown,15887,Average,Average,0,Unknown,Unknown
Hospital 3808,Mobridge,Private,-1,Same,None,Same,None,None,None,None,0,Unknown,Unknown,18316,Average,Average,15230,Average,Lower,0,Unknown,Unknown
Hospital 3809,Milbank,Private,-1,None,None,None,None,None,None,None,0,Unknown,Unknown,0,Unknown,Unknown,18664,Average,Average,0,Unknown,Unknown
Hospital 3810,Tyndall,Government,-1,None,None,None,None,None,None,None,0,Unknown,Unknown,0,Unknown,Unknown,21514,Average,Higher,0,Unknown,Unknown
Hospital 3811,Viborg,Private,-1,None,None,None,None,Same,None,None,0,Unknown,Unknown,0,Unknown,Unknown,15086,Average,Average,0,Unknown,Unknown
Hospital 3812,Chamberlain,Private,-1,None,None,None,None,None,None,None,0,Unknown,Unknown,0,Unknown,Unknown,14412,Average,Lower,0,Unknown,Unknown
Hospital 3813,Parkston,Private,3,None,None,Below,None,Same,Above,None,0,Unknown,Unknown,19586,Average,Higher,18820,Average,Average,0,Unknown,Unknown
Hospital 3814,Dell Rapids,Private,-1,None,None,None,None,None,None,None,0,Unknown,Unknown,0,Unknown,Unknown,18131,Average,Average,0,Unknown,Unknown
Hospital 3815,De Smet,Private,-1,None,None,None,None,None,None,None,0,Unknown,Unknown,0,Unknown,Unknown,0,Unknown,Unknown,0,Unknown,Unknown
Hospital 3816,Canton,Private,-1,None,None,None,None,None,None,None,0,Unknown,Unknown,0,Unknown,Unknown,16588,Average,Average,0,Unknown,Unknown
Hospital 3817,Winner,Private,-1,None,None,None,None,None,None,None,0,Unknown,Unknown,0,Unknown,Unknown,16822,Average,Average,0,Unknown,Unknown
Hospital 3818,Huron,Private,2,Same,None,Below,Same,None,None,Same,0,Unknown,Unknown,15144,Average,Average,14567,Average,Lower,19917,Average,Average
Hospital 3819,Vermillion,Private,-1,None,None,Same,None,None,None,None,0,Unknown,Unknown,0,Unknown,Unknown,15814,Average,Average,0,Unknown,Unknown
Hospital 3820,Miller,Private,-1,Same,None,Same,None,None,None,None,0,Unknown,Unknown,17408,Average,Average,18099,Average,Average,0,Unknown,Unknown
Hospital 3821,Gregory,Private,5,Same,None,Same,Above,None,None,None,0,Unknown,Unknown,15967,Average,Average,17588,Average,Average,0,Unknown,Unknown
Hospital 3822,Sisseton,Private,3,None,None,Same,None,Same,Same,None,0,Unknown,Unknown,15844,Average,Average,14135,Average,Lower,0,Unknown,Unknown
Hospital 3823,Sioux Falls,Private,-1,None,None,None,None,None,None,None,0,Unknown,Unknown,0,Unknown,Unknown,0,Unknown,Unknown,0,Unknown,Unknown
Hospital 3824,Erwin,Private,3,Same,None,Below,None,Same,Above,None,0,Unknown,Unknown,0,Unknown,Unknown,15576,Average,Average,0,Unknown,Unknown
Hospital 3825,Jackson,Government,1,Below,Below,Below,Above,Same,Same,Same,23694,Average,Average,16951,Worse,Average,18616,Worse,Higher,24661,Average,Higher
Hospital 3826,Gallatin,Proprietary,2,Same,Above,Below,Same,Above,Above,Same,24819,Average,Average,16505,Average,Average,18106,Worse,Average,18998,Average,Lower
Hospital 3827,Nashville,Private,2,Below,Same,Below,Below,Same,Same,Same,22873,Average,Average,15893,Average,Average,19504,Average,Higher,19931,Average,Lower
Hospital 3828,Manchester,Unknown,4,Same,None,Same,Same,Below,Above,Same,0,Unknown,Unknown,15865,Average,Average,15798,Average,Lower,0,Unknown,Unknown
Hospital 3829,Lexington,Proprietary,3,Same,None,Same,None,Same,Above,Same,0,Unknown,Unknown,15541,Average,Average,15364,Average,Lower,0,Unknown,Unknown
Hospital 3830,Crossville,Private,3,Same,Above,Below,Same,Same,Below,Below,24120,Average,Average,15739,Average,Average,17047,Average,Average,20033,Average,Lower
Hospital 3831,Waynesboro,Unknown,3,Same,None,Same,None,Same,Above,Same,0,Unknown,Unknown,14847,Average,Average,13662,Average,Lower,0,Unknown,Unknown
Hospital 3832,Maryville,Government,2,Same,Below,Below,Below,Same,Same,Above,20861,Average,Lower,15485,Average,Lower,17474,Average,Average,19706,Average,Lower
Hospital 3833,Bristol,Government,1,Same,Below,Below,Same,Below,Same,Same,22841,Average,Average,16251,Average,Average,16838,Average,Average,21772,Average,Average
Hospital 3834,Knoxville,Private,2,Same,Below,Above,Above,Same,Below,Same,23796,Average,Average,17327,Average,Average,18741,Average,Higher,18881,Average,Lower
Hospital 3835,Huntingdon,Private,4,Same,None,Above,None,Same,Above,Same,0,Unknown,Unknown,17068,Average,Average,17614,Average,Average,0,Unknown,Unknown
Hospital 3836,Kingsport,Private,2,Same,Below,Below,Same,Same,Below,Below,20214,Average,Lower,16568,Average,Average,18334,Average,Higher,19097,Average,Lower
Hospital 3837,Elizabethton,Private,3,Same,Same,Below,Same,Same,Above,Same,23185,Average,Average,16778,Average,Average,18316,Average,Average,25076,Average,Higher
Hospital 3838,Pulaski,Proprietary,4,Same,None,Same,Same,Same,Above,Same,0,Unknown,Unknown,15446,Average,Average,17400,Average,Average,0,Unknown,Unknown
Hospital 3839,Greeneville,Private,2,Below,Same,Below,Same,Same,Above,Same,22487,Average,Average,15370,Average,Average,17002,Worse,Average,19279,Average,Lower
Hospital 3840,Franklin,Government,5,Same,Above,Above,Above,Same,Above,Same,23353,Average,Average,16211,Average,Average,16148,Average,Lower,21335,Average,Lower
Hospital 3841,Morristown,Government,2,Same,Above,Below,Same,Same,Below,Same,21298,Average,Lower,15670,Average,Average,17532,Average,Average,21984,Average,Average
Hospital 3842,Harriman,Government,2,Same,Below,Below,Same,Same,Same,Same,0,Unknown,Unknown,14862,Average,Lower,16851,Average,Average,0,Unknown,Unknown
Hospital 3843,Rogersville,Private,3,Same,None,Same,Same,Same,Above,Same,0,Unknown,Unknown,16293,Average,Average,17317,Average,Average,0,Unknown,Unknown
Hospital 3844,La Follette,Church,2,Same,Same,Below,Below,Same,Same,Same,0,Unknown,Unknown,15798,Average,Average,16584,Average,Average,0,Unknown,Unknown
Hospital 3845,Oak Ridge,Private,1,Same,Below,Below,Above,Same,Same,Above,23006,Average,Average,16120,Average,Average,16983,Average,Average,20133,Average,Lower
Hospital 3846,Clarksville,Government,2,Below,Above,Above,Below,Same,Same,Same,24225,Average,Average,17042,Average,Average,18458,Worse,Higher,19179,Average,Lower
Hospital 3847,Nashville,Private,3,Same,Above,Below,Above,Same,Below,Above,23510,Average,Average,17227,Average,Average,17738,Average,Average,21278,Average,Average
Hospital 3848,Linden,Proprietary,3,Same,None,Below,None,Below,Above,None,0,Unknown,Unknown,14110,Average,Lower,13430,Average,Lower,0,Unknown,Unknown
Hospital 3849,Dickson,Proprietary,3,Same,Above,Below,Same,Above,Above,Above,24667,Average,Average,16065,Average,Average,17677,Average,Average,26325,Average,Higher
Hospital 3850,Memphis,Private,1,Above,Below,Below,Below,Above,Above,Above,24251,Average,Average,18092,Average,Higher,17801,Better,Average,18615,Average,Lower
Hospital 3851,Memphis,Church,2,Same,Below,Below,Same,Below,Below,Above,23882,Average,Average,17003,Average,Average,17935,Average,Average,19591,Average,Lower
Hospital 3852,Greeneville,Private,2,Same,Below,Below,Same,Same,Same,Same,0,Unknown,Unknown,15671,Average,Average,15639,Average,Lower,22815,Average,Average
Hospital 3853,Murfreesboro,Church,1,Below,Below,Below,Above,Same,Same,Above,23290,Average,Average,15530,Average,Lower,16273,Worse,Lower,18180,Better,Lower
Hospital 3854,Jefferson City,Proprietary,3,Same,None,Below,Same,Same,Above,Same,0,Unknown,Unknown,15996,Average,Average,18182,Average,Average,0,Unknown,Unknown
Hospital 3855,Tazewell,Government,2,Same,None,Below,Same,Below,Same,Same,0,Unknown,Unknown,16145,Average,Average,16417,Average,Average,0,Unknown,Unknown
Hospital 3856,Winchester,Proprietary,3,Same,Same,Above,Below,Below,Above,Same,24006,Average,Average,15890,Average,Average,15438,Average,Lower,21404,Average,Average
Hospital 3857,Cookeville,Government,4,Same,Above,Above,Below,Same,Below,Same,22401,Average,Lower,15375,Average,Lower,16601,Average,Lower,23146,Average,Higher
Hospital 3858,Milan,Government,4,Same,None,Above,None,Same,Above,Same,0,Unknown,Unknown,16675,Average,Average,16776,Worse,Average,0,Unknown,Unknown
Hospital 3859,Martin,Proprietary,4,Same,None,Above,Same,Same,Above,Same,24863,Average,Average,18615,Average,Higher,17512,Average,Average,0,Unknown,Unknown
Hospital 3860,Johnson City,Private,1,Below,Below,Below,Below,Same,Same,Same,22981,Average,Average,17984,Average,Higher,17729,Worse,Average,19395,Average,Lower
Hospital 3861,Springfield,Unknown,1,Below,Below,Below,Same,Same,Above,Same,23198,Average,Average,17087,Average,Average,17237,Worse,Average,23397,Average,Average
Hospital 3862,Morristown,Proprietary,3,Same,Same,Above,Same,Same,Above,None,22994,Average,Average,15670,Average,Average,17156,Average,Average,21545,Average,Average
Hospital 3863,Athens,Proprietary,2,Below,None,Above,Same,Same,Same,Same,0,Unknown,Unknown,14954,Average,Average,16998,Worse,Average,0,Unknown,Unknown
Hospital 3864,Parsons,Government,3,Same,None,Same,None,Same,Same,None,0,Unknown,Unknown,16818,Average,Average,17040,Average,Average,0,Unknown,Unknown
Hospital 3865,Dyersburg,Proprietary,1,Same,Same,Below,Below,Above,Above,Above,25325,Average,Average,16654,Average,Average,17775,Average,Average,0,Unknown,Unknown
Hospital 3866,Columbia,Government,3,Below,Above,Below,Above,Same,Same,Same,22092,Average,Average,16436,Average,Average,18614,Worse,Higher,21377,Average,Average
Hospital 3867,Sevierville,Unknown,2,Same,Below,Below,Same,Same,Below,Same,23240,Average,Average,15734,Average,Average,19301,Average,Higher,20361,Average,Average
Hospital 3868,Nashville,Church,4,Same,Above,Above,Above,Below,Above,Above,24272,Average,Average,17253,Average,Average,17784,Average,Average,18562,Average,Lower
Hospital 3869,Jamestown,Proprietary,4,Same,None,Above,Same,Same,Same,Below,0,Unknown,Unknown,14593,Average,Lower,15100,Average,Lower,0,Unknown,Unknown
Hospital 3870,Sweetwater,Private,3,Same,Same,Below,Same,Below,Same,Same,0,Unknown,Unknown,15363,Average,Average,16109,Average,Lower,0,Unknown,Unknown
Hospital 3871,Chattanooga,Church,4,Same,Below,Above,Above,Same,Below,Below,24892,Average,Average,16516,Average,Average,17973,Average,Average,19351,Average,Lower
Hospital 3872,Fayetteville,Government,4,Same,Same,Above,Same,Same,Above,Same,0,Unknown,Unknown,15718,Average,Average,17923,Average,Average,23898,Average,Average
Hospital 3873,Chattanooga,Government,2,Below,Same,Above,Below,Same,Below,Same,24546,Worse,Average,17371,Average,Average,19013,Worse,Higher,19902,Average,Lower
Hospital 3874,Savannah,Government,3,Same,None,Below,Same,Same,Same,Above,0,Unknown,Unknown,15454,Average,Average,16279,Average,Lower,0,Unknown,Unknown
Hospital 3875,Lenoir City,Unknown,3,Same,Below,Above,Same,Same,Same,Same,0,Unknown,Unknown,14689,Average,Lower,16292,Average,Average,0,Unknown,Unknown
Hospital 3876,Nashville,Government,2,None,Same,None,Below,Same,Same,None,0,Unknown,Unknown,0,Unknown,Unknown,0,Unknown,Unknown,0,Unknown,Unknown
Hospital 3877,Knoxville,Proprietary,2,Below,Same,Below,Below,Below,Below,Above,23834,Worse,Average,18289,Worse,Higher,17463,Average,Average,19309,Average,Lower
Hospital 3878,Knoxville,Private,2,Below,Below,Above,Same,Below,Below,Same,22430,Average,Average,16767,Average,Average,17187,Average,Average,18758,Average,Lower
Hospital 3879,Union City,Private,2,Same,Above,Below,Same,Same,Above,Same,0,Unknown,Unknown,19180,Average,Higher,18061,Average,Average,24784,Average,Higher
Hospital 3880,Covington,Church,3,Same,None,Same,Same,Same,Above,Same,0,Unknown,Unknown,15712,Average,Average,17206,Average,Average,0,Unknown,Unknown
Hospital 3881,Paris,Government,3,Below,Below,Above,Above,Same,Same,Same,22846,Average,Average,16561,Worse,Average,16700,Average,Average,24738,Average,Higher
Hospital 3882,Nashville,Private,3,Same,Below,Above,Above,Same,Same,Same,20844,Average,Lower,16411,Average,Average,16262,Average,Lower,18756,Average,Lower
Hospital 3883,Shelbyville,Proprietary,3,Same,None,Same,Same,Same,Same,Same,0,Unknown,Unknown,16636,Average,Average,16820,Average,Average,0,Unknown,Unknown
Hospital 3884,Tullahoma,Unknown,3,Same,Below,Above,Same,Same,Same,Same,22805,Average,Average,17153,Average,Average,16188,Average,Lower,26608,Average,Higher
Hospital 3885,Smithville,Church,4,Same,None,Same,Above,Same,Same,Same,0,Unknown,Unknown,15348,Average,Average,16302,Average,Average,0,Unknown,Unknown
Hospital 3886,Hermitage,Proprietary,2,Same,Above,Below,Below,Same,Same,Same,23612,Average,Average,15960,Average,Average,17969,Average,Average,23043,Average,Higher
Hospital 3887,Mc Minnville,Proprietary,3,Same,Above,Same,Same,Same,Same,Same,0,Unknown,Unknown,16338,Average,Average,17432,Average,Average,25250,Average,Higher
Hospital 3888,Memphis,Government,1,None,Below,Same,Below,Same,Below,Same,0,Unknown,Unknown,0,Unknown,Unknown,0,Unknown,Unknown,20955,Average,Average
Hospital 3889,Newport,Church,3,Same,None,Above,Below,Same,Above,Same,0,Unknown,Unknown,16008,Average,Average,17334,Average,Average,0,Unknown,Unknown
Hospital 3890,Chattanooga,Proprietary,3,Same,Below,Above,Below,Above,Same,Same,25966,Average,Higher,17594,Average,Average,18021,Average,Average,21355,Average,Average
Hospital 3891,Memphis,Proprietary,-1,None,None,None,None,Same,None,None,0,Unknown,Unknown,0,Unknown,Unknown,0,Unknown,Unknown,0,Unknown,Unknown
Hospital 3892,Nashville,Proprietary,4,Same,Above,Below,Same,Same,Same,Same,25809,Average,Higher,17597,Average,Average,16194,Average,Lower,18977,Average,Lower
Hospital 3893,Knoxville,Private,2,Below,Above,Above,Above,Same,Below,Same,22207,Average,Lower,16252,Worse,Average,17037,Worse,Average,19865,Average,Lower
Hospital 3894,Lawrenceburg,Unknown,4,Same,Above,Same,Same,Same,Above,Same,0,Unknown,Unknown,16815,Average,Average,15902,Better,Lower,0,Unknown,Unknown
Hospital 3895,Kingsport,Private,4,Same,Same,Same,Same,Same,Above,Same,22606,Average,Average,17362,Average,Average,18876,Average,Higher,21079,Average,Average
Hospital 3896,Jellico,Private,3,Same,None,Above,Same,Same,Same,None,0,Unknown,Unknown,14445,Average,Lower,15834,Average,Average,0,Unknown,Unknown
Hospital 3897,Mc Kenzie,Proprietary,3,Same,None,Above,Below,Same,Above,Same,0,Unknown,Unknown,16455,Average,Average,18013,Average,Average,0,Unknown,Unknown
Hospital 3898,Memphis,Proprietary,3,Same,Above,Above,Below,Same,Same,Same,21094,Average,Lower,16737,Average,Average,19272,Average,Higher,21495,Average,Average
Hospital 3899,Johnson City,Private,4,Same,Above,Below,Above,Same,Same,Below,0,Unknown,Unknown,16512,Average,Average,16611,Average,Average,0,Unknown,Unknown
Hospital 3900,Cleveland,Proprietary,1,Below,Below,Above,Same,Same,Below,Same,23392,Average,Average,15741,Average,Average,18745,Average,Higher,21928,Average,Average
Hospital 3901,Livingston,Proprietary,4,Below,Same,Above,Above,Same,Above,Same,0,Unknown,Unknown,15627,Average,Average,16535,Worse,Average,0,Unknown,Unknown
Hospital 3902,Sparta,Proprietary,3,Same,None,Same,Same,Same,Same,Same,0,Unknown,Unknown,16085,Average,Average,18086,Average,Average,0,Unknown,Unknown
Hospital 3903,Lebanon,Private,2,Same,Same,Below,Below,Same,Same,Same,22722,Average,Average,15493,Average,Average,18302,Average,Average,21403,Average,Average
Hospital 3904,Hendersonville,Unknown,3,Same,Above,Same,Below,Same,Above,Same,22818,Average,Average,16987,Average,Average,17328,Average,Average,18434,Average,Lower
Hospital 3905,Nashville,Proprietary,2,Same,Below,Same,Same,Same,Above,Same,25988,Average,Average,16723,Average,Average,18155,Average,Average,18156,Average,Lower
Hospital 3906,Woodbury,Proprietary,4,Same,None,Above,None,Same,Above,None,0,Unknown,Unknown,15939,Average,Average,16327,Average,Average,0,Unknown,Unknown
Hospital 3907,Nashville,Unknown,-1,None,None,None,Above,None,None,None,0,Unknown,Unknown,0,Unknown,Unknown,0,Unknown,Unknown,18154,Average,Lower
Hospital 3908,Smyrna,Proprietary,2,Same,Below,Below,Same,Same,Same,Same,21662,Average,Average,15976,Average,Average,18494,Average,Average,21531,Average,Average
Hospital 3909,Bartlett,Proprietary,3,Same,Above,Below,Same,Above,Same,Same,25930,Average,Average,16056,Average,Average,19105,Average,Higher,21259,Average,Average
Hospital 3910,Murfreesboro,Proprietary,-1,None,None,None,None,None,None,None,0,Unknown,Unknown,0,Unknown,Unknown,0,Unknown,Unknown,0,Unknown,Unknown
Hospital 3911,Oneida,Proprietary,-1,None,None,None,None,None,None,None,0,Unknown,Unknown,0,Unknown,Unknown,0,Unknown,Unknown,0,Unknown,Unknown
Hospital 3912,Centerville,Private,-1,None,None,None,None,None,None,None,0,Unknown,Unknown,0,Unknown,Unknown,0,Unknown,Unknown,0,Unknown,Unknown
Hospital 3913,Hartsville,Unknown,-1,Same,None,Same,None,None,None,None,0,Unknown,Unknown,16699,Average,Average,18257,Average,Average,0,Unknown,Unknown
Hospital 3914,Waverly,Private,2,None,None,Below,None,Same,Above,Same,0,Unknown,Unknown,0,Unknown,Unknown,15550,Average,Lower,0,Unknown,Unknown
Hospital 3915,Mountain City,Private,-1,None,None,None,None,None,None,None,0,Unknown,Unknown,0,Unknown,Unknown,0,Unknown,Unknown,0,Unknown,Unknown
Hospital 3916,Lafayette,Private,4,Same,None,Above,Above,Same,Same,Same,0,Unknown,Unknown,16396,Average,Average,14800,Average,Lower,0,Unknown,Unknown
Hospital 3917,Pikeville,Government,-1,None,None,None,None,None,None,None,0,Unknown,Unknown,0,Unknown,Unknown,0,Unknown,Unknown,0,Unknown,Unknown
Hospital 3918,Carthage,Proprietary,4,Same,None,Same,Above,Same,Above,None,0,Unknown,Unknown,17701,Average,Average,17293,Average,Average,0,Unknown,Unknown
Hospital 3919,Lewisburg,Government,4,None,None,Same,None,Same,Above,Same,0,Unknown,Unknown,0,Unknown,Unknown,15345,Average,Lower,0,Unknown,Unknown
Hospital 3920,Dayton,Government,2,Below,None,Same,Same,Same,Above,Same,0,Unknown,Unknown,17368,Average,Average,17408,Worse,Average,0,Unknown,Unknown
Hospital 3921,Ashland City,Proprietary,-1,None,None,None,None,Same,Above,Same,0,Unknown,Unknown,0,Unknown,Unknown,0,Unknown,Unknown,0,Unknown,Unknown
Hospital 3922,Sneedville,Unknown,-1,None,None,None,None,None,None,None,0,Unknown,Unknown,0,Unknown,Unknown,18428,Average,Average,0,Unknown,Unknown
Hospital 3923,Ripley,Proprietary,4,None,None,Above,None,Same,Same,None,0,Unknown,Unknown,0,Unknown,Unknown,14312,Average,Lower,0,Unknown,Unknown
Hospital 3924,Camden,Government,3,Same,None,Same,None,Same,Above,Same,0,Unknown,Unknown,17453,Average,Average,19104,Average,Average,0,Unknown,Unknown
Hospital 3925,Celina,Government,-1,Same,None,Above,None,None,None,None,0,Unknown,Unknown,16668,Average,Average,18107,Average,Average,0,Unknown,Unknown
Hospital 3926,Erin,Government,-1,None,None,None,None,None,None,None,0,Unknown,Unknown,0,Unknown,Unknown,0,Unknown,Unknown,0,Unknown,Unknown
Hospital 3927,Memphis,Private,-1,None,None,None,None,None,None,None,0,Unknown,Unknown,0,Unknown,Unknown,0,Unknown,Unknown,0,Unknown,Unknown
Hospital 3928,Knoxville,Private,-1,None,None,None,None,None,None,None,0,Unknown,Unknown,0,Unknown,Unknown,0,Unknown,Unknown,0,Unknown,Unknown
Hospital 3929,El Paso,Proprietary,3,Same,Same,Same,Below,Same,Same,Below,23115,Average,Average,16148,Average,Average,18169,Average,Average,25448,Average,Higher
Hospital 3930,Kerrville,Private,3,Same,Below,Above,Above,Same,Below,Same,26647,Average,Average,16292,Average,Average,18370,Average,Average,22870,Average,Higher
Hospital 3931,Wichita Falls,Private,4,Below,Above,Above,Same,Same,Same,Same,22385,Average,Average,17778,Average,Higher,19267,Average,Higher,24006,Average,Higher
Hospital 3932,Bryan,Private,4,Same,Above,Above,Same,Same,Same,Same,23483,Average,Average,18122,Average,Higher,18001,Average,Average,22078,Average,Average
Hospital 3933,Dallas,Government,2,Same,Below,Below,Same,Below,Below,Same,25432,Average,Average,14518,Average,Lower,15627,Average,Lower,20737,Average,Average
Hospital 3934,Galveston,Government,2,Same,Same,Below,Above,Same,Same,Below,25571,Average,Average,16910,Average,Average,16564,Average,Average,25106,Average,Higher
Hospital 3935,Dallas,Church,3,Same,Below,Above,Same,Above,Below,Above,21623,Average,Average,17793,Average,Higher,17026,Better,Average,23437,Average,Higher
Hospital 3936,Victoria,Unknown,4,Same,Above,Same,Same,Same,Above,Same,25218,Average,Average,18565,Average,Higher,19357,Average,Higher,22752,Average,Average
Hospital 3937,El Paso,Government,2,Same,Same,Below,Below,Same,Below,Same,21397,Average,Average,13564,Average,Lower,16322,Average,Average,0,Unknown,Unknown
Hospital 3938,Brownsville,Proprietary,4,Same,Above,Same,Below,Same,Above,Same,24364,Average,Average,18417,Average,Higher,20229,Average,Higher,21390,Average,Average
Hospital 3939,Laredo,Proprietary,4,Above,Above,Above,Below,Same,Below,Below,24730,Worse,Average,16893,Average,Average,19399,Better,Higher,22050,Average,Average
Hospital 3940,Marshall,Private,3,Above,Below,Below,Same,Same,Same,Same,0,Unknown,Unknown,15613,Average,Average,19881,Better,Higher,26484,Average,Higher
Hospital 3941,Harlingen,Proprietary,3,Same,Above,Above,Below,Same,Below,Below,23990,Average,Average,17203,Average,Average,19544,Average,Higher,24676,Average,Higher
Hospital 3942,Beaumont,Church,2,Same,Below,Below,Same,Same,Below,Same,27189,Average,Higher,17424,Average,Average,18524,Average,Higher,23151,Average,Higher
Hospital 3943,Houston,Proprietary,2,Same,Below,Same,Below,Above,Below,Same,23952,Average,Average,17923,Average,Average,21476,Average,Higher,26283,Average,Higher
Hospital 3944,Fort Worth,Government,2,Same,Below,Below,Below,Same,Below,Same,25355,Average,Average,15316,Average,Average,20093,Average,Higher,19608,Average,Lower
Hospital 3945,Lubbock,Church,3,Below,Above,Above,Same,Below,Below,Below,24193,Average,Average,17437,Average,Average,18003,Average,Average,22495,Average,Average
Hospital 3946,Waco,Private,2,Below,Below,Above,Above,Same,Same,Same,24213,Average,Average,16653,Average,Average,18736,Worse,Higher,22947,Average,Higher
Hospital 3947,Dallas,Government,4,Above,Below,Below,Above,Same,Below,Same,23548,Average,Average,16277,Better,Average,16569,Average,Average,26070,Average,Higher
Hospital 3948,Corpus Christi,Private,2,Same,Same,Above,Below,Same,Below,Same,23421,Average,Average,17606,Average,Higher,19551,Average,Higher,22600,Average,Average
Hospital 3949,Dallas,Unknown,3,Same,Above,Above,Same,Same,Below,Below,24453,Average,Average,18600,Average,Higher,19492,Worse,Higher,20820,Average,Lower
Hospital 3950,Temple,Private,2,Above,Below,Below,Above,Same,Below,Same,23941,Average,Average,15524,Average,Lower,17033,Average,Average,20173,Average,Lower
Hospital 3951,Sweetwater,Government,4,Same,None,Above,Above,Same,Above,Same,0,Unknown,Unknown,16922,Average,Average,15764,Average,Lower,0,Unknown,Unknown
Hospital 3952,Austin,Private,4,Same,Above,Above,Same,Same,Same,Same,25663,Average,Average,19364,Average,Higher,19013,Average,Higher,22101,Average,Average
Hospital 3953,San Antonio,Proprietary,3,Below,Above,Above,Below,Same,Below,Above,23313,Worse,Average,17747,Average,Higher,17865,Average,Average,21377,Average,Lower
Hospital 3954,Arlington,Private,3,Same,Above,Below,Same,Same,Below,Above,23852,Average,Average,19412,Average,Higher,20470,Average,Higher,26126,Average,Higher
Hospital 3955,Houston,Private,2,Same,Below,Below,Above,Same,Above,Below,29670,Average,Higher,20210,Average,Higher,18878,Average,Higher,20152,Average,Lower
Hospital 3956,Lake Jackson,Private,3,Same,Above,Below,Below,Same,Below,Same,21170,Average,Average,15715,Average,Average,14993,Better,Lower,22181,Average,Average
Hospital 3957,Anson,Government,-1,None,None,None,None,Same,Above,None,0,Unknown,Unknown,0,Unknown,Unknown,0,Unknown,Unknown,0,Unknown,Unknown
Hospital 3958,Irving,Private,4,Same,Above,Same,Same,Same,Same,Same,23628,Average,Average,15661,Average,Average,17308,Average,Average,24878,Average,Higher
Hospital 3959,Mount Pleasant,Government,3,Same,Above,Above,Same,Same,Same,Below,0,Unknown,Unknown,17930,Average,Average,17326,Average,Average,22871,Average,Average
Hospital 3960,Beeville,Church,2,Same,None,Same,Same,Same,Same,None,0,Unknown,Unknown,16279,Average,Average,20739,Average,Higher,0,Unknown,Unknown
Hospital 3961,Tyler,Private,3,Below,Above,Same,Below,Same,Same,Above,24194,Worse,Average,16958,Average,Average,18973,Average,Higher,22442,Average,Average
Hospital 3962,Graham,Government,3,Same,None,Above,Same,Same,Same,Below,0,Unknown,Unknown,14244,Average,Lower,13005,Average,Lower,21974,Average,Average
Hospital 3963,North Richland Hills,Proprietary,2,Same,Same,Below,Same,Same,Same,None,26139,Average,Average,17541,Average,Average,18553,Average,Average,24347,Average,Higher
Hospital 3964,Gainesville,Government,3,Same,None,Below,Same,Same,Above,Same,0,Unknown,Unknown,17713,Average,Average,16857,Average,Average,0,Unknown,Unknown
Hospital 3965,Eagle Pass,Proprietary,4,Same,Above,Above,Below,Same,Below,Same,25478,Average,Average,18807,Better,Higher,19063,Average,Higher,27397,Average,Higher
Hospital 3966,Pasadena,Proprietary,2,Same,Above,Below,Below,Same,Below,Same,24660,Average,Average,17403,Average,Average,22188,Average,Higher,0,Unknown,Unknown
Hospital 3967,Pampa,Private,4,Same,Above,Same,Same,Same,Above,Same,24183,Average,Average,14658,Average,Lower,20104,Average,Higher,22258,Average,Average
Hospital 3968,Waco,Private,3,Same,Same,Above,Above,Same,Same,Same,24380,Average,Average,16341,Average,Average,17472,Average,Average,21941,Average,Average
Hospital 3969,Tyler,Private,4,Same,Above,Above,Above,Same,Same,Below,24634,Average,Average,19209,Average,Higher,19378,Better,Higher,24515,Average,Higher
Hospital 3970,Seguin,Unknown,2,Same,Below,Above,Above,Same,Same,Below,25060,Average,Average,19500,Average,Higher,19935,Average,Higher,25218,Average,Higher
Hospital 3971,El Paso,Proprietary,3,Same,Above,Below,Below,Above,Below,Same,24491,Average,Average,18756,Average,Higher,18084,Average,Average,22610,Average,Average
Hospital 3972,Floresville,Government,4,Same,None,Same,Above,Same,Same,Same,0,Unknown,Unknown,18279,Average,Average,14711,Average,Lower,22751,Average,Average
Hospital 3973,Edinburg,Proprietary,3,Above,Same,Below,Below,Above,Same,Same,24667,Average,Average,16599,Better,Average,19220,Average,Higher,0,Unknown,Unknown
Hospital 3974,Austin,Private,1,Same,Below,Below,Above,Same,Below,None,24140,Average,Average,17096,Average,Average,18819,Average,Average,25792,Average,Higher
Hospital 3975,Weslaco,Private,4,Above,Above,Below,Below,Same,Above,Below,26533,Average,Average,16017,Better,Average,18156,Average,Average,22369,Average,Average
Hospital 3976,San Antonio,Proprietary,5,Same,Above,Above,Same,Same,Same,Same,23970,Average,Average,18222,Average,Average,18191,Better,Average,28234,Average,Higher
Hospital 3977,Odessa,Government,1,Below,Below,Below,Below,Same,Below,Same,23502,Average,Average,16987,Average,Average,16789,Average,Average,24269,Average,Higher
Hospital 3978,Midland,Government,2,Below,Above,Same,Below,Same,Below,Same,24348,Average,Average,17648,Worse,Average,19082,Worse,Higher,21910,Average,Average
Hospital 3979,Fort Worth,Church,2,Below,Above,Above,Same,Same,Below,Above,22256,Average,Lower,17545,Average,Higher,18953,Average,Higher,24302,Average,Higher
Hospital 3980,Fort Worth,Private,4,Above,Above,Above,Below,Same,Below,Below,25173,Average,Average,18088,Average,Average,19360,Better,Higher,24849,Average,Higher
Hospital 3981,Smithville,Church,4,None,None,Same,None,Same,Above,Same,0,Unknown,Unknown,0,Unknown,Unknown,16417,Average,Average,0,Unknown,Unknown
Hospital 3982,Andrews,Government,4,None,None,Above,None,Same,Above,None,0,Unknown,Unknown,0,Unknown,Unknown,14151,Average,Lower,0,Unknown,Unknown
Hospital 3983,Victoria,Proprietary,4,Same,Above,Below,Same,Same,Same,Same,24461,Average,Average,17860,Average,Average,17896,Average,Average,22076,Average,Average
Hospital 3984,Cleburne,Church,4,Same,Above,Above,Same,Same,Same,Same,23395,Average,Average,15170,Average,Average,16588,Average,Average,23743,Average,Higher
Hospital 3985,Killeen,Private,2,Same,Above,Below,Below,Same,Below,Below,23224,Average,Average,16008,Average,Average,16615,Average,Average,22916,Average,Average
Hospital 3986,Del Rio,Proprietary,3,Same,None,Above,Same,Same,Same,Below,23890,Average,Average,16037,Average,Average,17179,Average,Average,0,Unknown,Unknown
Hospital 3987,Hereford,Government,3,Same,None,Same,None,Below,Same,None,0,Unknown,Unknown,0,Unknown,Unknown,16681,Average,Average,0,Unknown,Unknown
Hospital 3988,Lubbock,Unknown,5,None,Above,Above,Above,Same,Above,Below,0,Unknown,Unknown,0,Unknown,Unknown,0,Unknown,Unknown,21096,Better,Lower
Hospital 3989,Kingsville,Private,2,Same,Same,Below,Below,Below,Below,Same,24195,Average,Average,17199,Average,Average,17598,Average,Average,0,Unknown,Unknown
Hospital 3990,Jourdanton,Proprietary,4,Same,Above,Above,Same,Same,Same,Same,0,Unknown,Unknown,16704,Average,Average,16748,Average,Average,0,Unknown,Unknown
Hospital 3991,Mission,Private,3,Above,Below,Below,Below,Same,Same,Same,23649,Average,Average,19902,Better,Higher,18531,Better,Higher,22902,Average,Average
Hospital 3992,Houston,Private,4,Above,Above,Below,Same,Below,Below,Below,25456,Average,Higher,18928,Better,Higher,20742,Better,Higher,20545,Worse,Lower
Hospital 3993,Brenham,Private,3,Same,None,Above,Same,Same,Above,Same,0,Unknown,Unknown,16122,Average,Average,16131,Average,Average,0,Unknown,Unknown
Hospital 3994,Hillsboro,Private,3,Same,None,Same,Same,Same,Above,None,0,Unknown,Unknown,14877,Average,Average,16244,Worse,Average,0,Unknown,Unknown
Hospital 3995,Houston,Church,3,Above,Below,Below,Below,Same,Below,Below,27418,Average,Higher,20460,Better,Higher,18955,Better,Higher,19828,Average,Lower
Hospital 3996,Jacksonville,Private,3,Same,Above,Above,Same,Same,Above,Same,0,Unknown,Unknown,16567,Average,Average,16368,Average,Average,22978,Average,Average
Hospital 3997,Paris,Proprietary,2,Below,Same,Above,Below,Same,Same,Same,27847,Average,Higher,17305,Average,Average,17848,Average,Average,22611,Average,Average
Hospital 3998,Texarkana,Unknown,3,Same,Same,Above,Same,Same,Below,Below,24518,Average,Average,16761,Average,Average,20364,Average,Higher,22730,Average,Average
Hospital 3999,Weatherford,Proprietary,2,Same,Below,Same,Below,Same,Same,Same,22873,Average,Average,16739,Average,Average,20009,Average,Higher,25428,Average,Higher
Hospital 4000,Amarillo,Proprietary,2,Below,Below,Same,Below,Same,Below,Same,25316,Average,Average,18272,Average,Higher,19466,Average,Higher,25052,Average,Higher
Hospital 4001,Carthage,Private,3,Same,None,Same,None,Same,Above,Same,0,Unknown,Unknown,15491,Average,Average,17865,Average,Average,0,Unknown,Unknown
Hospital 4002,Lufkin,Private,1,Same,Below,Below,Below,Same,Below,Below,26753,Average,Higher,19475,Average,Higher,20282,Average,Higher,20889,Average,Average
Hospital 4003,San Antonio,Government,2,Same,Below,Below,Same,Same,Below,Below,25090,Average,Average,17098,Average,Average,18480,Average,Average,0,Unknown,Unknown
Hospital 4004,Llano,Private,3,None,None,Same,None,Same,Above,Same,0,Unknown,Unknown,15080,Average,Average,16239,Average,Average,0,Unknown,Unknown
Hospital 4005,Conroe,Proprietary,1,Same,Below,Below,Below,Same,Same,Below,25969,Average,Higher,17901,Average,Higher,20361,Average,Higher,27501,Average,Higher
Hospital 4006,Abilene,Private,3,Same,Below,Above,Same,Same,Below,Same,26865,Average,Higher,18088,Average,Higher,18234,Average,Average,23717,Average,Higher
Hospital 4007,Amarillo,Proprietary,4,Same,Below,Above,Above,Same,Below,Above,22039,Average,Lower,17339,Average,Average,18319,Average,Higher,25724,Average,Higher
Hospital 4008,Gonzales,Government,4,None,None,Same,Above,Same,Same,Same,0,Unknown,Unknown,15875,Average,Average,16968,Average,Average,0,Unknown,Unknown
Hospital 4009,Sulphur Springs,Proprietary,3,Same,Same,Above,Below,Same,Same,Same,25062,Average,Average,18451,Average,Higher,17108,Average,Average,25575,Average,Higher
Hospital 4010,San Antonio,Church,3,Same,Below,Above,Below,Below,Below,Same,26925,Average,Higher,19049,Average,Higher,19034,Average,Higher,24603,Average,Higher
Hospital 4011,Jacksboro,Government,-1,None,None,None,None,Same,Above,None,0,Unknown,Unknown,0,Unknown,Unknown,16109,Average,Average,0,Unknown,Unknown
Hospital 4012,Hamlin,Government,-1,None,None,None,None,Same,Above,None,0,Unknown,Unknown,14876,Average,Average,0,Unknown,Unknown,0,Unknown,Unknown
Hospital 4013,Bellville,Proprietary,-1,None,None,None,None,Same,Same,None,0,Unknown,Unknown,0,Unknown,Unknown,0,Unknown,Unknown,0,Unknown,Unknown
Hospital 4014,Decatur,Government,2,Below,Below,Below,Below,Same,Same,Same,28714,Worse,Higher,17880,Average,Average,20097,Average,Higher,28846,Worse,Higher
Hospital 4015,San Marcos,Private,3,Same,Same,Below,Same,Same,Above,Same,24765,Average,Average,17093,Average,Average,17771,Average,Average,24532,Average,Higher
Hospital 4016,Houston,Government,1,Same,Below,Below,Same,Below,Below,Same,23595,Average,Average,17172,Average,Average,16231,Average,Average,0,Unknown,Unknown
Hospital 4017,Kaufman,Private,3,Same,Same,Same,Same,Same,Above,Same,0,Unknown,Unknown,16001,Average,Average,18250,Average,Average,21375,Average,Average
Hospital 4018,College Station,Proprietary,3,Same,Same,Same,Same,Same,Above,Same,23948,Average,Average,16262,Average,Average,15834,Average,Lower,19333,Average,Lower
Hospital 4019,Denison,Proprietary,2,Same,Below,Below,Same,Same,Same,Below,24743,Average,Average,18583,Average,Higher,20384,Average,Higher,26030,Average,Higher
Hospital 4020,Richmond,Government,3,Same,Below,Same,Same,Same,Above,Same,25811,Average,Average,16856,Average,Average,19658,Average,Higher,0,Unknown,Unknown
Hospital 4021,San Angelo,Proprietary,4,Same,Above,Above,Above,Same,Above,Same,24117,Average,Average,16388,Average,Average,17867,Average,Average,21627,Average,Average
Hospital 4022,Beaumont,Private,3,Same,Above,Below,Same,Same,Below,Above,24220,Average,Average,17150,Average,Average,20545,Average,Higher,22473,Average,Average
Hospital 4023,Huntsville,Private,1,Same,Same,Below,Below,Below,Below,Same,25174,Average,Average,17657,Average,Average,16523,Average,Average,21331,Average,Average
Hospital 4024,Marlin,Private,4,None,None,Same,Same,Same,Above,None,0,Unknown,Unknown,0,Unknown,Unknown,13651,Better,Lower,0,Unknown,Unknown
Hospital 4025,Stephenville,Private,4,Same,Above,Below,Above,Same,Same,None,22193,Average,Average,15488,Average,Average,16688,Average,Average,21674,Average,Average
Hospital 4026,Greenville,Government,3,Same,Same,Below,Same,Same,Same,Below,25288,Average,Average,17926,Average,Higher,20694,Average,Higher,28103,Average,Higher
Hospital 4027,Houston,Private,5,Above,Above,Above,Above,Same,Below,Below,26056,Average,Higher,19052,Better,Higher,18458,Better,Higher,20300,Average,Lower
Hospital 4028,Childress,Government,4,Same,None,Same,Above,Same,Above,None,0,Unknown,Unknown,14742,Average,Average,15472,Average,Average,19966,Average,Lower
Hospital 4029,Columbus,Private,4,Same,None,Above,Same,Same,Same,Same,0,Unknown,Unknown,16820,Average,Average,16306,Average,Average,0,Unknown,Unknown
Hospital 4030,Waxahachie,Private,4,Same,Above,Above,Above,Same,Same,Same,24669,Average,Average,16359,Average,Average,18630,Average,Higher,23539,Average,Higher
Hospital 4031,Dallas,Proprietary,4,Same,Above,Above,Below,Same,Same,None,24545,Unknown,Unknown,20465,Average,Higher,24855,Average,Higher,34236,Average,Higher
Hospital 4032,San Antonio,Proprietary,3,Same,Below,Same,Same,Above,Below,Same,26238,Average,Higher,18479,Average,Higher,18380,Average,Higher,24348,Average,Higher
Hospital 4033,Athens,Private,3,Below,Same,Above,Same,Same,Same,Above,23378,Average,Average,16115,Average,Average,16954,Average,Average,22404,Average,Average
Hospital 4034,Livingston,Private,3,Same,Same,Same,Same,Same,Same,Below,0,Unknown,Unknown,17500,Average,Average,17547,Average,Average,23591,Average,Average
Hospital 4035,Brownfield,Government,3,None,None,Same,None,Below,Above,None,0,Unknown,Unknown,0,Unknown,Unknown,15380,Average,Average,0,Unknown,Unknown
Hospital 4036,Mexia,Proprietary,3,Same,None,Same,None,Same,Above,Same,0,Unknown,Unknown,15226,Average,Average,16783,Average,Average,0,Unknown,Unknown
Hospital 4037,Mckinney,Proprietary,2,Same,Above,Below,Below,Same,Above,Same,25317,Average,Average,19043,Average,Higher,18730,Average,Higher,27201,Average,Higher
Hospital 4038,Eastland,Government,2,Same,None,Same,None,Below,Same,None,0,Unknown,Unknown,16699,Average,Average,15757,Average,Average,0,Unknown,Unknown
Hospital 4039,Azle,Church,3,Same,None,Same,Same,Same,Same,Same,0,Unknown,Unknown,17981,Average,Average,20090,Average,Higher,0,Unknown,Unknown
Hospital 4040,Dallas,Proprietary,-1,None,None,None,Above,Same,Same,None,0,Unknown,Unknown,0,Unknown,Unknown,0,Unknown,Unknown,20359,Average,Lower
Hospital 4041,Baytown,Private,3,Same,Same,Above,Below,Same,Below,Below,25088,Average,Average,18450,Average,Higher,19852,Average,Higher,20881,Average,Lower
Hospital 4042,Austin,Unknown,5,Above,Above,Above,Above,Above,Above,Above,26103,Average,Higher,18149,Better,Higher,18236,Average,Higher,22747,Average,Higher
Hospital 4043,Corsicana,Unknown,2,Same,Below,Above,Same,Above,Above,Same,21758,Average,Average,15399,Average,Average,18489,Average,Average,23631,Average,Average
Hospital 4044,Glen Rose,Government,3,None,None,Same,None,Below,Above,Same,0,Unknown,Unknown,0,Unknown,Unknown,15121,Average,Lower,0,Unknown,Unknown
Hospital 4045,Woodville,Government,2,Same,None,Below,None,Below,Above,None,0,Unknown,Unknown,16772,Average,Average,15987,Average,Average,0,Unknown,Unknown
Hospital 4046,Dallas,Private,4,Same,Above,Above,Same,Same,Below,Same,23909,Average,Average,17553,Average,Higher,18630,Average,Higher,24418,Average,Higher
Hospital 4047,Bay City,Government,3,Same,Same,Same,Same,Same,Same,Same,25108,Average,Average,17893,Average,Average,20418,Average,Higher,23279,Average,Average
Hospital 4048,Sherman,Proprietary,3,Same,Same,Above,Below,Same,Same,Same,23525,Average,Average,16995,Average,Average,18992,Average,Higher,27429,Average,Higher
Hospital 4049,Henderson,Private,3,Same,Below,Same,Same,Same,Above,Same,0,Unknown,Unknown,15137,Average,Average,15616,Average,Lower,22555,Average,Average
Hospital 4050,Lufkin,Proprietary,4,Same,Same,Same,Same,Above,Above,Same,23220,Average,Average,16392,Average,Average,18105,Average,Average,21317,Average,Average
Hospital 4051,Kilgore,Proprietary,-1,None,None,None,None,None,None,None,0,Unknown,Unknown,0,Unknown,Unknown,0,Unknown,Unknown,0,Unknown,Unknown
Hospital 4052,Lamesa,Government,-1,None,None,None,None,Same,Above,Same,0,Unknown,Unknown,0,Unknown,Unknown,13429,Average,Lower,0,Unknown,Unknown
Hospital 4053,Breckenridge,Government,3,None,None,Above,None,Below,Above,None,0,Unknown,Unknown,0,Unknown,Unknown,14347,Average,Lower,0,Unknown,Unknown
Hospital 4054,Nacogdoches,Government,2,Same,Same,Below,Below,Below,Same,Same,24309,Average,Average,17343,Average,Average,16489,Average,Average,28267,Average,Higher
Hospital 4055,Port Arthur,Proprietary,3,Same,Above,Same,Below,Same,Below,Below,24849,Average,Average,18623,Average,Higher,22012,Average,Higher,22311,Average,Average
Hospital 4056,Richardson,Government,2,Same,Below,Same,Same,Same,Above,Below,27301,Average,Higher,22265,Average,Higher,20702,Average,Higher,22832,Average,Average
Hospital 4057,Plainview,Private,4,Same,Above,Above,Above,Below,Same,Same,0,Unknown,Unknown,16616,Average,Average,15340,Average,Lower,24227,Average,Higher
Hospital 4058,Abilene,Proprietary,2,Below,Below,Above,Same,Same,Same,Same,23627,Average,Average,17844,Worse,Average,18312,Average,Average,25205,Average,Higher
Hospital 4059,Grapevine,Private,4,Same,Above,Below,Above,Same,Above,Same,23559,Average,Average,19500,Average,Higher,17236,Better,Average,25278,Average,Higher
Hospital 4060,Mineral Wells,Government,2,Same,None,Same,Same,Same,Above,Below,0,Unknown,Unknown,15567,Average,Average,17983,Average,Average,0,Unknown,Unknown
Hospital 4061,San Angelo,Private,4,Same,Above,Above,Above,Above,Same,Same,23345,Average,Average,15321,Average,Lower,16757,Average,Average,21959,Average,Average
Hospital 4062,Jasper,Government,2,Same,None,Below,Same,Same,Same,Same,0,Unknown,Unknown,16606,Average,Average,18547,Average,Average,0,Unknown,Unknown
Hospital 4063,Canadian,Government,3,None,None,Same,None,Same,Above,None,0,Unknown,Unknown,0,Unknown,Unknown,10816,Average,Lower,0,Unknown,Unknown
Hospital 4064,Vernon,Government,3,Same,None,Same,None,Same,Above,Same,0,Unknown,Unknown,16246,Average,Average,16720,Average,Average,0,Unknown,Unknown
Hospital 4065,Seymour,Government,4,None,None,Same,None,Same,Above,None,0,Unknown,Unknown,17005,Average,Average,14777,Average,Lower,0,Unknown,Unknown
Hospital 4066,Brownwood,Proprietary,1,Below,Below,Above,Below,Same,Same,Below,0,Unknown,Unknown,15953,Average,Average,18654,Worse,Higher,24959,Average,Higher
Hospital 4067,Granbury,Proprietary,4,Same,Above,Above,Below,Same,Same,Below,23819,Average,Average,17102,Average,Average,20521,Average,Higher,23284,Average,Higher
Hospital 4068,Cuero,Government,3,Same,None,Above,Same,Same,Above,Same,0,Unknown,Unknown,18600,Average,Average,19927,Average,Higher,0,Unknown,Unknown
Hospital 4069,Fredericksburg,Private,5,Same,Above,Above,Above,Same,Above,Below,0,Unknown,Unknown,15091,Average,Average,16426,Average,Average,21508,Average,Average
Hospital 4070,Aransas Pass,Proprietary,3,Same,None,Same,None,Same,Below,None,0,Unknown,Unknown,17023,Average,Average,16103,Average,Average,0,Unknown,Unknown
Hospital 4071,Houston,Private,5,Above,Above,Same,Above,Same,Same,Below,23879,Average,Average,19281,Average,Higher,20996,Better,Higher,18999,Average,Lower
Hospital 4072,Webster,Proprietary,3,Above,Below,Below,Below,Same,Above,Same,25122,Average,Average,18731,Better,Higher,21739,Better,Higher,23439,Average,Average
Hospital 4073,Denton,Proprietary,4,Above,Above,Below,Same,Same,Above,Same,26645,Average,Higher,18238,Better,Higher,18870,Average,Higher,22844,Average,Higher
Hospital 4074,Houston,Proprietary,2,Same,Above,Below,Below,Above,Same,Same,26196,Average,Average,17976,Average,Average,21181,Average,Higher,24083,Average,Average
Hospital 4075,Bedford,Private,3,Same,Below,Above,Same,Same,Same,Same,25015,Average,Average,18790,Average,Higher,18796,Average,Higher,28314,Average,Higher
Hospital 4076,Nocona,Government,2,None,None,Below,None,Same,Above,None,0,Unknown,Unknown,15516,Average,Average,16793,Average,Average,0,Unknown,Unknown
Hospital 4077,Laredo,Proprietary,3,Above,Below,Above,Below,Same,Same,Same,21705,Average,Average,17242,Average,Average,20698,Better,Higher,22213,Average,Average
Hospital 4078,Houston,Proprietary,2,Same,Below,Below,Below,Same,Below,Same,24602,Average,Average,18680,Average,Higher,23983,Average,Higher,25115,Average,Higher
Hospital 4079,Dallas,Proprietary,4,Same,Above,Below,Above,Same,Same,Same,25487,Average,Average,19112,Average,Higher,19415,Average,Higher,21365,Average,Average
Hospital 4080,Plano,Proprietary,2,Same,Below,Below,Same,Same,Above,Below,25709,Average,Average,17983,Average,Higher,18840,Average,Higher,32418,Average,Higher
Hospital 4081,Big Spring,Proprietary,2,Below,Above,Below,Below,Same,Above,None,22775,Average,Average,17909,Average,Average,16482,Average,Average,0,Unknown,Unknown
Hospital 4082,Rio Grande City,Government,3,Same,None,Below,None,Same,Below,Same,22004,Average,Average,15988,Average,Average,15397,Average,Lower,0,Unknown,Unknown
Hospital 4083,Nacogdoches,Unknown,3,Same,Above,Same,Same,Same,Above,Same,25588,Average,Average,16577,Average,Average,16461,Average,Average,25802,Average,Higher
Hospital 4084,Fairfield,Government,4,Same,None,Above,None,Same,Above,Same,0,Unknown,Unknown,0,Unknown,Unknown,16580,Average,Average,0,Unknown,Unknown
Hospital 4085,Houston,Proprietary,4,Same,Above,Above,Same,Same,Above,Same,0,Unknown,Unknown,18173,Average,Average,22679,Average,Higher,23654,Average,Average
Hospital 4086,Odessa,Proprietary,2,Same,Same,Above,Below,Same,Below,Same,23257,Average,Average,17397,Average,Average,19937,Average,Higher,23465,Average,Average
Hospital 4087,Brownsville,Proprietary,4,Above,Above,Below,Below,Same,Above,Below,24013,Average,Average,17428,Better,Average,20858,Better,Higher,25185,Average,Higher
Hospital 4088,El Paso,Proprietary,2,Same,Same,Below,Below,Same,Above,Same,22991,Average,Average,16261,Average,Average,17277,Average,Average,24242,Average,Higher
Hospital 4089,Lewisville,Private,2,Same,Below,Below,Same,Same,Above,Same,25756,Average,Average,17765,Average,Average,20251,Average,Higher,22602,Average,Average
Hospital 4090,Tomball,Proprietary,2,Same,Below,Above,Below,Same,Below,Same,27906,Average,Higher,19746,Average,Higher,21426,Average,Higher,21241,Average,Average
Hospital 4091,Fort Worth,Proprietary,2,Same,Below,Below,Same,Same,Same,Same,26002,Average,Higher,19104,Average,Higher,20485,Average,Higher,24960,Average,Higher
Hospital 4092,Houston,Proprietary,3,None,Same,None,Below,Same,Above,None,0,Unknown,Unknown,0,Unknown,Unknown,0,Unknown,Unknown,0,Unknown,Unknown
Hospital 4093,Arlington,Proprietary,4,Same,Above,Below,Below,Same,Same,Same,25462,Average,Average,18445,Average,Higher,21031,Average,Higher,23461,Average,Average
Hospital 4094,Burleson,Church,4,Same,Same,Above,Same,Same,Below,Below,23492,Average,Average,18567,Average,Higher,21283,Average,Higher,24681,Average,Higher
Hospital 4095,Dallas,Proprietary,2,Same,Below,Below,Below,Same,Same,Above,24426,Average,Average,17332,Average,Average,16689,Average,Average,26230,Average,Higher
Hospital 4096,Humble,Private,1,Same,Same,Below,Below,Same,Below,Same,24570,Average,Average,17695,Average,Average,19600,Average,Higher,0,Unknown,Unknown
Hospital 4097,Lubbock,Government,3,Below,Same,Above,Above,Same,Below,Below,24252,Worse,Average,17656,Average,Average,16945,Average,Average,22956,Average,Average
Hospital 4098,Mesquite,Proprietary,2,Same,Same,Below,Below,Same,Below,Same,24042,Average,Average,18289,Average,Average,21224,Average,Higher,0,Unknown,Unknown
Hospital 4099,Tyler,Government,4,Same,None,Above,Above,Above,Above,Below,24435,Average,Average,15791,Average,Average,15620,Average,Lower,0,Unknown,Unknown
Hospital 4100,El Campo,Private,3,Same,None,Above,None,Same,Same,Same,0,Unknown,Unknown,16810,Average,Average,19718,Average,Average,0,Unknown,Unknown
Hospital 4101,San Antonio,Unknown,1,Same,Below,Above,Below,Below,Below,None,25752,Average,Average,20570,Average,Higher,23336,Average,Higher,0,Unknown,Unknown
Hospital 4102,Littlefield,Government,-1,None,None,None,None,Same,Above,None,0,Unknown,Unknown,0,Unknown,Unknown,14884,Average,Lower,0,Unknown,Unknown
Hospital 4103,Longview,Proprietary,4,Above,Above,Above,Same,Same,Same,Below,22930,Average,Average,16166,Average,Average,16998,Average,Average,22024,Average,Average
Hospital 4104,Nassau Bay,Private,4,Same,Same,Same,Same,Same,Same,Same,28147,Average,Higher,20136,Average,Higher,22909,Average,Higher,23673,Average,Higher
Hospital 4105,Mcallen,Proprietary,4,Above,Above,Below,Below,Same,Above,Same,22824,Average,Average,15700,Better,Average,16287,Better,Lower,25681,Average,Higher
Hospital 4106,Austin,Proprietary,4,Same,Above,Below,Above,Same,Same,Above,26259,Average,Higher,18715,Average,Higher,17912,Average,Average,24284,Average,Higher
Hospital 4107,Houston,Proprietary,2,Same,Same,Same,Below,Same,Same,Same,24082,Average,Average,16692,Average,Average,19786,Average,Higher,0,Unknown,Unknown
Hospital 4108,Round Rock,Proprietary,4,Same,Above,Same,Same,Same,Same,Above,23258,Average,Average,17394,Average,Average,18919,Average,Higher,24882,Average,Higher
Hospital 4109,Dallas,Private,3,Same,Above,Above,Same,Same,Below,Same,25237,Average,Average,18139,Average,Higher,20883,Average,Higher,26001,Average,Higher
Hospital 4110,Carrollton,Proprietary,3,Same,Above,Below,Below,Same,Above,Same,24431,Average,Average,18051,Average,Average,21056,Average,Higher,22674,Average,Average
Hospital 4111,Rowlett,Proprietary,1,Same,Above,Below,Below,Same,Same,Same,23461,Average,Average,16916,Average,Average,17369,Average,Average,19679,Average,Average
Hospital 4112,Denton,Private,3,Same,Below,Below,Same,Same,Same,Same,26671,Average,Higher,18785,Average,Higher,19993,Average,Higher,27272,Average,Higher
Hospital 4113,Knox City,Government,-1,None,None,None,None,Same,Same,None,0,Unknown,Unknown,0,Unknown,Unknown,17023,Average,Average,0,Unknown,Unknown
Hospital 4114,Palestine,Proprietary,2,Same,Same,Same,Below,Same,Same,Below,24766,Average,Average,17386,Average,Average,17759,Average,Average,25593,Average,Higher
Hospital 4115,Hamilton,Government,5,Same,None,Above,Above,Same,Above,Same,0,Unknown,Unknown,15355,Average,Average,15500,Average,Lower,0,Unknown,Unknown
Hospital 4116,Levelland,Private,4,Same,None,Same,Above,Same,Above,None,0,Unknown,Unknown,15652,Average,Average,15843,Average,Average,0,Unknown,Unknown
Hospital 4117,Dallas,Government,3,None,Below,Same,Above,None,None,Same,0,Unknown,Unknown,0,Unknown,Unknown,0,Unknown,Unknown,25126,Worse,Higher
Hospital 4118,Plano,Private,3,Same,Above,Below,Above,Same,Below,Same,24141,Average,Average,17562,Average,Average,17652,Average,Average,22260,Average,Average
Hospital 4119,Houston,Unknown,5,None,None,Above,Above,Same,None,None,0,Unknown,Unknown,0,Unknown,Unknown,0,Unknown,Unknown,22492,Average,Average
Hospital 4120,Kingwood,Proprietary,3,Above,Above,Below,Below,Same,Same,Same,27724,Average,Higher,18620,Average,Higher,21473,Average,Higher,27455,Average,Higher
Hospital 4121,Fort Worth,Private,5,Same,Above,Above,Above,Same,Same,Same,22474,Average,Average,16153,Average,Average,18200,Average,Average,21693,Better,Average
Hospital 4122,San Antonio,Proprietary,-1,None,None,None,Above,Same,None,None,0,Unknown,Unknown,0,Unknown,Unknown,0,Unknown,Unknown,21637,Average,Average
Hospital 4123,Corpus Christi,Proprietary,4,Same,Above,Above,Same,Same,Below,Same,22969,Average,Average,17622,Average,Average,20319,Average,Higher,21110,Average,Lower
Hospital 4124,Houston,Proprietary,-1,None,None,None,None,Same,None,None,0,Unknown,Unknown,0,Unknown,Unknown,0,Unknown,Unknown,0,Unknown,Unknown
Hospital 4125,Texarkana,Church,4,Same,Below,Above,Same,Same,Below,Same,22589,Average,Average,16760,Average,Average,19100,Average,Higher,23266,Average,Higher
Hospital 4126,Houston,Unknown,2,None,Same,None,None,Same,Below,None,0,Unknown,Unknown,18694,Average,Average,0,Unknown,Unknown,0,Unknown,Unknown
Hospital 4127,Houston,Unknown,-1,None,Above,None,Above,None,None,None,0,Unknown,Unknown,0,Unknown,Unknown,0,Unknown,Unknown,20266,Average,Lower
Hospital 4128,Austin,Proprietary,-1,None,None,Above,None,Same,None,None,0,Unknown,Unknown,0,Unknown,Unknown,0,Unknown,Unknown,19123,Average,Lower
Hospital 4129,Austin,Proprietary,5,Same,Above,Below,Above,Same,Above,Above,24984,Average,Average,16150,Average,Average,17589,Average,Average,19850,Average,Lower
Hospital 4130,Sugar Land,Private,4,Above,Below,Below,Above,Same,Below,Below,24516,Average,Average,19096,Average,Higher,20891,Better,Higher,21980,Average,Average
Hospital 4131,Irving,Proprietary,3,Same,Above,Below,Same,Same,Above,None,23687,Average,Average,15694,Average,Average,17807,Average,Average,24973,Average,Higher
Hospital 4132,Edinburg,Proprietary,3,None,None,Same,Same,Same,None,None,0,Unknown,Unknown,0,Unknown,Unknown,0,Unknown,Unknown,20258,Average,Lower
Hospital 4133,Wichita Falls,Proprietary,4,None,None,Below,Above,Same,Same,Below,0,Unknown,Unknown,0,Unknown,Unknown,15546,Average,Average,25798,Average,Higher
Hospital 4134,Alice,Private,3,Same,None,Below,Same,Below,Below,Below,24342,Average,Average,15905,Average,Average,20938,Average,Higher,0,Unknown,Unknown
Hospital 4135,Pasadena,Proprietary,-1,None,None,None,None,Same,None,None,0,Unknown,Unknown,0,Unknown,Unknown,0,Unknown,Unknown,0,Unknown,Unknown
Hospital 4136,Ennis,Proprietary,4,Same,None,Above,None,Same,Above,None,0,Unknown,Unknown,16618,Average,Average,20998,Average,Higher,21565,Average,Average
Hospital 4137,Bryan,Proprietary,-1,None,None,None,Above,Same,None,None,0,Unknown,Unknown,0,Unknown,Unknown,0,Unknown,Unknown,20006,Average,Lower
Hospital 4138,Allen,Government,4,Same,Above,Below,Same,Same,Same,Same,23971,Average,Average,15988,Average,Average,19982,Average,Higher,26904,Average,Higher
Hospital 4139,Houston,Private,4,Above,Below,Above,Above,Same,Below,Below,25429,Average,Average,18711,Average,Higher,21106,Better,Higher,25116,Average,Higher
Hospital 4140,El Paso,Proprietary,-1,None,None,None,Above,Same,Same,None,0,Unknown,Unknown,0,Unknown,Unknown,0,Unknown,Unknown,19001,Average,Lower
Hospital 4141,Katy,Private,4,Same,Above,Above,Above,Same,Same,Below,23873,Average,Average,17461,Average,Average,18260,Average,Average,22277,Average,Average
Hospital 4142,Sugar Land,Private,3,Same,Above,Below,Same,Same,Above,Below,24437,Average,Average,17277,Average,Average,18174,Average,Average,18453,Average,Lower
Hospital 4143,Dallas,Proprietary,5,Same,None,Below,Above,None,None,None,23905,Average,Average,18913,Average,Higher,0,Unknown,Unknown,0,Unknown,Unknown
Hospital 4144,Frisco,Proprietary,5,None,Above,Above,Above,Same,Above,None,0,Unknown,Unknown,0,Unknown,Unknown,0,Unknown,Unknown,23364,Average,Higher
Hospital 4145,Harlingen,Proprietary,5,Same,Above,Above,Same,Same,Same,Below,24620,Average,Average,17873,Average,Average,21341,Average,Higher,24022,Average,Higher
Hospital 4146,San Antonio,Government,-1,None,None,None,Above,Same,Same,None,0,Unknown,Unknown,0,Unknown,Unknown,0,Unknown,Unknown,18239,Average,Lower
Hospital 4147,Sugar Land,Unknown,5,None,None,Same,Above,Same,None,None,0,Unknown,Unknown,0,Unknown,Unknown,0,Unknown,Unknown,19302,Average,Lower
Hospital 4148,The Woodlands,Private,3,Above,Below,Same,Below,Same,Below,Same,23824,Average,Average,20265,Average,Higher,21613,Better,Higher,26099,Average,Higher
Hospital 4149,Tyler,Unknown,5,None,Above,None,Above,Same,Same,None,0,Unknown,Unknown,0,Unknown,Unknown,0,Unknown,Unknown,21778,Average,Average
Hospital 4150,Austin,Private,-1,None,None,None,None,Same,Same,None,0,Unknown,Unknown,0,Unknown,Unknown,0,Unknown,Unknown,0,Unknown,Unknown
Hospital 4151,Austin,Private,4,Same,Same,Above,Above,Same,Same,Same,0,Unknown,Unknown,17567,Average,Average,18922,Average,Average,22390,Average,Average
Hospital 4152,Edinburg,Unknown,2,Same,Below,Below,Below,Same,Below,Below,23719,Average,Average,18927,Average,Higher,20440,Average,Higher,23507,Average,Higher
Hospital 4153,Austin,Unknown,-1,None,None,None,Above,Same,None,None,0,Unknown,Unknown,0,Unknown,Unknown,0,Unknown,Unknown,22053,Average,Average
Hospital 4154,Arlington,Unknown,2,None,Below,Below,Same,Same,Same,None,0,Unknown,Unknown,0,Unknown,Unknown,0,Unknown,Unknown,25087,Average,Higher
Hospital 4155,Irving,Proprietary,-1,None,None,None,Above,Same,Same,None,0,Unknown,Unknown,0,Unknown,Unknown,0,Unknown,Unknown,22589,Average,Average
Hospital 4156,Amarillo,Proprietary,-1,None,None,None,Above,None,None,None,0,Unknown,Unknown,0,Unknown,Unknown,0,Unknown,Unknown,20366,Better,Lower
Hospital 4157,Lubbock,Proprietary,4,Same,Below,Above,Above,Same,Same,Below,24014,Average,Average,15006,Average,Lower,19581,Average,Higher,21722,Average,Average
Hospital 4158,El Paso,Proprietary,5,None,Above,Above,Above,Same,Same,Below,0,Unknown,Unknown,0,Unknown,Unknown,0,Unknown,Unknown,24499,Average,Higher
Hospital 4159,Fort Worth,Private,-1,None,None,None,Above,Same,None,None,0,Unknown,Unknown,0,Unknown,Unknown,0,Unknown,Unknown,26532,Average,Higher
Hospital 4160,Trophy Club,Proprietary,-1,None,None,None,Above,Same,Same,None,0,Unknown,Unknown,0,Unknown,Unknown,0,Unknown,Unknown,28578,Average,Higher
Hospital 4161,Frisco,Unknown,3,Same,Same,Below,Below,Same,Same,Same,24533,Average,Average,17607,Average,Average,21140,Average,Higher,27237,Average,Higher
Hospital 4162,Southlake,Government,-1,None,None,None,Above,Same,None,None,0,Unknown,Unknown,0,Unknown,Unknown,0,Unknown,Unknown,25589,Average,Higher
Hospital 4163,Dallas,Proprietary,-1,None,None,None,Above,Same,None,None,0,Unknown,Unknown,0,Unknown,Unknown,0,Unknown,Unknown,23381,Average,Higher
Hospital 4164,Plano,Unknown,4,Above,Above,Same,Above,Same,Above,Same,23657,Average,Average,18180,Average,Higher,17484,Average,Average,24777,Average,Higher
Hospital 4165,Plano,Proprietary,-1,None,None,None,Above,Same,None,Below,0,Unknown,Unknown,0,Unknown,Unknown,0,Unknown,Unknown,0,Unknown,Unknown
Hospital 4166,Denton,Unknown,4,None,None,Below,Above,Same,Above,None,27307,Average,Higher,0,Unknown,Unknown,0,Unknown,Unknown,0,Unknown,Unknown
Hospital 4167,Dallas,Proprietary,-1,None,None,None,Above,Same,None,None,0,Unknown,Unknown,0,Unknown,Unknown,0,Unknown,Unknown,26159,Average,Higher
Hospital 4168,Friona,Private,-1,None,None,None,None,Same,Same,None,0,Unknown,Unknown,0,Unknown,Unknown,21117,Average,Higher,0,Unknown,Unknown
Hospital 4169,Big Lake,Government,-1,None,None,None,None,None,None,None,0,Unknown,Unknown,0,Unknown,Unknown,0,Unknown,Unknown,0,Unknown,Unknown
Hospital 4170,Groesbeck,Government,-1,None,None,Above,None,None,None,None,0,Unknown,Unknown,0,Unknown,Unknown,15510,Average,Average,0,Unknown,Unknown
Hospital 4171,Eldorado,Proprietary,-1,None,None,None,None,None,None,None,0,Unknown,Unknown,0,Unknown,Unknown,0,Unknown,Unknown,0,Unknown,Unknown
Hospital 4172,Caldwell,Church,-1,None,None,None,None,Same,Above,None,0,Unknown,Unknown,0,Unknown,Unknown,18349,Average,Average,0,Unknown,Unknown
Hospital 4173,Junction,Government,3,None,None,Same,None,Same,Same,None,0,Unknown,Unknown,0,Unknown,Unknown,16429,Average,Average,0,Unknown,Unknown
Hospital 4174,Iraan,Government,-1,None,None,None,None,None,None,None,0,Unknown,Unknown,0,Unknown,Unknown,0,Unknown,Unknown,0,Unknown,Unknown
Hospital 4175,Denver City,Government,-1,None,None,Same,None,None,None,None,0,Unknown,Unknown,0,Unknown,Unknown,18488,Average,Average,0,Unknown,Unknown
Hospital 4176,Mccamey,Government,-1,None,None,None,None,None,None,None,0,Unknown,Unknown,0,Unknown,Unknown,0,Unknown,Unknown,0,Unknown,Unknown
Hospital 4177,Ballinger,Government,-1,None,None,None,None,None,None,None,0,Unknown,Unknown,0,Unknown,Unknown,18145,Average,Average,0,Unknown,Unknown
Hospital 4178,Sweeny,Government,-1,None,None,None,None,None,Same,None,0,Unknown,Unknown,0,Unknown,Unknown,0,Unknown,Unknown,0,Unknown,Unknown
Hospital 4179,Eagle Lake,Proprietary,-1,None,None,None,None,None,None,None,0,Unknown,Unknown,0,Unknown,Unknown,0,Unknown,Unknown,0,Unknown,Unknown
Hospital 4180,Rotan,Government,-1,None,None,None,None,None,None,None,0,Unknown,Unknown,0,Unknown,Unknown,0,Unknown,Unknown,0,Unknown,Unknown
Hospital 4181,Kermit,Government,-1,None,None,None,None,None,None,None,0,Unknown,Unknown,0,Unknown,Unknown,0,Unknown,Unknown,0,Unknown,Unknown
Hospital 4182,Winters,Government,-1,None,None,None,None,None,None,None,0,Unknown,Unknown,0,Unknown,Unknown,0,Unknown,Unknown,0,Unknown,Unknown
Hospital 4183,Madisonville,Church,-1,None,None,None,None,None,None,None,0,Unknown,Unknown,0,Unknown,Unknown,0,Unknown,Unknown,0,Unknown,Unknown
Hospital 4184,Refugio,Government,-1,None,None,None,None,None,None,None,0,Unknown,Unknown,0,Unknown,Unknown,0,Unknown,Unknown,0,Unknown,Unknown
Hospital 4185,Aspermont,Government,-1,None,None,None,None,None,None,None,0,Unknown,Unknown,0,Unknown,Unknown,0,Unknown,Unknown,0,Unknown,Unknown
Hospital 4186,Jacksonville,Private,-1,Same,None,Same,None,None,None,None,0,Unknown,Unknown,16054,Average,Average,18564,Average,Average,0,Unknown,Unknown
Hospital 4187,Anahuac,Government,-1,None,None,None,None,None,None,None,0,Unknown,Unknown,0,Unknown,Unknown,0,Unknown,Unknown,0,Unknown,Unknown
Hospital 4188,Navasota,Private,-1,None,None,None,None,None,None,None,0,Unknown,Unknown,0,Unknown,Unknown,0,Unknown,Unknown,0,Unknown,Unknown
Hospital 4189,Lampasas,Church,4,Same,None,Above,None,Same,Same,None,0,Unknown,Unknown,16863,Average,Average,17530,Average,Average,0,Unknown,Unknown
Hospital 4190,Sonora,Government,-1,None,None,None,None,None,None,None,0,Unknown,Unknown,0,Unknown,Unknown,0,Unknown,Unknown,0,Unknown,Unknown
Hospital 4191,Eden,Government,-1,None,None,None,None,None,None,None,0,Unknown,Unknown,0,Unknown,Unknown,0,Unknown,Unknown,0,Unknown,Unknown
Hospital 4192,Chillicothe,Government,-1,None,None,None,None,None,None,None,0,Unknown,Unknown,0,Unknown,Unknown,0,Unknown,Unknown,0,Unknown,Unknown
Hospital 4193,Winnie,Proprietary,-1,None,None,None,None,None,None,None,0,Unknown,Unknown,0,Unknown,Unknown,0,Unknown,Unknown,0,Unknown,Unknown
Hospital 4194,Rankin,Government,-1,None,None,None,None,None,None,None,0,Unknown,Unknown,0,Unknown,Unknown,0,Unknown,Unknown,0,Unknown,Unknown
Hospital 4195,Hondo,Government,4,None,None,Same,Above,Same,Above,None,0,Unknown,Unknown,0,Unknown,Unknown,15660,Average,Average,0,Unknown,Unknown
Hospital 4196,Dalhart,Government,-1,Same,None,Below,None,None,None,None,0,Unknown,Unknown,16843,Average,Average,13870,Average,Lower,0,Unknown,Unknown
Hospital 4197,Palacios,Private,-1,None,None,None,None,None,None,None,0,Unknown,Unknown,0,Unknown,Unknown,0,Unknown,Unknown,0,Unknown,Unknown
Hospital 4198,Stanton,Government,-1,None,None,None,None,None,None,None,0,Unknown,Unknown,0,Unknown,Unknown,0,Unknown,Unknown,0,Unknown,Unknown
Hospital 4199,Wheeler,Government,-1,None,None,None,None,None,None,None,0,Unknown,Unknown,0,Unknown,Unknown,22960,Average,Higher,0,Unknown,Unknown
Hospital 4200,Muenster,Government,-1,None,None,None,None,None,None,None,0,Unknown,Unknown,0,Unknown,Unknown,0,Unknown,Unknown,0,Unknown,Unknown
Hospital 4201,Lockney,Government,-1,None,None,Same,None,None,None,None,0,Unknown,Unknown,15010,Average,Average,15015,Average,Lower,0,Unknown,Unknown
Hospital 4202,Van Horn,Proprietary,-1,None,None,None,None,Same,Above,None,0,Unknown,Unknown,0,Unknown,Unknown,0,Unknown,Unknown,0,Unknown,Unknown
Hospital 4203,Throckmorton,Government,-1,None,None,None,None,None,None,None,0,Unknown,Unknown,0,Unknown,Unknown,0,Unknown,Unknown,0,Unknown,Unknown
Hospital 4204,Shamrock,Government,-1,None,None,None,None,None,None,None,0,Unknown,Unknown,0,Unknown,Unknown,0,Unknown,Unknown,0,Unknown,Unknown
Hospital 4205,Haskell,Government,-1,None,None,None,None,None,None,None,0,Unknown,Unknown,0,Unknown,Unknown,21066,Average,Higher,0,Unknown,Unknown
Hospital 4206,Colorado City,Government,-1,Same,None,Same,None,None,None,None,0,Unknown,Unknown,16854,Average,Average,18594,Average,Average,0,Unknown,Unknown
Hospital 4207,Electra,Government,4,None,None,Above,None,Same,Above,None,0,Unknown,Unknown,0,Unknown,Unknown,20330,Average,Higher,0,Unknown,Unknown
Hospital 4208,Spearman,Government,-1,None,None,None,None,Same,Above,None,0,Unknown,Unknown,0,Unknown,Unknown,23075,Average,Higher,0,Unknown,Unknown
Hospital 4209,Crosbyton,Private,-1,None,None,None,None,None,None,None,0,Unknown,Unknown,0,Unknown,Unknown,0,Unknown,Unknown,0,Unknown,Unknown
Hospital 4210,Yoakum,Private,3,Same,None,Below,Same,Same,None,None,0,Unknown,Unknown,18756,Average,Average,19067,Average,Average,0,Unknown,Unknown
Hospital 4211,Coleman,Government,-1,Same,None,Same,None,None,None,None,0,Unknown,Unknown,16483,Average,Average,18633,Worse,Average,0,Unknown,Unknown
Hospital 4212,Brady,Private,-1,None,None,None,None,None,None,None,0,Unknown,Unknown,0,Unknown,Unknown,0,Unknown,Unknown,0,Unknown,Unknown
Hospital 4213,Tulia,Private,-1,Same,None,Same,None,None,None,None,0,Unknown,Unknown,0,Unknown,Unknown,19127,Average,Average,0,Unknown,Unknown
Hospital 4214,Dimmitt,Government,-1,None,None,None,None,Same,Same,None,0,Unknown,Unknown,0,Unknown,Unknown,0,Unknown,Unknown,0,Unknown,Unknown
Hospital 4215,Tahoka,Government,-1,None,None,None,None,None,None,None,0,Unknown,Unknown,0,Unknown,Unknown,0,Unknown,Unknown,0,Unknown,Unknown
Hospital 4216,Quanah,Government,-1,None,None,None,None,None,None,None,0,Unknown,Unknown,0,Unknown,Unknown,0,Unknown,Unknown,0,Unknown,Unknown
Hospital 4217,Crane,Government,-1,None,None,None,None,None,Above,None,0,Unknown,Unknown,0,Unknown,Unknown,0,Unknown,Unknown,0,Unknown,Unknown
Hospital 4218,Olney,Government,-1,None,None,Same,None,None,Same,None,0,Unknown,Unknown,0,Unknown,Unknown,17555,Average,Average,0,Unknown,Unknown
Hospital 4219,Wellington,Proprietary,-1,None,None,None,None,Same,Above,None,0,Unknown,Unknown,0,Unknown,Unknown,22298,Average,Higher,0,Unknown,Unknown
Hospital 4220,Port Lavaca,Government,3,Same,None,Same,Same,None,None,Same,0,Unknown,Unknown,15588,Average,Average,16153,Average,Average,0,Unknown,Unknown
Hospital 4221,Rockdale,Proprietary,-1,None,None,Same,None,None,None,None,0,Unknown,Unknown,0,Unknown,Unknown,16451,Average,Average,0,Unknown,Unknown
Hospital 4222,Seminole,Government,-1,None,None,None,None,None,None,None,0,Unknown,Unknown,0,Unknown,Unknown,0,Unknown,Unknown,0,Unknown,Unknown
Hospital 4223,Perryton,Government,-1,None,None,Same,Same,None,None,None,0,Unknown,Unknown,14894,Average,Average,15291,Average,Lower,0,Unknown,Unknown
Hospital 4224,San Augustine,Private,-1,None,None,None,None,None,None,None,0,Unknown,Unknown,0,Unknown,Unknown,0,Unknown,Unknown,0,Unknown,Unknown
Hospital 4225,Hemphill,Proprietary,-1,None,None,Same,None,None,None,None,0,Unknown,Unknown,0,Unknown,Unknown,17415,Average,Average,0,Unknown,Unknown
Hospital 4226,Henrietta,Government,-1,None,None,None,None,None,None,None,0,Unknown,Unknown,0,Unknown,Unknown,17017,Average,Average,0,Unknown,Unknown
Hospital 4227,Edna,Government,-1,None,None,None,None,None,Above,None,0,Unknown,Unknown,0,Unknown,Unknown,0,Unknown,Unknown,0,Unknown,Unknown
Hospital 4228,Kenedy,Government,3,None,None,Same,None,Same,Above,None,0,Unknown,Unknown,0,Unknown,Unknown,20248,Average,Average,0,Unknown,Unknown
Hospital 4229,Burnet,Private,3,Same,None,Same,Above,Same,Above,Below,0,Unknown,Unknown,16446,Average,Average,17277,Average,Average,27325,Average,Higher
Hospital 4230,Morton,Government,-1,None,None,None,None,None,None,None,0,Unknown,Unknown,0,Unknown,Unknown,0,Unknown,Unknown,0,Unknown,Unknown
Hospital 4231,Pittsburg,Unknown,3,Same,None,Below,Above,Same,Above,Same,0,Unknown,Unknown,16017,Average,Average,19108,Average,Average,0,Unknown,Unknown
Hospital 4232,Borger,Proprietary,3,Same,None,Same,None,Same,None,None,0,Unknown,Unknown,15412,Average,Average,17298,Average,Average,0,Unknown,Unknown
Hospital 4233,Bonham,Government,-1,Same,None,Below,None,None,None,None,0,Unknown,Unknown,17998,Average,Average,20254,Average,Higher,0,Unknown,Unknown
Hospital 4234,Luling,Private,4,Same,None,Same,Above,Same,Above,Same,0,Unknown,Unknown,18127,Average,Average,19526,Average,Average,0,Unknown,Unknown
Hospital 4235,Muleshoe,Proprietary,-1,None,None,Same,None,None,None,None,0,Unknown,Unknown,19414,Average,Average,18830,Average,Average,0,Unknown,Unknown
Hospital 4236,Monahans,Government,4,Same,None,Same,None,None,Same,None,0,Unknown,Unknown,16379,Average,Average,15410,Average,Average,0,Unknown,Unknown
Hospital 4237,Taylor,Private,-1,None,None,Same,None,None,None,None,0,Unknown,Unknown,0,Unknown,Unknown,18476,Average,Average,0,Unknown,Unknown
Hospital 4238,Liberty,Government,-1,None,None,None,None,None,None,None,0,Unknown,Unknown,0,Unknown,Unknown,0,Unknown,Unknown,0,Unknown,Unknown
Hospital 4239,Hallettsville,Government,-1,Same,None,Same,None,None,None,None,0,Unknown,Unknown,17652,Average,Average,19613,Better,Higher,0,Unknown,Unknown
Hospital 4240,Pecos,Government,2,Same,None,Below,None,Same,None,None,0,Unknown,Unknown,15525,Average,Average,12058,Average,Lower,0,Unknown,Unknown
Hospital 4241,Alpine,Proprietary,4,Same,None,Above,Same,Same,Above,None,0,Unknown,Unknown,17368,Average,Average,19683,Average,Average,0,Unknown,Unknown
Hospital 4242,Gatesville,Government,4,None,None,Same,Above,None,Same,None,0,Unknown,Unknown,0,Unknown,Unknown,19037,Average,Average,0,Unknown,Unknown
Hospital 4243,Quitman,Private,4,Same,None,Same,Above,Same,Same,Same,0,Unknown,Unknown,18111,Average,Average,17849,Average,Average,0,Unknown,Unknown
Hospital 4244,Winnsboro,Private,-1,None,None,None,None,None,None,None,0,Unknown,Unknown,0,Unknown,Unknown,0,Unknown,Unknown,0,Unknown,Unknown
Hospital 4245,Comanche,Private,-1,None,None,None,None,None,None,None,0,Unknown,Unknown,0,Unknown,Unknown,0,Unknown,Unknown,0,Unknown,Unknown
Hospital 4246,Snyder,Government,3,Same,None,Same,Same,None,None,None,0,Unknown,Unknown,15783,Average,Average,15220,Average,Average,0,Unknown,Unknown
Hospital 4247,Clifton,Government,3,None,None,Same,None,Same,Above,Same,0,Unknown,Unknown,0,Unknown,Unknown,15856,Average,Average,0,Unknown,Unknown
Hospital 4248,Dumas,Government,4,Same,None,Same,Same,Same,Above,None,0,Unknown,Unknown,17196,Average,Average,16649,Average,Average,0,Unknown,Unknown
Hospital 4249,Uvalde,Government,4,None,None,Above,Above,Same,Above,Same,0,Unknown,Unknown,16672,Average,Average,16260,Average,Average,0,Unknown,Unknown
Hospital 4250,Fort Stockton,Government,-1,None,None,None,None,None,None,None,0,Unknown,Unknown,0,Unknown,Unknown,0,Unknown,Unknown,0,Unknown,Unknown
Hospital 4251,Carrizo Springs,Unknown,-1,None,None,None,None,None,None,None,0,Unknown,Unknown,0,Unknown,Unknown,0,Unknown,Unknown,0,Unknown,Unknown
Hospital 4252,Pearsall,Private,-1,None,None,None,None,None,Same,None,0,Unknown,Unknown,0,Unknown,Unknown,0,Unknown,Unknown,0,Unknown,Unknown
Hospital 4253,Fort Worth,Private,-1,None,None,None,None,None,None,None,0,Unknown,Unknown,0,Unknown,Unknown,0,Unknown,Unknown,0,Unknown,Unknown
Hospital 4254,Corpus Christi,Private,-1,None,None,None,None,None,None,None,0,Unknown,Unknown,0,Unknown,Unknown,0,Unknown,Unknown,0,Unknown,Unknown
Hospital 4255,Dallas,Private,-1,None,None,None,None,None,None,None,0,Unknown,Unknown,0,Unknown,Unknown,0,Unknown,Unknown,0,Unknown,Unknown
Hospital 4256,Houston,Private,-1,None,None,None,None,None,None,None,0,Unknown,Unknown,0,Unknown,Unknown,0,Unknown,Unknown,0,Unknown,Unknown
Hospital 4257,Lubbock,Private,-1,None,None,None,None,None,None,None,0,Unknown,Unknown,0,Unknown,Unknown,0,Unknown,Unknown,0,Unknown,Unknown
Hospital 4258,Allen,Church,-1,None,None,None,None,None,None,None,0,Unknown,Unknown,0,Unknown,Unknown,0,Unknown,Unknown,0,Unknown,Unknown
Hospital 4259,Houston,Proprietary,-1,None,None,None,None,None,None,None,0,Unknown,Unknown,0,Unknown,Unknown,0,Unknown,Unknown,0,Unknown,Unknown
Hospital 4260,Austin,Private,-1,None,None,None,None,None,None,None,0,Unknown,Unknown,0,Unknown,Unknown,0,Unknown,Unknown,0,Unknown,Unknown
Hospital 4261,Galveston,Private,-1,None,None,None,None,None,None,None,0,Unknown,Unknown,0,Unknown,Unknown,0,Unknown,Unknown,0,Unknown,Unknown
Hospital 4262,Houston,Unknown,-1,None,None,None,None,None,None,None,0,Unknown,Unknown,0,Unknown,Unknown,0,Unknown,Unknown,0,Unknown,Unknown
Hospital 4263,El Paso,Private,-1,None,None,None,None,None,None,None,0,Unknown,Unknown,0,Unknown,Unknown,0,Unknown,Unknown,0,Unknown,Unknown
Hospital 4264,Dallas,Private,-1,None,None,None,None,None,None,None,0,Unknown,Unknown,0,Unknown,Unknown,0,Unknown,Unknown,0,Unknown,Unknown
Hospital 4265,San Antonio,Church,-1,None,None,None,None,None,None,None,0,Unknown,Unknown,0,Unknown,Unknown,0,Unknown,Unknown,0,Unknown,Unknown
Hospital 4266,Plano,Private,-1,None,None,None,None,None,None,None,0,Unknown,Unknown,0,Unknown,Unknown,0,Unknown,Unknown,0,Unknown,Unknown
Hospital 4267,Provo,Private,5,Same,Above,Above,Above,Same,Above,Same,22754,Better,Average,18261,Average,Higher,19360,Average,Higher,24695,Average,Higher
Hospital 4268,Salt Lake City,Proprietary,2,Same,Below,Above,Same,Same,Same,Same,24578,Average,Average,18197,Average,Average,19916,Average,Higher,21106,Average,Average
Hospital 4269,Ogden,Private,3,Below,Below,Above,Above,Same,Same,Above,25665,Average,Average,16568,Average,Average,18183,Average,Average,19447,Average,Lower
Hospital 4270,Ogden,Proprietary,4,Same,Above,Above,Below,Same,Above,Same,25125,Average,Average,17544,Average,Average,17686,Average,Average,23254,Average,Higher
Hospital 4271,Salt Lake City,Private,5,Same,Above,Above,Above,Same,Same,Same,0,Unknown,Unknown,17029,Average,Average,18000,Average,Average,20316,Average,Lower
Hospital 4272,Cedar City,Private,4,Same,Above,Above,Above,Same,Above,Same,0,Unknown,Unknown,15820,Average,Average,14760,Average,Lower,17581,Average,Lower
Hospital 4273,Salt Lake City,Government,4,Same,Above,Above,Above,Same,Below,Above,24930,Average,Average,19390,Average,Higher,18313,Average,Average,20300,Average,Lower
Hospital 4274,Murray,Private,4,Same,Above,Above,Same,Same,Same,Above,22894,Average,Average,16714,Average,Average,17674,Average,Average,22653,Average,Average
Hospital 4275,Price,Proprietary,4,Same,Above,Above,Above,Same,Above,Same,0,Unknown,Unknown,16432,Average,Average,16101,Average,Average,20498,Average,Lower
Hospital 4276,Payson,Proprietary,4,Same,Above,Above,Same,Same,Above,Same,23896,Average,Average,16281,Average,Average,15271,Average,Lower,25897,Average,Higher
Hospital 4277,Tooele,Proprietary,3,Same,Same,Same,Same,Same,Above,Same,0,Unknown,Unknown,16560,Average,Average,15026,Average,Lower,23186,Average,Average
Hospital 4278,Logan,Private,4,Same,Above,Above,Above,Same,Same,Same,23297,Average,Average,15689,Average,Average,16494,Average,Average,22207,Average,Average
Hospital 4279,Brigham City,Proprietary,4,None,None,Above,Same,Same,Above,Below,0,Unknown,Unknown,0,Unknown,Unknown,17120,Average,Average,23524,Average,Average
Hospital 4280,Roosevelt,Unknown,3,Same,Same,Above,Same,Same,Above,Same,0,Unknown,Unknown,14356,Average,Lower,16796,Average,Average,22862,Average,Average
Hospital 4281,St George,Private,4,Below,Above,Above,Above,Same,Above,Same,23426,Average,Average,17562,Worse,Average,16282,Average,Lower,20759,Average,Lower
Hospital 4282,American Fork,Private,4,Same,Same,Above,Above,Same,Above,Same,0,Unknown,Unknown,16712,Average,Average,16913,Average,Average,21556,Average,Average
Hospital 4283,Richfield,Private,4,None,None,Above,Above,Same,Same,Same,0,Unknown,Unknown,0,Unknown,Unknown,16578,Average,Average,23387,Average,Average
Hospital 4284,Vernal,Proprietary,4,Same,Same,Above,Same,Same,Above,Same,0,Unknown,Unknown,14402,Average,Lower,14720,Average,Lower,21280,Average,Average
Hospital 4285,Tremonton,Private,4,None,None,Same,Above,Same,Same,None,0,Unknown,Unknown,0,Unknown,Unknown,14513,Average,Lower,0,Unknown,Unknown
Hospital 4286,Layton,Proprietary,3,Same,Above,Above,Below,Above,Above,Above,25833,Average,Average,18116,Average,Average,17226,Average,Average,25827,Average,Higher
Hospital 4287,Bountiful,Proprietary,5,Same,Above,Above,Same,Same,Above,Same,22945,Average,Average,16678,Average,Average,18800,Average,Average,20358,Average,Lower
Hospital 4288,Orem,Private,-1,None,None,None,Above,Same,Same,None,0,Unknown,Unknown,0,Unknown,Unknown,0,Unknown,Unknown,0,Unknown,Unknown
Hospital 4289,Sandy,Private,4,Same,Below,Above,Same,Same,Same,Same,0,Unknown,Unknown,16862,Average,Average,17532,Average,Average,22992,Average,Average
Hospital 4290,Salt Lake City,Proprietary,4,Same,Above,Above,Below,Same,Above,Same,25339,Average,Average,17155,Average,Average,17416,Average,Average,23475,Average,Higher
Hospital 4291,Murray,Private,-1,None,None,None,Above,None,None,Same,0,Unknown,Unknown,0,Unknown,Unknown,0,Unknown,Unknown,21619,Average,Average
Hospital 4292,West Jordan,Unknown,2,Same,Below,Above,Below,Below,Same,Same,23622,Average,Average,16642,Average,Average,17630,Average,Average,24357,Average,Higher
Hospital 4293,Orem,Proprietary,4,Same,Above,Above,Same,Same,Above,Same,24466,Average,Average,18130,Average,Average,16613,Average,Average,23263,Average,Average
Hospital 4294,North Logan,Proprietary,-1,None,None,None,Above,Same,Above,None,0,Unknown,Unknown,0,Unknown,Unknown,0,Unknown,Unknown,21509,Average,Average
Hospital 4295,Park City,Proprietary,4,None,Above,Above,Above,Same,Above,Same,0,Unknown,Unknown,0,Unknown,Unknown,14956,Average,Lower,22524,Average,Average
Hospital 4296,Riverton,Private,4,None,Same,Above,Above,Same,Same,None,0,Unknown,Unknown,15810,Average,Average,19906,Average,Higher,23672,Average,Average
Hospital 4297,Draper,Proprietary,4,None,Same,Above,Above,Same,Above,Same,0,Unknown,Unknown,0,Unknown,Unknown,18261,Average,Average,24198,Average,Higher
Hospital 4298,Delta,Proprietary,3,None,None,Same,None,Same,Same,None,0,Unknown,Unknown,0,Unknown,Unknown,0,Unknown,Unknown,0,Unknown,Unknown
Hospital 4299,Fillmore,Private,-1,None,None,None,None,Same,Same,None,0,Unknown,Unknown,0,Unknown,Unknown,0,Unknown,Unknown,0,Unknown,Unknown
Hospital 4300,Moab,Private,-1,None,None,None,None,None,None,None,0,Unknown,Unknown,0,Unknown,Unknown,16201,Average,Average,0,Unknown,Unknown
Hospital 4301,Mount Pleasant,Private,4,None,None,Above,None,Same,Above,None,0,Unknown,Unknown,0,Unknown,Unknown,15555,Average,Average,0,Unknown,Unknown
Hospital 4302,Nephi,Private,3,None,None,Below,Above,Same,Above,None,0,Unknown,Unknown,15937,Average,Average,13572,Average,Lower,24841,Average,Higher
Hospital 4303,Milford,Government,-1,None,None,None,None,None,None,None,0,Unknown,Unknown,0,Unknown,Unknown,0,Unknown,Unknown,0,Unknown,Unknown
Hospital 4304,Gunnison,Proprietary,5,None,None,Above,Above,Same,Same,None,0,Unknown,Unknown,16164,Average,Average,15541,Average,Lower,0,Unknown,Unknown
Hospital 4305,Heber City,Private,3,None,None,Same,Same,Same,Above,Same,0,Unknown,Unknown,0,Unknown,Unknown,17544,Average,Average,0,Unknown,Unknown
Hospital 4306,Monticello,Government,-1,None,None,Same,None,None,Same,None,0,Unknown,Unknown,0,Unknown,Unknown,0,Unknown,Unknown,21409,Average,Average
Hospital 4307,Kanab,Government,-1,None,None,None,None,None,None,None,0,Unknown,Unknown,0,Unknown,Unknown,14746,Average,Lower,0,Unknown,Unknown
Hospital 4308,Blanding,Private,-1,None,None,None,None,None,None,None,0,Unknown,Unknown,0,Unknown,Unknown,12186,Average,Lower,0,Unknown,Unknown
Hospital 4309,Panguitch,Government,4,None,None,Same,None,Same,Above,None,0,Unknown,Unknown,0,Unknown,Unknown,11119,Average,Lower,0,Unknown,Unknown
Hospital 4310,Beaver,Government,-1,None,None,None,None,None,Above,Same,0,Unknown,Unknown,0,Unknown,Unknown,0,Unknown,Unknown,0,Unknown,Unknown
Hospital 4311,Salt Lake City,Private,-1,None,None,None,None,None,None,None,0,Unknown,Unknown,0,Unknown,Unknown,0,Unknown,Unknown,0,Unknown,Unknown
Hospital 4312,Salt Lake City,Private,-1,None,None,None,None,None,None,None,0,Unknown,Unknown,0,Unknown,Unknown,0,Unknown,Unknown,0,Unknown,Unknown
Hospital 4313,Barre,Private,4,Same,Same,Below,Same,Above,Same,Above,22283,Average,Average,15102,Average,Lower,16372,Average,Lower,22340,Average,Average
Hospital 4314,Burlington,Unknown,3,Below,Above,Above,Above,Same,Below,Same,23573,Average,Average,16589,Worse,Average,16551,Average,Average,21460,Average,Average
Hospital 4315,Rutland,Private,3,Same,Above,Above,Above,Same,Same,Same,23805,Average,Average,15412,Average,Average,16263,Average,Lower,19221,Average,Lower
Hospital 4316,Brattleboro,Private,3,Same,Below,Above,Below,Same,Same,Same,23851,Average,Average,15742,Average,Average,15596,Average,Lower,20169,Average,Lower
Hospital 4317,Bennington,Private,4,Same,Above,Above,Above,Same,Same,Same,21888,Average,Average,15537,Average,Average,16190,Average,Lower,20186,Average,Lower
Hospital 4318,Saint Albans,Unknown,4,Same,Above,Same,Above,Same,Same,Same,22549,Average,Average,15340,Average,Average,16581,Average,Average,18772,Average,Lower
Hospital 4319,Townshend,Private,-1,None,None,None,None,None,None,None,0,Unknown,Unknown,0,Unknown,Unknown,21740,Average,Higher,0,Unknown,Unknown
Hospital 4320,Randolph,Private,4,Same,None,Same,Above,Same,None,Same,0,Unknown,Unknown,15326,Average,Average,14394,Average,Lower,0,Unknown,Unknown
Hospital 4321,Windsor,Private,-1,Same,None,Same,None,None,None,None,0,Unknown,Unknown,17378,Average,Average,16693,Average,Average,0,Unknown,Unknown
Hospital 4322,Saint Johnsbury,Private,3,Same,Same,Above,Same,None,None,None,0,Unknown,Unknown,15767,Average,Average,15011,Average,Lower,21364,Average,Average
Hospital 4323,Newport,Private,3,Same,None,Below,Above,None,None,Same,23467,Average,Average,14734,Worse,Lower,15215,Average,Lower,21820,Average,Average
Hospital 4324,Morrisville,Private,2,Same,None,Below,Above,None,None,None,0,Unknown,Unknown,14262,Worse,Lower,13271,Average,Lower,20102,Average,Lower
Hospital 4325,Springfield,Private,3,Same,None,Below,Same,None,None,None,23117,Average,Average,15643,Average,Average,14722,Average,Lower,22950,Average,Average
Hospital 4326,Middlebury,Private,4,Same,None,Above,Same,None,None,None,0,Unknown,Unknown,16090,Average,Average,16063,Average,Lower,22489,Average,Average
Hospital 4327,St Thomas,Government,3,Same,Same,Above,None,Same,None,Same,19583,Average,Lower,11716,Average,Lower,13192,Average,Lower,19770,Average,Lower
Hospital 4328,St Croix,Government,2,Same,Same,Same,None,None,None,None,20088,Average,Lower,13420,Average,Lower,13038,Average,Lower,17725,Average,Lower
Hospital 4329,Norton,Private,4,Above,Above,Below,Above,Same,Above,Same,21850,Average,Average,16295,Better,Average,16960,Average,Average,0,Unknown,Unknown
Hospital 4330,Lebanon,Private,3,Same,None,Below,Same,Same,Above,None,23630,Average,Average,15166,Average,Average,14163,Average,Lower,0,Unknown,Unknown
Hospital 4331,Harrisonburg,Private,4,Above,Same,Same,Same,Same,Below,Same,23131,Average,Average,16806,Better,Average,16926,Average,Average,20543,Average,Lower
Hospital 4332,Winchester,Private,2,Same,Above,Below,Below,Same,Below,Same,23376,Average,Average,15464,Average,Lower,15963,Average,Lower,21017,Average,Lower
Hospital 4333,Norfolk,Unknown,3,Same,Below,Above,Same,Same,Below,Same,22716,Average,Average,16725,Average,Average,16355,Average,Lower,0,Unknown,Unknown
Hospital 4334,Charlottesville,Government,2,Below,Below,Below,Above,Same,Below,Above,22992,Average,Average,17309,Average,Average,17699,Average,Average,21765,Average,Average
Hospital 4335,Norfolk,Private,2,Same,Below,Below,Below,Same,Below,Same,22579,Average,Average,15236,Average,Lower,16513,Average,Average,24863,Average,Higher
Hospital 4336,South Boston,Private,2,Below,Below,Above,Same,Same,Same,Same,21935,Average,Average,16045,Average,Average,16859,Worse,Average,19966,Average,Lower
Hospital 4337,Portsmouth,Private,1,Same,Below,Above,Below,Same,Below,Same,21555,Average,Lower,15570,Average,Lower,17511,Average,Average,23258,Average,Higher
Hospital 4338,Fishersville,Private,4,Below,Above,Above,Same,Same,Same,Below,25266,Average,Average,16326,Average,Average,16398,Average,Lower,18128,Average,Lower
Hospital 4339,Culpeper,Unknown,3,Same,Above,Above,Same,Same,Above,Same,22905,Average,Average,16356,Average,Average,17604,Average,Average,22980,Average,Average
Hospital 4340,Hopewell,Proprietary,2,Below,Above,Below,Below,Above,Above,Below,24947,Average,Average,16376,Average,Average,18567,Worse,Average,19798,Average,Lower
Hospital 4341,Lynchburg,Private,5,Above,Above,Above,Same,Same,Below,Same,20273,Better,Lower,16712,Better,Average,17600,Average,Average,18491,Average,Lower
Hospital 4342,Fredericksburg,Private,3,Above,Below,Same,Below,Same,Below,Above,24713,Average,Average,17419,Average,Average,16595,Better,Lower,20356,Better,Lower
Hospital 4343,Warrenton,Private,2,Same,Below,Below,Below,Same,Above,Same,23774,Average,Average,16512,Average,Average,17966,Average,Average,21961,Average,Average
Hospital 4344,Roanoke,Private,2,Below,Below,Below,Same,Below,Below,Same,22530,Average,Lower,17392,Average,Higher,18887,Average,Higher,21102,Average,Lower
Hospital 4345,Richmond,Government,2,Same,Below,Same,Above,Same,Below,Same,24483,Average,Average,18649,Average,Higher,18515,Average,Average,22742,Average,Average
Hospital 4346,Front Royal,Unknown,3,Same,Same,Above,Same,Same,Same,Same,0,Unknown,Unknown,14701,Average,Lower,16790,Average,Average,21876,Average,Average
Hospital 4347,Onancock,Private,4,Same,None,Above,Same,Below,Same,Same,24651,Average,Average,15143,Average,Lower,17192,Average,Average,0,Unknown,Unknown
Hospital 4348,Marion,Private,4,Same,Above,Below,Above,Same,Above,Same,0,Unknown,Unknown,15484,Average,Average,17013,Average,Average,21872,Average,Average
Hospital 4349,Alexandria,Private,4,Above,Above,Above,Same,Above,Above,Same,23145,Average,Average,17065,Average,Average,16946,Average,Average,19300,Average,Lower
Hospital 4350,Newport News,Private,4,Same,Above,Above,Same,Same,Same,Same,23114,Average,Average,16024,Average,Average,18266,Average,Average,18636,Average,Lower
Hospital 4351,Christiansburg,Private,3,Same,Below,Above,Same,Same,Below,Same,25906,Average,Average,16968,Average,Average,16974,Average,Average,19944,Average,Lower
Hospital 4352,Leesburg,Private,5,Above,Above,Below,Same,Above,Same,Same,21171,Average,Lower,15928,Average,Average,16871,Average,Average,21502,Average,Average
Hospital 4353,Suffolk,Unknown,4,Same,Above,Below,Above,Same,Same,Same,23717,Average,Average,16047,Average,Average,16806,Average,Average,20982,Average,Lower
Hospital 4354,Manassas,Private,2,Same,Same,Below,Below,Same,Below,Same,25288,Average,Average,17403,Average,Average,18379,Average,Average,21180,Average,Average
Hospital 4355,Norfolk,Unknown,4,Same,Above,Same,Above,Same,Below,Same,22449,Average,Average,16438,Average,Average,18124,Average,Average,23032,Better,Higher
Hospital 4356,Salem,Proprietary,3,Same,Above,Below,Below,Same,Above,Same,22426,Average,Lower,16783,Average,Average,18122,Average,Average,23079,Average,Higher
Hospital 4357,Arlington,Private,4,Same,Above,Above,Above,Above,Below,Below,22101,Average,Average,16860,Average,Average,16984,Average,Average,18239,Average,Lower
Hospital 4358,Newport News,Private,2,Same,Above,Below,Below,Below,Below,Above,20522,Average,Lower,15680,Average,Lower,16947,Average,Average,22577,Average,Average
Hospital 4359,Abingdon,Private,2,Same,Above,Below,Below,Same,Same,Above,22584,Average,Average,15378,Average,Lower,17578,Average,Average,21701,Average,Average
Hospital 4360,Virginia Beach,Unknown,2,Same,Same,Below,Same,Same,Same,Same,22982,Average,Average,17029,Average,Average,17928,Average,Average,21974,Average,Average
Hospital 4361,Richmond,Church,4,Same,Below,Above,Same,Same,Below,Same,22924,Average,Average,16894,Average,Average,17614,Average,Average,20061,Average,Lower
Hospital 4362,Richlands,Proprietary,4,Same,Above,Above,Same,Same,Above,Same,20042,Average,Lower,13362,Average,Lower,14783,Average,Lower,0,Unknown,Unknown
Hospital 4363,Falls Church,Private,5,Above,Above,Below,Same,Same,Same,Above,25196,Average,Higher,17828,Better,Higher,17464,Average,Average,19723,Average,Lower
Hospital 4364,Williamsburg,Private,5,Same,Above,Above,Above,Same,Same,Below,22247,Average,Average,17241,Average,Average,15431,Average,Lower,20015,Average,Lower
Hospital 4365,Petersburg,Proprietary,1,Same,Below,Below,Below,Same,Below,Below,27451,Average,Higher,16979,Better,Average,19570,Average,Higher,20760,Average,Lower
Hospital 4366,Mechanicsville,Church,5,Same,Above,Above,Same,Same,Below,Same,22990,Average,Average,17628,Average,Higher,18852,Average,Higher,18652,Average,Lower
Hospital 4367,Danville,Proprietary,1,Same,Above,Below,Below,Same,Same,Above,23296,Average,Average,16731,Average,Average,17437,Worse,Average,22247,Average,Average
Hospital 4368,Charlottesville,Private,4,Same,Same,Above,Above,Same,Same,Same,21469,Average,Lower,14565,Average,Lower,17178,Average,Average,20061,Average,Lower
Hospital 4369,Tappahannock,Private,3,Same,Above,Above,Below,Below,Same,Same,21872,Average,Average,16190,Average,Average,17971,Average,Average,20379,Average,Lower
Hospital 4370,Bedford,Private,3,Same,None,Above,Same,Same,Same,Same,0,Unknown,Unknown,14803,Average,Lower,16936,Average,Average,0,Unknown,Unknown
Hospital 4371,Rocky Mount,Private,4,Same,None,Same,Above,Same,Same,Same,0,Unknown,Unknown,15551,Average,Average,16351,Average,Average,0,Unknown,Unknown
Hospital 4372,Farmville,Unknown,5,Same,Above,Above,Same,Same,Same,Above,23711,Average,Average,15727,Average,Average,17921,Average,Average,0,Unknown,Unknown
Hospital 4373,Franklin,Proprietary,2,Same,Above,Below,Same,Same,Same,Same,0,Unknown,Unknown,14603,Average,Lower,15912,Average,Average,18493,Average,Lower
Hospital 4374,Hampton,Private,3,Below,Above,Below,Same,Same,Below,Same,22750,Average,Average,15801,Average,Average,17952,Average,Average,18926,Average,Lower
Hospital 4375,Richmond,Private,4,None,None,Above,None,Same,Same,None,0,Unknown,Unknown,16722,Average,Average,0,Unknown,Unknown,0,Unknown,Unknown
Hospital 4376,Emporia,Proprietary,3,Same,None,Below,Same,Same,Above,Same,23204,Average,Average,16367,Average,Average,16622,Average,Average,0,Unknown,Unknown
Hospital 4377,South Hill,Private,3,Same,Above,Same,Same,Above,Same,Same,0,Unknown,Unknown,15998,Average,Average,16890,Worse,Average,22151,Average,Average
Hospital 4378,Fairfax,Unknown,5,Same,Above,Above,Above,Same,Same,Above,24836,Average,Average,16494,Average,Average,16588,Average,Average,19342,Average,Lower
Hospital 4379,Petersburg,Government,-1,None,None,None,None,None,None,None,0,Unknown,Unknown,0,Unknown,Unknown,0,Unknown,Unknown,0,Unknown,Unknown
Hospital 4380,Reston,Private,3,Same,Above,Below,Below,Above,Above,Same,22991,Average,Average,16017,Average,Average,17995,Average,Average,19930,Worse,Lower
Hospital 4381,Blacksburg,Proprietary,3,Same,Above,Below,Same,Above,Above,Same,26018,Average,Average,16495,Average,Average,16379,Average,Average,24820,Average,Higher
Hospital 4382,Wytheville,Church,2,Same,Same,Below,Below,Same,Above,Below,21639,Average,Average,15239,Average,Average,16178,Average,Lower,21604,Average,Average
Hospital 4383,Richmond,Proprietary,2,Same,Below,Same,Below,Above,Same,Same,22359,Average,Lower,16810,Average,Average,17642,Worse,Average,20069,Average,Lower
Hospital 4384,Woodbridge,Private,3,Same,Above,Above,Below,Same,Below,Same,24650,Average,Average,17512,Average,Average,17975,Average,Average,21587,Average,Average
Hospital 4385,Big Stone Gap,Private,3,Same,Above,Below,Same,Same,Above,Same,21398,Average,Average,16633,Average,Average,17493,Average,Average,0,Unknown,Unknown
Hospital 4386,Galax,Proprietary,3,Below,Above,Same,Same,Same,Above,Same,23202,Average,Average,15996,Average,Average,17827,Worse,Average,25191,Average,Higher
Hospital 4387,Pulaski,Proprietary,2,Same,Below,Below,Same,Same,Above,Same,23407,Average,Average,16309,Average,Average,15924,Average,Lower,26432,Average,Higher
Hospital 4388,Tazewell,Unknown,3,Same,None,Same,None,Same,Same,Same,0,Unknown,Unknown,17446,Average,Average,16794,Average,Average,0,Unknown,Unknown
Hospital 4389,Richmond,Unknown,4,Same,Above,Above,Same,Above,Above,Same,22957,Average,Average,16606,Average,Average,18227,Average,Higher,19101,Better,Lower
Hospital 4390,Virginia Beach,Unknown,5,Above,Above,Above,Above,Same,Below,Same,26024,Average,Average,15989,Average,Average,18077,Better,Average,21988,Average,Average
Hospital 4391,Chesapeake,Government,3,Above,Below,Below,Below,Same,Same,Same,23089,Average,Average,16349,Better,Average,16604,Better,Lower,24493,Average,Higher
Hospital 4392,Alexandria,Private,5,Same,Above,Above,Above,Same,Same,Same,26178,Average,Average,16372,Average,Average,17333,Worse,Average,18131,Average,Lower
Hospital 4393,Low Moor,Private,3,Same,Same,Same,Same,Same,Above,Same,23107,Average,Average,14924,Average,Lower,16910,Average,Average,22343,Average,Average
Hospital 4394,Grundy,Private,4,Same,None,Below,Above,Same,Above,Same,0,Unknown,Unknown,15956,Average,Average,14855,Average,Lower,0,Unknown,Unknown
Hospital 4395,Arlington,Private,-1,None,None,None,None,None,None,None,0,Unknown,Unknown,0,Unknown,Unknown,0,Unknown,Unknown,0,Unknown,Unknown
Hospital 4396,Gloucester,Private,3,Below,Above,Below,Same,Same,Same,Above,22150,Average,Average,14629,Worse,Lower,15926,Average,Lower,21308,Average,Average
Hospital 4397,Midlothian,Church,3,Same,Below,Above,Above,Same,Same,Same,21403,Average,Lower,18670,Average,Higher,19077,Average,Higher,20404,Average,Lower
Hospital 4398,Stafford,Private,3,Same,Same,Below,Same,Same,Same,Same,23948,Average,Average,17569,Average,Average,15781,Average,Lower,22456,Average,Average
Hospital 4399,Fredericksburg,Proprietary,3,Same,Above,Below,Below,Same,Above,Above,22478,Average,Average,17375,Average,Average,18081,Average,Average,21283,Average,Average
Hospital 4400,Williamsburg,Private,4,Same,Same,Same,Above,Same,Above,Same,24034,Average,Average,16688,Average,Average,15741,Average,Average,21227,Average,Average
Hospital 4401,Haymarket,Private,4,Same,Same,Above,Above,Same,Same,Same,0,Unknown,Unknown,17380,Average,Average,18297,Average,Average,27646,Average,Higher
Hospital 4402,Dulles,Proprietary,4,None,None,Same,Same,Same,Above,None,0,Unknown,Unknown,16555,Average,Average,0,Unknown,Unknown,0,Unknown,Unknown
Hospital 4403,Hot Springs,Private,-1,Same,None,Below,None,None,None,None,0,Unknown,Unknown,16091,Average,Average,18478,Average,Average,0,Unknown,Unknown
Hospital 4404,Pearisburg,Private,4,Same,None,Above,Same,Same,Same,Same,0,Unknown,Unknown,17300,Average,Average,17920,Average,Average,27623,Average,Higher
Hospital 4405,Clintwood,Private,-1,None,None,None,None,None,None,None,0,Unknown,Unknown,0,Unknown,Unknown,0,Unknown,Unknown,0,Unknown,Unknown
Hospital 4406,Lexington,Private,4,Same,None,Above,Same,Same,Same,Same,24382,Average,Average,17028,Average,Average,18666,Average,Average,0,Unknown,Unknown
Hospital 4407,Woodstock,Private,4,Same,None,Above,Same,Same,Same,Same,21860,Average,Average,15544,Average,Average,14989,Average,Lower,24452,Average,Higher
Hospital 4408,Luray,Private,4,Same,None,Above,None,Same,Same,Same,0,Unknown,Unknown,15721,Average,Average,16137,Average,Average,0,Unknown,Unknown
Hospital 4409,Kilmarnock,Private,2,Same,None,Above,Below,Same,Same,Same,0,Unknown,Unknown,16113,Average,Average,18377,Worse,Average,0,Unknown,Unknown
Hospital 4410,New Kent,Proprietary,-1,None,None,None,None,None,None,None,0,Unknown,Unknown,0,Unknown,Unknown,0,Unknown,Unknown,0,Unknown,Unknown
Hospital 4411,Norfolk,Private,-1,None,None,None,None,None,None,None,0,Unknown,Unknown,0,Unknown,Unknown,0,Unknown,Unknown,0,Unknown,Unknown
Hospital 4412,Richmond,Private,-1,None,None,None,None,None,None,None,0,Unknown,Unknown,0,Unknown,Unknown,0,Unknown,Unknown,0,Unknown,Unknown
Hospital 4413,Seattle,Unknown,4,Same,Below,Above,Above,Same,Below,Below,22464,Average,Average,15346,Average,Lower,17210,Average,Average,19296,Average,Lower
Hospital 4414,Walla Walla,Private,5,Same,Above,Above,Same,Same,Below,Same,22313,Average,Average,16725,Average,Average,16126,Average,Lower,19832,Average,Lower
Hospital 4415,Mount Vernon,Government,1,Below,Below,Below,Below,Same,Same,Same,20989,Average,Lower,15140,Average,Lower,16666,Average,Average,19452,Average,Lower
Hospital 4416,Seattle,Private,4,Same,Above,Below,Above,Same,Same,Same,24884,Average,Average,15564,Average,Average,16796,Average,Average,17962,Average,Lower
Hospital 4417,Anacortes,Government,4,Same,Above,Above,Above,Same,Same,Same,23114,Average,Average,17306,Average,Average,16881,Average,Average,19711,Average,Lower
Hospital 4418,Seattle,Government,4,Same,Above,Above,Above,Same,Below,Same,24463,Average,Average,18662,Average,Higher,18932,Average,Average,23475,Average,Average
Hospital 4419,Burien,Private,2,Same,Below,Above,Below,Same,Below,Same,22086,Average,Average,16382,Average,Average,18149,Average,Average,21734,Average,Average
Hospital 4420,Yakima,Proprietary,2,Same,Below,Above,Below,Below,Below,Same,24166,Average,Average,15716,Worse,Average,18422,Average,Average,20174,Average,Lower
Hospital 4421,Everett,Church,2,Below,Above,Above,Below,Below,Below,Above,20176,Average,Lower,14599,Average,Lower,16588,Worse,Lower,19035,Average,Lower
Hospital 4422,Auburn,Private,2,Same,Below,Above,Below,Same,Below,Same,24023,Average,Average,15736,Average,Average,16940,Average,Average,21251,Average,Average
Hospital 4423,Wenatchee,Private,4,Below,Same,Above,Above,Same,Above,Above,20757,Average,Lower,16131,Worse,Average,16144,Worse,Lower,18413,Average,Lower
Hospital 4424,Centralia,Unknown,3,Same,Same,Above,Above,Below,Below,Same,21405,Average,Average,14553,Average,Lower,17239,Average,Average,18824,Average,Lower
Hospital 4425,Lakewood,Church,1,Below,Below,Above,Below,Same,Below,Same,24813,Average,Average,15982,Average,Average,17356,Worse,Average,19255,Average,Lower
Hospital 4426,Olympia,Private,3,Below,Above,Above,Same,Below,Below,Above,21898,Average,Lower,16076,Average,Average,16876,Worse,Average,18927,Worse,Lower
Hospital 4427,Seattle,Church,4,Same,Above,Above,Same,Same,Same,Same,26238,Average,Higher,19949,Average,Higher,19590,Average,Average,0,Unknown,Unknown
Hospital 4428,Edmonds,Private,2,Below,Above,Above,Below,Same,Below,Above,25738,Average,Average,17992,Average,Higher,18512,Worse,Higher,18592,Average,Lower
Hospital 4429,Seattle,Private,5,Same,Above,Above,Above,Same,Same,Above,24042,Average,Average,16582,Average,Average,17986,Average,Average,18957,Better,Lower
Hospital 4430,Bellingham,Unknown,4,Below,Below,Above,Same,Same,Below,Above,22610,Average,Average,15770,Average,Average,16172,Average,Lower,18514,Average,Lower
Hospital 4431,Aberdeen,Private,2,Below,Above,Above,Below,Same,Below,Below,24709,Average,Average,16065,Average,Average,18019,Worse,Average,22723,Average,Average
Hospital 4432,Moses Lake,Government,3,Same,Above,Above,Same,Below,Same,Same,21961,Average,Average,15798,Average,Average,17422,Average,Average,22202,Average,Average
Hospital 4433,Yakima,Private,4,Below,Above,Above,Below,Same,Above,Above,23153,Average,Average,15892,Average,Average,16408,Average,Lower,19734,Average,Lower
Hospital 4434,Toppenish,Proprietary,4,Same,None,Same,Same,Same,Same,None,0,Unknown,Unknown,15698,Average,Average,16687,Average,Average,0,Unknown,Unknown
Hospital 4435,Bremerton,Private,3,Below,Above,Above,Below,Same,Below,Below,24357,Worse,Average,18346,Worse,Higher,18404,Average,Higher,18859,Better,Lower
Hospital 4436,Longview,Church,2,Below,Below,Same,Below,Same,Same,Above,23104,Average,Average,14883,Average,Lower,16293,Worse,Lower,17713,Average,Lower
Hospital 4437,Spokane,Private,3,Same,Same,Above,Below,Same,Below,Above,23622,Average,Average,17096,Average,Average,16784,Average,Average,21991,Average,Average
Hospital 4438,Vancouver,Private,2,Below,Below,Above,Below,Same,Same,Same,22713,Average,Average,15716,Average,Lower,16073,Worse,Lower,17661,Average,Lower
Hospital 4439,Bellevue,Unknown,4,Same,Above,Same,Same,Same,Same,Same,23133,Average,Average,13978,Average,Lower,15746,Average,Lower,20138,Average,Lower
Hospital 4440,Seattle,Unknown,-1,None,None,None,None,None,None,None,0,Unknown,Unknown,0,Unknown,Unknown,0,Unknown,Unknown,0,Unknown,Unknown
Hospital 4441,Kennewick,Government,2,Same,Below,Below,Below,Same,Above,Same,23810,Average,Average,16111,Average,Average,16314,Average,Lower,18574,Average,Lower
Hospital 4442,Spokane,Church,4,Below,Above,Above,Same,Below,Below,Above,22082,Average,Lower,16804,Worse,Average,17658,Worse,Average,20534,Average,Lower
Hospital 4443,Richland,Private,4,Same,Above,Above,Same,Above,Same,Above,26174,Average,Higher,16213,Average,Average,16179,Average,Lower,17883,Average,Lower
Hospital 4444,Arlington,Government,3,Same,Same,Same,Same,Same,Below,Same,0,Unknown,Unknown,14761,Average,Average,16741,Average,Average,18569,Average,Lower
Hospital 4445,Seattle,Government,3,Same,Same,Below,Same,Same,Below,Same,24660,Average,Average,15255,Average,Average,17470,Average,Average,0,Unknown,Unknown
Hospital 4446,Port Angeles,Government,3,Same,Below,Above,Same,Same,Same,Above,21754,Average,Average,16920,Average,Average,15876,Average,Lower,19654,Average,Lower
Hospital 4447,Spokane,Private,3,Below,Same,Above,Same,Same,Below,Above,22776,Average,Average,15632,Worse,Average,17736,Average,Average,22182,Average,Average
Hospital 4448,Puyallup,Private,2,Same,Below,Above,Below,Same,Below,Above,21432,Average,Lower,15234,Average,Lower,16909,Average,Average,20017,Average,Lower
Hospital 4449,Monroe,Government,2,Same,Below,Same,Same,Below,Above,Same,0,Unknown,Unknown,17705,Average,Average,16356,Average,Average,22054,Average,Average
Hospital 4450,Renton,Government,4,Same,Above,Above,Same,Same,Below,Above,22687,Average,Average,15821,Average,Average,17910,Average,Average,17633,Average,Lower
Hospital 4451,Tacoma,Church,2,Same,Below,Above,Below,Same,Below,Same,23644,Average,Average,15615,Average,Average,18032,Average,Average,19249,Average,Lower
Hospital 4452,Spokane,Proprietary,5,Same,Above,Above,Same,Same,Same,Above,0,Unknown,Unknown,15503,Average,Average,18257,Average,Average,21788,Worse,Average
Hospital 4453,Kirkland,Government,5,Above,Above,Above,Above,Same,Same,Above,23405,Average,Average,16936,Average,Average,17893,Better,Average,18916,Average,Lower
Hospital 4454,Tacoma,Private,2,Same,Below,Above,Below,Same,Below,Above,22616,Average,Average,15035,Average,Lower,17022,Average,Average,20477,Average,Lower
Hospital 4455,Olympia,Private,3,Same,Below,Above,Same,Same,Below,Same,24180,Average,Average,17144,Average,Average,16716,Average,Average,17970,Average,Lower
Hospital 4456,Federal Way,Church,2,Below,Below,Above,Below,Same,Below,Same,25621,Average,Average,15525,Average,Average,17187,Average,Average,20606,Average,Lower
Hospital 4457,Wenatchee,Private,-1,None,None,None,None,Same,None,Below,0,Unknown,Unknown,0,Unknown,Unknown,0,Unknown,Unknown,18486,Average,Lower
Hospital 4458,Vancouver,Private,5,Same,Above,Above,Above,Same,Same,Same,22308,Average,Average,14775,Average,Lower,15828,Average,Lower,17225,Average,Lower
Hospital 4459,Gig Harbor,Church,4,Same,Above,Above,Same,Same,Below,Same,23588,Average,Average,14633,Average,Lower,18138,Average,Average,18209,Average,Lower
Hospital 4460,Issaquah,Private,4,Same,Above,Below,Above,Same,Above,Same,22700,Average,Average,17090,Average,Average,18437,Average,Average,20775,Average,Lower
Hospital 4461,Covington,Private,-1,None,None,None,None,None,None,None,0,Unknown,Unknown,0,Unknown,Unknown,0,Unknown,Unknown,0,Unknown,Unknown
Hospital 4462,Pomeroy,Government,-1,None,None,None,None,None,None,None,0,Unknown,Unknown,0,Unknown,Unknown,0,Unknown,Unknown,0,Unknown,Unknown
Hospital 4463,Dayton,Government,-1,None,None,None,None,Same,Same,None,0,Unknown,Unknown,0,Unknown,Unknown,16488,Average,Average,0,Unknown,Unknown
Hospital 4464,South Bend,Government,3,None,None,Same,None,Same,Same,None,0,Unknown,Unknown,0,Unknown,Unknown,14348,Average,Lower,0,Unknown,Unknown
Hospital 4465,Elma,Government,3,None,None,Same,None,Same,Same,Same,0,Unknown,Unknown,0,Unknown,Unknown,15771,Average,Average,0,Unknown,Unknown
Hospital 4466,Davenport,Government,-1,None,None,Same,None,None,None,None,0,Unknown,Unknown,18315,Average,Average,20830,Average,Higher,0,Unknown,Unknown
Hospital 4467,Odessa,Government,-1,None,None,None,None,None,None,None,0,Unknown,Unknown,0,Unknown,Unknown,0,Unknown,Unknown,0,Unknown,Unknown
Hospital 4468,Grand Coulee,Government,3,Same,None,Same,None,Below,None,None,0,Unknown,Unknown,17031,Average,Average,22198,Average,Higher,0,Unknown,Unknown
Hospital 4469,Chewelah,Church,3,Same,None,Same,None,Same,Above,None,0,Unknown,Unknown,16470,Average,Average,17387,Average,Average,0,Unknown,Unknown
Hospital 4470,Newport,Government,3,None,None,Same,None,Same,Above,None,0,Unknown,Unknown,0,Unknown,Unknown,13822,Average,Lower,0,Unknown,Unknown
Hospital 4471,Ritzville,Government,-1,None,None,None,None,None,Same,None,0,Unknown,Unknown,0,Unknown,Unknown,0,Unknown,Unknown,0,Unknown,Unknown
Hospital 4472,Prosser,Government,3,Same,None,Same,Above,Same,Same,None,0,Unknown,Unknown,16954,Average,Average,18217,Average,Average,21831,Average,Average
Hospital 4473,Leavenworth,Government,-1,None,None,None,None,None,Same,None,0,Unknown,Unknown,0,Unknown,Unknown,0,Unknown,Unknown,0,Unknown,Unknown
Hospital 4474,Ilwaco,Government,-1,Same,None,Below,None,None,None,None,0,Unknown,Unknown,0,Unknown,Unknown,16765,Average,Average,0,Unknown,Unknown
Hospital 4475,White Salmon,Government,3,None,None,Same,None,Same,Same,None,0,Unknown,Unknown,0,Unknown,Unknown,17469,Average,Average,0,Unknown,Unknown
Hospital 4476,Goldendale,Government,-1,None,None,None,None,Same,Same,None,0,Unknown,Unknown,0,Unknown,Unknown,16848,Average,Average,0,Unknown,Unknown
Hospital 4477,Ephrata,Government,-1,None,None,None,None,Same,Above,None,0,Unknown,Unknown,0,Unknown,Unknown,15277,Average,Average,0,Unknown,Unknown
Hospital 4478,Othello,Government,-1,None,None,None,None,None,None,None,0,Unknown,Unknown,0,Unknown,Unknown,0,Unknown,Unknown,0,Unknown,Unknown
Hospital 4479,Morton,Government,-1,None,None,None,None,Same,Same,Same,0,Unknown,Unknown,0,Unknown,Unknown,0,Unknown,Unknown,0,Unknown,Unknown
Hospital 4480,Quincy,Government,-1,None,None,None,None,None,None,None,0,Unknown,Unknown,0,Unknown,Unknown,0,Unknown,Unknown,0,Unknown,Unknown
Hospital 4481,Tonasket,Government,3,None,None,Above,None,Same,Same,Same,0,Unknown,Unknown,0,Unknown,Unknown,20526,Average,Higher,0,Unknown,Unknown
Hospital 4482,Republic,Government,-1,None,None,None,None,None,None,Same,0,Unknown,Unknown,0,Unknown,Unknown,0,Unknown,Unknown,0,Unknown,Unknown
Hospital 4483,Port Townsend,Government,5,Same,None,Above,Above,Same,Same,Same,0,Unknown,Unknown,14621,Average,Lower,16586,Average,Average,21447,Average,Average
Hospital 4484,Brewster,Government,-1,None,None,None,None,None,None,None,0,Unknown,Unknown,0,Unknown,Unknown,17536,Average,Average,0,Unknown,Unknown
Hospital 4485,Forks,Government,-1,None,None,Same,None,None,None,None,0,Unknown,Unknown,0,Unknown,Unknown,16077,Average,Average,0,Unknown,Unknown
Hospital 4486,Colville,Church,3,Same,None,Above,Same,Same,Same,Same,23641,Average,Average,16343,Average,Average,18073,Average,Average,0,Unknown,Unknown
Hospital 4487,Colfax,Government,3,Same,None,Above,None,Same,None,None,0,Unknown,Unknown,18660,Average,Average,17641,Average,Average,0,Unknown,Unknown
Hospital 4488,Omak,Government,2,Same,None,Above,Below,Same,Same,Same,0,Unknown,Unknown,15263,Average,Average,13604,Average,Lower,22112,Average,Average
Hospital 4489,Sedro Woolley,Government,4,Same,None,Same,Above,Same,Same,Same,0,Unknown,Unknown,16433,Average,Average,14400,Average,Lower,0,Unknown,Unknown
Hospital 4490,Sunnyside,Private,2,Same,None,Below,Below,Below,Above,Same,0,Unknown,Unknown,15488,Average,Average,17302,Average,Average,0,Unknown,Unknown
Hospital 4491,Pullman,Government,4,Same,None,Above,Above,Same,Same,Same,0,Unknown,Unknown,0,Unknown,Unknown,15279,Average,Lower,20116,Average,Lower
Hospital 4492,Clarkston,Private,3,Same,Same,Above,Above,Same,Same,Same,0,Unknown,Unknown,18172,Average,Average,17589,Average,Average,20115,Worse,Lower
Hospital 4493,Ellensburg,Government,4,Same,None,Above,Same,Same,Above,Same,0,Unknown,Unknown,17451,Average,Average,15063,Average,Lower,19966,Average,Lower
Hospital 4494,Chelan,Government,-1,None,None,None,None,Same,Same,None,0,Unknown,Unknown,0,Unknown,Unknown,0,Unknown,Unknown,0,Unknown,Unknown
Hospital 4495,Enumclaw,Church,4,Same,None,Above,Above,Same,Same,Same,0,Unknown,Unknown,15105,Average,Average,16712,Average,Average,18342,Average,Lower
Hospital 4496,Shelton,Government,3,Same,None,Same,Same,Same,None,None,22157,Average,Average,15230,Average,Average,15084,Average,Lower,20643,Average,Average
Hospital 4497,Pasco,Church,3,Same,None,Above,Same,Same,Same,Below,0,Unknown,Unknown,16158,Average,Average,15570,Average,Lower,20196,Average,Lower
Hospital 4498,Snoqualmie,Government,-1,None,None,None,None,None,None,None,0,Unknown,Unknown,0,Unknown,Unknown,0,Unknown,Unknown,0,Unknown,Unknown
Hospital 4499,Coupeville,Government,2,Same,None,Same,Same,Same,Same,Same,0,Unknown,Unknown,14128,Worse,Lower,14182,Average,Lower,18466,Average,Lower
Hospital 4500,Friday Harbor,Private,3,None,None,Same,None,Same,Same,None,0,Unknown,Unknown,0,Unknown,Unknown,0,Unknown,Unknown,0,Unknown,Unknown
Hospital 4501,Seattle,Private,-1,None,None,None,None,None,None,None,0,Unknown,Unknown,0,Unknown,Unknown,0,Unknown,Unknown,0,Unknown,Unknown
Hospital 4502,Tacoma,Unknown,-1,None,None,None,None,None,None,None,0,Unknown,Unknown,0,Unknown,Unknown,0,Unknown,Unknown,0,Unknown,Unknown
Hospital 4503,Spokane,Private,-1,None,None,None,None,None,None,None,0,Unknown,Unknown,0,Unknown,Unknown,0,Unknown,Unknown,0,Unknown,Unknown
Hospital 4504,Morgantown,Private,2,Below,Above,Below,Same,Same,Below,Below,23554,Average,Average,16918,Average,Average,17933,Average,Average,19844,Average,Lower
Hospital 4505,Ronceverte,Proprietary,4,Same,Above,Above,Same,Above,Above,Same,22713,Average,Average,16191,Average,Average,16922,Average,Average,22934,Average,Average
Hospital 4506,Bridgeport,Private,4,Above,Above,Above,Same,Same,Same,Below,21895,Average,Lower,16093,Average,Average,16359,Average,Lower,20393,Average,Lower
Hospital 4507,Huntington,Church,4,Above,Above,Below,Above,Same,Same,Above,21940,Average,Lower,16313,Better,Average,15552,Average,Lower,17725,Better,Lower
Hospital 4508,Martinsburg,Private,3,Same,Same,Below,Same,Below,Same,Same,22782,Average,Average,15477,Average,Lower,16134,Average,Lower,21393,Average,Average
Hospital 4509,Point Pleasant,Private,3,Same,None,Same,Same,Same,Above,Same,22977,Average,Average,14288,Average,Lower,14642,Average,Lower,0,Unknown,Unknown
Hospital 4510,Glen Dale,Private,2,Same,None,Below,Below,Same,Above,Same,23428,Average,Average,15470,Average,Average,16802,Average,Average,0,Unknown,Unknown
Hospital 4511,Charleston,Private,2,Same,Below,Above,Below,Below,Below,Same,23228,Average,Average,15876,Average,Lower,18076,Average,Average,17734,Average,Lower
Hospital 4512,Weirton,Government,3,Same,Above,Above,Below,Below,Above,Same,29320,Average,Higher,19590,Average,Higher,19697,Average,Higher,21988,Average,Average
Hospital 4513,Morgantown,Private,3,Same,Above,Below,Above,Below,Same,Below,24342,Average,Average,17370,Average,Average,18609,Average,Average,23920,Average,Higher
Hospital 4514,South Charleston,Private,3,Above,Below,Above,Below,Below,Below,Same,22688,Average,Average,16286,Average,Average,17168,Better,Average,16683,Average,Lower
Hospital 4515,Elkins,Private,2,Same,Below,Same,Same,Same,Above,Same,24077,Average,Average,15525,Average,Average,16547,Average,Average,23880,Average,Higher
Hospital 4516,Charleston,Proprietary,3,Same,Below,Above,Above,Same,None,Same,23834,Average,Average,16807,Average,Average,18226,Average,Average,18955,Average,Lower
Hospital 4517,Weston,Private,3,Same,Same,Below,Same,Same,Above,Same,24523,Average,Average,14371,Average,Lower,15487,Average,Lower,20549,Average,Lower
Hospital 4518,Wheeling,Private,1,Same,Below,Below,Below,Same,Above,Same,24919,Average,Average,16255,Average,Average,19250,Average,Higher,22883,Average,Average
Hospital 4519,Princeton,Government,2,Same,Below,Below,Same,Same,Below,Below,22279,Average,Average,15550,Average,Average,17861,Average,Average,22198,Average,Average
Hospital 4520,Fairmont,Private,2,Same,None,Same,Below,Same,Above,Below,23236,Average,Average,17410,Average,Average,17493,Average,Average,0,Unknown,Unknown
Hospital 4521,Logan,Proprietary,4,Above,Below,Above,Same,Same,Below,Above,22007,Average,Average,13513,Average,Lower,14258,Average,Lower,0,Unknown,Unknown
Hospital 4522,Wheeling,Church,1,Below,Same,Below,Below,Same,Below,Same,23313,Average,Average,16632,Worse,Average,18051,Worse,Average,26407,Average,Higher
Hospital 4523,Huntington,Private,3,Same,Below,Same,Above,Same,Below,Above,23030,Average,Average,14677,Average,Lower,17146,Average,Average,17460,Average,Lower
Hospital 4524,Parkersburg,Private,2,Below,Below,Below,Below,Same,Same,Below,23603,Average,Average,16537,Average,Average,18088,Worse,Average,21806,Average,Average
Hospital 4525,Beckley,Private,2,Same,Below,Same,Below,Same,Below,Same,24634,Average,Average,16802,Average,Average,17352,Average,Average,25988,Average,Higher
Hospital 4526,Beckley,Proprietary,2,Above,Below,Below,Below,Same,Below,Same,25303,Average,Average,16909,Average,Average,18022,Average,Average,25921,Average,Higher
Hospital 4527,Bluefield,Proprietary,3,Same,Above,Below,Same,Same,Same,Same,23449,Average,Average,14671,Average,Lower,16074,Average,Average,19347,Average,Lower
Hospital 4528,New Martinsville,Government,3,Same,None,Same,None,Same,Same,None,0,Unknown,Unknown,15352,Average,Average,17480,Average,Average,0,Unknown,Unknown
Hospital 4529,Williamson,Private,4,Same,None,Same,Above,Same,Same,None,0,Unknown,Unknown,14478,Average,Lower,15097,Average,Lower,0,Unknown,Unknown
Hospital 4530,Summersville,Government,2,Same,None,Below,Below,Same,Same,Below,0,Unknown,Unknown,15158,Average,Average,14143,Worse,Lower,0,Unknown,Unknown
Hospital 4531,Welch,Government,4,None,None,Same,Above,Same,Below,None,0,Unknown,Unknown,0,Unknown,Unknown,14735,Average,Lower,0,Unknown,Unknown
Hospital 4532,Charleston,Unknown,-1,None,None,Same,None,Same,None,None,0,Unknown,Unknown,0,Unknown,Unknown,0,Unknown,Unknown,18688,Average,Lower
Hospital 4533,Philippi,Private,-1,None,None,None,None,None,None,Same,0,Unknown,Unknown,0,Unknown,Unknown,0,Unknown,Unknown,0,Unknown,Unknown
Hospital 4534,Webster Springs,Government,-1,None,None,None,None,None,None,None,0,Unknown,Unknown,0,Unknown,Unknown,0,Unknown,Unknown,0,Unknown,Unknown
Hospital 4535,Grantsville,Private,3,None,None,Same,None,Same,Above,None,0,Unknown,Unknown,0,Unknown,Unknown,18023,Average,Average,0,Unknown,Unknown
Hospital 4536,Sistersville,Government,-1,None,None,None,None,None,Same,None,0,Unknown,Unknown,0,Unknown,Unknown,16409,Average,Average,0,Unknown,Unknown
Hospital 4537,Spencer,Private,3,None,None,Same,None,Same,Same,Below,0,Unknown,Unknown,0,Unknown,Unknown,18170,Average,Average,0,Unknown,Unknown
Hospital 4538,Grafton,Private,-1,Same,None,Below,None,None,None,None,0,Unknown,Unknown,0,Unknown,Unknown,15352,Average,Average,0,Unknown,Unknown
Hospital 4539,Gassaway,Private,-1,None,None,Same,None,None,None,None,0,Unknown,Unknown,0,Unknown,Unknown,15125,Average,Lower,0,Unknown,Unknown
Hospital 4540,Berkeley Springs,Private,3,None,None,Same,None,Same,Same,Same,0,Unknown,Unknown,0,Unknown,Unknown,18689,Average,Average,0,Unknown,Unknown
Hospital 4541,Hinton,Private,-1,None,None,Above,None,None,None,None,0,Unknown,Unknown,16277,Average,Average,17142,Average,Average,0,Unknown,Unknown
Hospital 4542,Romney,Private,-1,Same,None,Same,None,None,None,None,0,Unknown,Unknown,15611,Average,Average,16101,Average,Average,0,Unknown,Unknown
Hospital 4543,Kingwood,Private,4,Same,None,Same,Above,Same,Above,Same,0,Unknown,Unknown,16911,Average,Average,16213,Average,Average,0,Unknown,Unknown
Hospital 4544,Madison,Government,5,Same,None,Above,Above,Same,Same,Same,0,Unknown,Unknown,0,Unknown,Unknown,13673,Average,Lower,0,Unknown,Unknown
Hospital 4545,Buckeye,Unknown,-1,None,None,None,None,None,None,None,0,Unknown,Unknown,0,Unknown,Unknown,14639,Average,Average,0,Unknown,Unknown
Hospital 4546,Keyser,Private,3,Same,None,Same,Same,Below,Same,Same,0,Unknown,Unknown,15000,Average,Average,15335,Average,Lower,0,Unknown,Unknown
Hospital 4547,Petersburg,Government,3,Same,None,Same,Same,Same,Above,Same,0,Unknown,Unknown,12571,Average,Lower,14962,Average,Lower,23368,Average,Average
Hospital 4548,Oak Hill,Proprietary,4,Same,None,Below,Above,Above,Same,Same,0,Unknown,Unknown,17080,Average,Average,15928,Average,Lower,22891,Average,Average
Hospital 4549,Montgomery,Private,-1,None,None,Same,None,None,None,None,0,Unknown,Unknown,0,Unknown,Unknown,13921,Average,Lower,0,Unknown,Unknown
Hospital 4550,Ranson,Private,3,Same,None,Below,Above,Same,Same,Same,0,Unknown,Unknown,15927,Average,Average,15168,Average,Lower,0,Unknown,Unknown
Hospital 4551,Ripley,Unknown,3,Same,None,Same,Same,Same,Above,Same,0,Unknown,Unknown,14445,Average,Lower,15592,Average,Lower,0,Unknown,Unknown
Hospital 4552,Buckhannon,Private,3,None,None,Same,Same,Same,Above,Below,0,Unknown,Unknown,0,Unknown,Unknown,15685,Average,Average,0,Unknown,Unknown
Hospital 4553,Stevens Point,Church,5,Same,Above,Above,Above,Above,Above,Same,22286,Average,Average,15329,Average,Average,17434,Average,Average,18494,Average,Lower
Hospital 4554,La Crosse,Private,5,Same,Above,Above,Above,Same,Above,Same,23738,Average,Average,15346,Average,Lower,16246,Average,Lower,21527,Average,Average
Hospital 4555,Waukesha,Private,5,Same,Above,Above,Same,Same,Above,Same,24280,Average,Average,17782,Average,Higher,16909,Average,Average,22378,Average,Average
Hospital 4556,Appleton,Private,4,Same,Below,Above,Above,Same,Above,Same,22163,Average,Average,16343,Average,Average,18431,Average,Average,21618,Average,Average
Hospital 4557,Rice Lake,Private,4,Same,Same,Above,Above,Same,Above,Same,25908,Average,Average,14025,Average,Lower,17594,Average,Average,17693,Average,Lower
Hospital 4558,Eau Claire,Church,4,Same,Above,Above,Above,Same,Same,Same,22535,Average,Average,16143,Average,Average,16242,Average,Lower,22221,Average,Average
Hospital 4559,Chippewa Falls,Church,4,Same,Above,Same,Above,Same,Above,None,0,Unknown,Unknown,15925,Average,Average,14436,Average,Lower,20806,Average,Average
Hospital 4560,Rhinelander,Private,3,Same,Below,Above,Below,Same,Same,Same,24483,Average,Average,16120,Average,Average,17065,Average,Average,18603,Average,Lower
Hospital 4561,Kenosha,Government,3,Below,Below,Above,Above,Same,Same,Same,24291,Average,Average,14939,Worse,Lower,15362,Average,Lower,20736,Average,Lower
Hospital 4562,Mequon,Church,4,Same,Below,Above,Same,Same,Above,Same,25259,Average,Average,16147,Average,Average,16964,Average,Average,21992,Average,Average
Hospital 4563,Monroe,Private,5,Same,Above,Above,Above,Below,Above,Same,21603,Average,Average,15803,Average,Average,16871,Average,Average,17934,Average,Lower
Hospital 4564,Wausau,Proprietary,4,Same,Above,Above,Above,Same,Above,Same,23911,Average,Average,16107,Average,Average,16371,Average,Lower,19010,Average,Lower
Hospital 4565,Wisconsin Rapids,Private,3,Below,Above,Above,Same,Same,Same,Same,0,Unknown,Unknown,15872,Worse,Average,15322,Worse,Lower,17075,Average,Lower
Hospital 4566,Two Rivers,Private,5,Same,Above,Above,Above,Same,Above,Same,22578,Average,Average,16953,Average,Average,14732,Average,Lower,20982,Average,Average
Hospital 4567,Sheboygan,Private,5,Same,Above,Above,Above,Same,Above,Same,23765,Average,Average,15503,Average,Average,15808,Average,Lower,19081,Average,Lower
Hospital 4568,Marshfield,Church,3,Same,Same,Same,Same,Same,Same,Same,25241,Average,Average,15661,Average,Average,16130,Average,Lower,20914,Average,Lower
Hospital 4569,Hartford,Private,5,Same,Above,Above,Above,Same,Above,Same,0,Unknown,Unknown,15890,Average,Average,15980,Average,Average,20574,Average,Average
Hospital 4570,Portage,Private,2,Same,Below,Same,Below,Same,Above,Same,0,Unknown,Unknown,17257,Average,Average,16629,Average,Average,20519,Average,Average
Hospital 4571,Sheboygan,Private,4,Same,Below,Above,Same,Same,Above,Same,0,Unknown,Unknown,17252,Average,Average,18056,Average,Average,21388,Average,Average
Hospital 4572,Neenah,Private,3,Below,Above,Above,Above,Same,Above,Same,22305,Average,Average,15275,Average,Average,17106,Average,Average,19882,Average,Lower
Hospital 4573,Green Bay,Private,5,Same,Above,Above,Above,Same,Above,Same,24379,Better,Average,15308,Average,Average,15724,Average,Lower,19994,Better,Lower
Hospital 4574,Milwaukee,Church,3,Same,Below,Above,Below,Same,Same,Same,23698,Average,Average,17139,Average,Average,17454,Average,Average,0,Unknown,Unknown
Hospital 4575,Baraboo,Private,4,Same,Same,Same,Above,Above,Above,Same,0,Unknown,Unknown,15707,Average,Average,14588,Average,Lower,21018,Average,Average
Hospital 4576,Burlington,Private,4,Same,Above,Same,Same,Same,Above,Same,23777,Average,Average,15442,Average,Average,15755,Average,Lower,19379,Average,Lower
Hospital 4577,Oconomowoc,Unknown,4,Same,Above,Above,Above,Same,Above,Same,23803,Average,Average,17110,Worse,Average,17994,Average,Average,19120,Average,Lower
Hospital 4578,West Bend,Private,5,Same,Above,Above,Above,Same,Above,Same,0,Unknown,Unknown,17362,Average,Average,16483,Better,Average,20274,Average,Lower
Hospital 4579,Janesville,Private,2,Same,Below,Below,Same,Same,Above,Same,23997,Worse,Average,15207,Average,Lower,15646,Average,Lower,20694,Average,Lower
Hospital 4580,Eau Claire,Private,5,Same,Above,Above,Above,Same,Same,Same,24065,Average,Average,16948,Average,Average,18648,Average,Higher,20210,Average,Lower
Hospital 4581,Fort Atkinson,Private,5,Same,Above,Above,Above,Above,Above,Same,0,Unknown,Unknown,15083,Average,Average,16608,Average,Average,18333,Average,Lower
Hospital 4582,Green Bay,Church,4,Same,Above,Above,Above,Same,Above,Same,25797,Average,Average,16705,Average,Average,17385,Average,Average,18802,Average,Lower
Hospital 4583,Beaver Dam,Private,3,Same,Same,Above,Same,Same,Above,Same,0,Unknown,Unknown,16081,Average,Average,17310,Average,Average,20923,Average,Average
Hospital 4584,Milwaukee,Private,2,Same,Below,Same,Below,Same,Same,Same,24756,Average,Average,16496,Average,Average,17272,Better,Average,0,Unknown,Unknown
Hospital 4585,Madison,Private,5,Above,Above,Above,Above,Same,Above,Above,22347,Average,Average,14965,Average,Lower,16756,Average,Average,20273,Average,Lower
Hospital 4586,La Crosse,Private,4,Below,Above,Above,Above,Same,Same,Above,23763,Average,Average,16623,Average,Average,16985,Average,Average,22190,Average,Average
Hospital 4587,Fond Du Lac,Private,4,Same,Same,Above,Above,Same,Above,Same,23885,Average,Average,17283,Worse,Average,17155,Average,Average,19255,Average,Lower
Hospital 4588,Madison,Private,5,Above,Below,Above,Above,Same,Above,Same,22423,Better,Lower,16545,Average,Average,17603,Better,Average,20472,Average,Lower
Hospital 4589,Woodruff,Church,4,Same,Same,Above,Above,Same,Above,Same,22874,Average,Average,15219,Average,Average,16392,Average,Average,20573,Average,Lower
Hospital 4590,Prairie Du Sac,Church,5,None,Above,Above,Above,Same,Above,Same,0,Unknown,Unknown,15765,Average,Average,15798,Average,Average,18401,Average,Lower
Hospital 4591,Racine,Church,1,Same,Below,Below,Below,Same,Same,Same,24166,Average,Average,16796,Average,Average,17080,Average,Average,22873,Worse,Average
Hospital 4592,Green Bay,Unknown,4,Same,Below,Above,Above,Same,Above,Same,24186,Average,Average,16164,Average,Average,17538,Average,Average,20217,Average,Lower
Hospital 4593,Madison,Government,4,Same,Above,Below,Above,Same,Same,Above,24238,Average,Average,15470,Average,Lower,16711,Average,Average,18771,Average,Lower
Hospital 4594,Beloit,Private,2,Below,Below,Same,Same,Same,Same,Below,24977,Average,Average,15703,Average,Average,15353,Worse,Lower,23025,Average,Average
Hospital 4595,Elkhorn,Private,5,Same,Above,Above,Above,Same,Above,Same,23027,Average,Average,15416,Average,Average,16235,Average,Average,20400,Average,Lower
Hospital 4596,Menomonee Falls,Private,5,Same,Above,Above,Above,Same,Above,Above,24894,Average,Average,17673,Average,Average,18619,Average,Higher,20040,Average,Lower
Hospital 4597,Manitowoc,Unknown,4,Same,Above,Above,Same,Same,Above,Same,22667,Average,Average,16018,Average,Average,17344,Average,Average,21435,Average,Average
Hospital 4598,Mauston,Proprietary,3,Same,Above,Above,Below,Same,Above,Same,0,Unknown,Unknown,14690,Average,Lower,13901,Average,Lower,22129,Average,Average
Hospital 4599,Marinette,Private,3,Same,Below,Same,Same,Same,Above,Same,22127,Average,Average,16669,Average,Average,17677,Average,Average,25494,Average,Higher
Hospital 4600,Watertown,Private,4,Same,Above,Above,Same,Same,Above,Same,0,Unknown,Unknown,16940,Average,Average,17777,Average,Average,21089,Average,Average
Hospital 4601,Milwaukee,Church,3,Same,Below,Above,Below,Below,Same,Same,24096,Average,Average,16758,Average,Average,17972,Average,Average,20649,Average,Lower
Hospital 4602,Milwaukee,Private,4,Above,Below,Above,Above,Same,Above,Same,22816,Average,Average,16743,Better,Average,16613,Better,Lower,20735,Average,Lower
Hospital 4603,West Allis,Private,4,Same,Below,Above,Same,Same,Above,Same,25255,Average,Average,17334,Average,Average,16909,Average,Average,21399,Average,Average
Hospital 4604,Appleton,Private,2,Below,Below,Below,Above,Same,Above,Same,22337,Average,Average,15808,Average,Average,16772,Worse,Average,20045,Average,Lower
Hospital 4605,Milwaukee,Private,4,Same,Above,Above,Above,Same,Same,Same,24042,Average,Average,15955,Average,Average,17240,Better,Average,22045,Average,Average
Hospital 4606,Kenosha,Private,4,Same,Below,Above,Above,Same,Above,Same,25768,Average,Average,17093,Average,Average,17087,Average,Average,20174,Average,Lower
Hospital 4607,Green Bay,Proprietary,4,Same,Above,Above,Above,Same,Above,Same,23367,Average,Average,15837,Average,Average,17252,Worse,Average,19895,Average,Lower
Hospital 4608,Glendale,Unknown,-1,None,None,None,Above,None,None,None,0,Unknown,Unknown,0,Unknown,Unknown,0,Unknown,Unknown,18085,Average,Lower
Hospital 4609,Altoona,Unknown,5,None,None,Above,Above,Same,None,None,0,Unknown,Unknown,0,Unknown,Unknown,0,Unknown,Unknown,20817,Average,Lower
Hospital 4610,Oshkosh,Private,4,Same,Below,Above,Above,Above,Above,Same,24038,Average,Average,16085,Average,Average,17087,Average,Average,20326,Average,Lower
Hospital 4611,Weston,Private,3,Same,Below,Above,Same,Same,Above,None,25321,Average,Average,16485,Better,Average,18208,Average,Average,19120,Average,Lower
Hospital 4612,Franklin,Unknown,-1,None,None,None,Above,None,None,None,0,Unknown,Unknown,0,Unknown,Unknown,0,Unknown,Unknown,20766,Average,Lower
Hospital 4613,Summit,Private,4,Same,Same,Above,Above,Same,Above,Same,23588,Average,Average,16902,Average,Average,18768,Average,Average,18356,Average,Lower
Hospital 4614,Grafton,Private,5,Same,Above,Above,Above,Same,Above,Same,25216,Average,Average,16467,Average,Average,15831,Average,Lower,18883,Average,Lower
Hospital 4615,Janesville,Unknown,5,Same,Above,Above,Above,Same,Above,None,0,Unknown,Unknown,17301,Average,Average,18460,Average,Average,21286,Average,Average
Hospital 4616,Eagle River,Private,4,None,None,Same,None,Same,Above,None,0,Unknown,Unknown,0,Unknown,Unknown,16966,Average,Average,0,Unknown,Unknown
Hospital 4617,Osseo,Unknown,-1,None,None,None,None,Same,Same,Same,0,Unknown,Unknown,0,Unknown,Unknown,20194,Average,Average,0,Unknown,Unknown
Hospital 4618,Wild Rose,Private,3,None,None,Same,None,Same,Above,None,0,Unknown,Unknown,0,Unknown,Unknown,0,Unknown,Unknown,0,Unknown,Unknown
Hospital 4619,Hillsboro,Private,3,Same,None,Same,None,Same,Above,None,0,Unknown,Unknown,16133,Average,Average,14720,Average,Lower,0,Unknown,Unknown
Hospital 4620,Sparta,Church,3,None,None,Same,None,Same,Above,None,0,Unknown,Unknown,0,Unknown,Unknown,16252,Average,Average,0,Unknown,Unknown
Hospital 4621,Durand,Church,-1,None,None,None,None,None,None,None,0,Unknown,Unknown,0,Unknown,Unknown,0,Unknown,Unknown,0,Unknown,Unknown
Hospital 4622,Amery,Private,4,Same,None,Above,Above,Same,Above,None,0,Unknown,Unknown,17125,Average,Average,17289,Average,Average,18971,Average,Lower
Hospital 4623,Friendship,Private,4,None,None,Same,None,Same,Above,Same,0,Unknown,Unknown,0,Unknown,Unknown,17921,Average,Average,0,Unknown,Unknown
Hospital 4624,Oconto Falls,Private,3,None,None,Same,None,Same,Above,Same,0,Unknown,Unknown,15463,Average,Average,18036,Average,Average,24801,Average,Average
Hospital 4625,Stanley,Unknown,4,None,None,Same,None,Same,Above,None,0,Unknown,Unknown,15479,Average,Average,17954,Average,Average,0,Unknown,Unknown
Hospital 4626,Darlington,Government,3,None,None,Same,None,Same,Above,None,0,Unknown,Unknown,0,Unknown,Unknown,18788,Average,Average,23426,Average,Average
Hospital 4627,Tomahawk,Church,4,Same,None,Same,None,Same,Above,Same,0,Unknown,Unknown,17041,Average,Average,15728,Average,Average,0,Unknown,Unknown
Hospital 4628,Bloomer,Private,4,None,None,Same,None,Same,Above,Same,0,Unknown,Unknown,19421,Average,Average,21768,Average,Higher,0,Unknown,Unknown
Hospital 4629,Barron,Private,4,Same,None,Above,Same,Same,Above,Same,0,Unknown,Unknown,16996,Average,Average,18092,Average,Average,0,Unknown,Unknown
Hospital 4630,Whitehall,Private,-1,None,None,None,None,Same,Above,None,0,Unknown,Unknown,0,Unknown,Unknown,18740,Average,Average,0,Unknown,Unknown
Hospital 4631,Chilton,Private,-1,None,None,None,Above,Same,Above,None,0,Unknown,Unknown,0,Unknown,Unknown,0,Unknown,Unknown,0,Unknown,Unknown
Hospital 4632,Osceola,Private,-1,None,None,None,Same,Same,Same,Same,0,Unknown,Unknown,0,Unknown,Unknown,0,Unknown,Unknown,19976,Average,Lower
Hospital 4633,Edgerton,Private,-1,None,None,None,None,None,None,None,0,Unknown,Unknown,0,Unknown,Unknown,19014,Average,Average,0,Unknown,Unknown
Hospital 4634,Tomah,Private,4,Same,None,Above,Above,Same,Same,Same,0,Unknown,Unknown,15191,Average,Average,15628,Average,Lower,0,Unknown,Unknown
Hospital 4635,Ripon,Private,-1,None,None,None,Above,None,None,None,0,Unknown,Unknown,0,Unknown,Unknown,14920,Average,Average,0,Unknown,Unknown
Hospital 4636,Lancaster,Private,5,None,None,Above,Above,Same,Same,None,0,Unknown,Unknown,15479,Average,Average,17612,Average,Average,0,Unknown,Unknown
Hospital 4637,Neillsville,Church,-1,None,None,None,None,Same,Same,None,0,Unknown,Unknown,0,Unknown,Unknown,0,Unknown,Unknown,26648,Average,Higher
Hospital 4638,Medford,Private,4,None,None,Same,Above,Same,Above,None,0,Unknown,Unknown,0,Unknown,Unknown,16412,Average,Average,0,Unknown,Unknown
Hospital 4639,Park Falls,Private,4,Same,None,Below,Above,None,None,None,0,Unknown,Unknown,14483,Average,Average,16536,Average,Average,0,Unknown,Unknown
Hospital 4640,New London,Private,4,None,None,Above,Same,Same,None,None,0,Unknown,Unknown,0,Unknown,Unknown,16757,Average,Average,0,Unknown,Unknown
Hospital 4641,Waupun,Church,4,Same,None,Same,Above,None,None,None,0,Unknown,Unknown,16241,Average,Average,16200,Average,Average,0,Unknown,Unknown
Hospital 4642,Ladysmith,Government,4,Same,None,Below,Above,Same,Same,None,0,Unknown,Unknown,19068,Average,Average,20500,Average,Higher,0,Unknown,Unknown
Hospital 4643,Superior,Private,4,None,None,Same,Above,Same,Above,None,0,Unknown,Unknown,0,Unknown,Unknown,14286,Average,Lower,0,Unknown,Unknown
Hospital 4644,Prairie Du Chien,Private,4,Same,None,Same,Above,Same,Above,None,0,Unknown,Unknown,17155,Average,Average,17895,Average,Average,0,Unknown,Unknown
Hospital 4645,Grantsburg,Private,-1,None,None,Same,None,None,None,None,0,Unknown,Unknown,0,Unknown,Unknown,16342,Average,Average,0,Unknown,Unknown
Hospital 4646,Spooner,Private,3,None,None,Same,None,Same,Above,None,0,Unknown,Unknown,16405,Average,Average,18577,Average,Average,0,Unknown,Unknown
Hospital 4647,Black River Falls,Private,3,Same,None,Same,Above,Same,Above,Same,0,Unknown,Unknown,15336,Average,Average,14377,Average,Lower,17576,Average,Lower
Hospital 4648,Waupaca,Private,3,Same,None,Above,Same,Same,Above,Same,0,Unknown,Unknown,14578,Average,Average,16632,Worse,Average,0,Unknown,Unknown
Hospital 4649,Hudson,Private,4,Same,None,Above,Above,Same,Above,Same,0,Unknown,Unknown,16119,Average,Average,16682,Average,Average,20052,Average,Lower
Hospital 4650,Hayward,Private,4,Same,None,Above,Above,Same,Above,Same,0,Unknown,Unknown,16157,Average,Average,14814,Average,Lower,0,Unknown,Unknown
Hospital 4651,Saint Croix Falls,Private,4,Same,None,Above,Same,Same,Above,Same,0,Unknown,Unknown,15548,Average,Average,14103,Average,Lower,20210,Average,Lower
Hospital 4652,Columbus,Private,4,Same,None,Below,Above,None,None,None,0,Unknown,Unknown,14013,Average,Lower,14184,Average,Lower,20082,Average,Lower
Hospital 4653,Merrill,Church,4,None,None,Above,Same,Same,Above,Same,0,Unknown,Unknown,15827,Average,Average,17872,Average,Average,0,Unknown,Unknown
Hospital 4654,Menomonie,Private,4,Same,None,Above,Above,Same,Same,Same,0,Unknown,Unknown,14995,Average,Average,14699,Average,Lower,18850,Average,Lower
Hospital 4655,Richland Center,Private,4,Same,None,Above,Above,Same,Same,Same,0,Unknown,Unknown,16940,Average,Average,16831,Average,Average,19488,Average,Lower
Hospital 4656,Shell Lake,Proprietary,-1,None,None,Below,None,None,None,None,0,Unknown,Unknown,13604,Average,Lower,12501,Average,Lower,0,Unknown,Unknown
Hospital 4657,Stoughton,Private,5,None,None,Above,Above,Same,Same,None,0,Unknown,Unknown,15702,Average,Average,18031,Average,Average,24991,Average,Higher
Hospital 4658,Boscobel,Private,3,None,None,Same,None,Same,Same,Same,0,Unknown,Unknown,0,Unknown,Unknown,17862,Average,Average,0,Unknown,Unknown
Hospital 4659,New Richmond,Private,4,Same,None,Above,Above,Same,Above,None,0,Unknown,Unknown,16294,Average,Average,16910,Average,Average,19212,Average,Lower
Hospital 4660,Shawano,Private,4,Same,None,Above,Same,Same,Above,Same,0,Unknown,Unknown,15930,Average,Average,16360,Average,Average,0,Unknown,Unknown
Hospital 4661,Baldwin,Private,4,None,None,Above,Above,Same,None,None,0,Unknown,Unknown,16413,Average,Average,16852,Average,Average,0,Unknown,Unknown
Hospital 4662,Viroqua,Private,4,None,None,Same,Above,Same,Above,Same,0,Unknown,Unknown,15888,Average,Average,14099,Average,Lower,18245,Average,Lower
Hospital 4663,River Falls,Private,4,Same,None,Above,Above,Same,Above,None,0,Unknown,Unknown,16710,Average,Average,15924,Average,Average,19315,Average,Lower
Hospital 4664,Antigo,Church,4,Same,None,Same,Above,Same,Above,Same,0,Unknown,Unknown,15865,Average,Average,16790,Average,Average,0,Unknown,Unknown
Hospital 4665,Reedsburg,Private,3,Same,None,Below,Above,Same,Above,Same,0,Unknown,Unknown,14947,Average,Average,14606,Average,Lower,18807,Average,Lower
Hospital 4666,Dodgeville,Private,4,Same,Same,Same,Above,Same,Above,Same,0,Unknown,Unknown,16922,Average,Average,14758,Average,Lower,24681,Average,Average
Hospital 4667,Cumberland,Unknown,4,None,None,Same,Above,Same,None,None,0,Unknown,Unknown,0,Unknown,Unknown,15641,Average,Average,0,Unknown,Unknown
Hospital 4668,Platteville,Private,4,None,None,Same,Above,Same,Above,Same,0,Unknown,Unknown,0,Unknown,Unknown,15501,Average,Average,19764,Average,Lower
Hospital 4669,Berlin,Private,4,Same,Same,Above,Above,Same,Above,Same,0,Unknown,Unknown,15158,Average,Average,14971,Average,Lower,20566,Average,Average
Hospital 4670,Oconto,Private,-1,None,None,None,None,Same,Above,Same,0,Unknown,Unknown,0,Unknown,Unknown,0,Unknown,Unknown,0,Unknown,Unknown
Hospital 4671,Lake Geneva,Private,4,Same,None,Same,Above,Same,Above,Same,0,Unknown,Unknown,17478,Average,Average,14328,Average,Lower,21705,Average,Average
Hospital 4672,Sturgeon Bay,Church,5,Same,Same,Above,Above,Same,Above,Same,0,Unknown,Unknown,14952,Average,Lower,15337,Average,Lower,18197,Average,Lower
Hospital 4673,Ashland,Private,4,Same,None,Same,Above,Same,Above,Same,21684,Average,Average,15551,Average,Average,14008,Worse,Lower,21868,Average,Average
Hospital 4674,Milwaukee,Unknown,-1,None,None,None,None,None,None,None,0,Unknown,Unknown,0,Unknown,Unknown,0,Unknown,Unknown,0,Unknown,Unknown
Hospital 4675,Neenah,Unknown,-1,None,None,None,None,None,None,None,0,Unknown,Unknown,0,Unknown,Unknown,0,Unknown,Unknown,0,Unknown,Unknown
Hospital 4676,Gillette,Government,4,Same,Above,Above,Same,Same,Above,Below,22485,Average,Average,16329,Average,Average,15435,Average,Lower,20239,Average,Lower
Hospital 4677,Sheridan,Government,4,Same,Above,Above,Same,Same,Above,Same,24393,Average,Average,15514,Average,Average,16712,Average,Average,18676,Average,Lower
Hospital 4678,Riverton,Proprietary,2,Same,Same,Above,Below,Same,Above,Below,0,Unknown,Unknown,15166,Average,Average,14989,Average,Lower,20172,Average,Lower
Hospital 4679,Rock Springs,Government,4,Same,None,Above,Below,Same,Same,Below,0,Unknown,Unknown,15289,Average,Average,17242,Average,Average,0,Unknown,Unknown
Hospital 4680,Casper,Government,3,Below,Above,Above,Below,Same,Same,Above,21915,Average,Lower,17305,Worse,Average,16255,Average,Lower,22462,Average,Average
Hospital 4681,Cheyenne,Unknown,3,Same,Below,Same,Below,Same,Same,Same,24962,Average,Average,15548,Average,Average,17293,Average,Average,20529,Average,Lower
Hospital 4682,Jackson,Government,5,Same,Above,Same,Above,Same,Above,Same,0,Unknown,Unknown,13727,Average,Lower,12114,Average,Lower,18154,Average,Lower
Hospital 4683,Laramie,Government,3,Same,Same,Above,Above,Below,Above,Below,0,Unknown,Unknown,15791,Average,Average,15628,Average,Lower,19064,Average,Lower
Hospital 4684,Evanston,Proprietary,3,None,None,Below,Same,Same,Above,None,0,Unknown,Unknown,0,Unknown,Unknown,13844,Average,Lower,19688,Average,Lower
Hospital 4685,Casper,Proprietary,-1,None,None,None,Above,Same,Same,None,0,Unknown,Unknown,0,Unknown,Unknown,0,Unknown,Unknown,23351,Average,Higher
Hospital 4686,Casper,Unknown,-1,None,None,None,None,None,None,None,0,Unknown,Unknown,0,Unknown,Unknown,0,Unknown,Unknown,0,Unknown,Unknown
Hospital 4687,Rock Springs,Proprietary,-1,None,None,None,None,None,None,None,0,Unknown,Unknown,0,Unknown,Unknown,0,Unknown,Unknown,0,Unknown,Unknown
Hospital 4688,Basin,Government,-1,None,None,None,None,None,None,Same,0,Unknown,Unknown,0,Unknown,Unknown,0,Unknown,Unknown,0,Unknown,Unknown
Hospital 4689,Douglas,Government,4,Same,None,Above,Above,Same,Above,Same,0,Unknown,Unknown,15514,Average,Average,15140,Average,Lower,23892,Average,Average
Hospital 4690,Newcastle,Government,-1,None,None,None,None,None,None,None,0,Unknown,Unknown,0,Unknown,Unknown,0,Unknown,Unknown,0,Unknown,Unknown
Hospital 4691,Thermopolis,Government,3,Same,None,Same,None,Same,Above,Same,0,Unknown,Unknown,16238,Average,Average,14925,Average,Lower,0,Unknown,Unknown
Hospital 4692,Wheatland,Government,2,Same,None,Below,None,Same,None,None,0,Unknown,Unknown,16692,Average,Average,13838,Average,Lower,0,Unknown,Unknown
Hospital 4693,Worland,Government,3,Same,None,Same,None,Same,None,Same,0,Unknown,Unknown,14334,Average,Lower,15485,Average,Average,20406,Average,Average
Hospital 4694,Torrington,Private,3,Same,None,Same,None,Same,None,None,0,Unknown,Unknown,18649,Average,Average,15392,Average,Average,0,Unknown,Unknown
Hospital 4695,Buffalo,Government,-1,Same,None,Same,None,None,None,None,0,Unknown,Unknown,13382,Average,Lower,15786,Average,Average,0,Unknown,Unknown
Hospital 4696,Lovell,Government,3,Same,None,Above,None,Same,Above,Same,0,Unknown,Unknown,16496,Average,Average,13702,Average,Lower,0,Unknown,Unknown
Hospital 4697,Powell,Government,4,Same,None,Above,None,Same,Above,Same,0,Unknown,Unknown,14453,Average,Average,16524,Average,Average,20614,Average,Average
Hospital 4698,Sundance,Government,-1,None,None,None,None,None,Same,None,0,Unknown,Unknown,0,Unknown,Unknown,0,Unknown,Unknown,0,Unknown,Unknown
Hospital 4699,Cody,Government,4,Same,None,Above,Above,Same,None,None,0,Unknown,Unknown,14969,Average,Average,12738,Average,Lower,18237,Average,Lower
Hospital 4700,Afton,Government,3,None,None,Below,Above,Same,Same,Same,0,Unknown,Unknown,0,Unknown,Unknown,18352,Average,Average,23611,Average,Higher
Hospital 4701,Lusk,Government,-1,None,None,None,None,None,None,None,0,Unknown,Unknown,0,Unknown,Unknown,0,Unknown,Unknown,0,Unknown,Unknown
Hospital 4702,Kemmerer,Government,-1,None,None,None,None,None,None,None,0,Unknown,Unknown,0,Unknown,Unknown,0,Unknown,Unknown,0,Unknown,Unknown
Hospital 4703,Rawlins,Government,-1,Same,None,Same,None,None,None,None,0,Unknown,Unknown,16329,Average,Average,15662,Average,Average,0,Unknown,Unknown
Hospital 4704,Pago Pago,Government,-1,None,None,None,None,None,None,None,0,Unknown,Unknown,0,Unknown,Unknown,0,Unknown,Unknown,0,Unknown,Unknown
Hospital 4705,Tamuning,Government,-1,Same,None,Below,None,None,None,None,14241,Average,Lower,12685,Average,Lower,12413,Average,Lower,0,Unknown,Unknown
Hospital 4706,Dededo,Private,-1,None,None,None,None,None,None,None,0,Unknown,Unknown,0,Unknown,Unknown,0,Unknown,Unknown,0,Unknown,Unknown
Hospital 4707,Garapan,Proprietary,-1,Same,None,Same,None,None,None,None,15702,Average,Lower,14173,Average,Lower,11087,Worse,Lower,0,Unknown,Unknown
Hospital 4708,La Grange,Private,3,Same,Same,Same,Same,Same,Above,Below,23482,Average,Average,17855,Average,Average,20591,Average,Higher,22355,Average,Average
Hospital 4709,Kingwood,Proprietary,-1,None,None,None,Above,Same,None,None,0,Unknown,Unknown,0,Unknown,Unknown,0,Unknown,Unknown,24592,Average,Higher
Hospital 4710,Austin,Proprietary,4,None,None,Same,Same,Same,Same,None,0,Unknown,Unknown,0,Unknown,Unknown,15036,Average,Lower,22704,Average,Higher
Hospital 4711,Webster,Unknown,-1,None,None,None,Above,Same,Same,None,0,Unknown,Unknown,0,Unknown,Unknown,0,Unknown,Unknown,21536,Average,Average
Hospital 4712,Denton,Proprietary,-1,None,None,None,None,None,None,None,0,Unknown,Unknown,0,Unknown,Unknown,0,Unknown,Unknown,0,Unknown,Unknown
Hospital 4713,Mansfield,Private,4,Same,Above,Above,Same,Same,Below,Same,26024,Average,Average,17524,Average,Average,20418,Average,Higher,24138,Average,Higher
Hospital 4714,Cypress,Unknown,2,Above,Below,Below,Same,Same,Same,Below,24801,Average,Average,21023,Average,Higher,23778,Better,Higher,19523,Average,Lower
Hospital 4715,Plano,Proprietary,5,Same,None,Above,Above,Same,Same,Same,26856,Average,Higher,19993,Average,Higher,20335,Average,Average,0,Unknown,Unknown
Hospital 4716,Pasadena,Unknown,4,Same,Same,Above,Same,Same,Below,Same,25382,Average,Average,21621,Average,Higher,23258,Better,Higher,21654,Average,Average
Hospital 4717,Round Rock,Private,5,Above,Above,Above,Above,Same,Same,Same,25946,Average,Average,18454,Average,Higher,18260,Better,Average,18628,Average,Lower
Hospital 4718,Round Rock,Private,4,Same,Above,Same,Above,Same,Above,Same,23348,Average,Average,15668,Average,Average,18404,Average,Average,24176,Average,Higher
Hospital 4719,Cedar Park,Proprietary,3,Same,Same,Same,Below,Same,Same,Same,23858,Average,Average,15389,Average,Average,15983,Average,Lower,22116,Average,Average
Hospital 4720,Rockwall,Proprietary,3,Same,Below,Above,Above,Same,Below,Same,0,Unknown,Unknown,16983,Average,Average,17741,Average,Average,23434,Average,Higher
Hospital 4721,Hurst,Proprietary,-1,None,None,None,None,None,None,None,0,Unknown,Unknown,0,Unknown,Unknown,0,Unknown,Unknown,0,Unknown,Unknown
Hospital 4722,Fort Worth,Proprietary,-1,None,None,Same,None,Same,None,None,0,Unknown,Unknown,0,Unknown,Unknown,0,Unknown,Unknown,25253,Average,Higher
Hospital 4723,El Paso,Proprietary,2,Same,Above,Below,Below,Same,Below,None,24610,Average,Average,17885,Average,Average,14631,Average,Lower,23618,Average,Average
Hospital 4724,Dallas,Unknown,5,None,None,Above,Above,Same,Same,None,0,Unknown,Unknown,0,Unknown,Unknown,0,Unknown,Unknown,22425,Better,Average
Hospital 4725,Sugar Land,Private,3,Same,Same,Above,Below,Same,Same,Same,27155,Average,Higher,20260,Average,Higher,22872,Average,Higher,21033,Average,Average
Hospital 4726,San Antonio,Proprietary,-1,None,None,None,Above,Same,None,None,0,Unknown,Unknown,0,Unknown,Unknown,0,Unknown,Unknown,24003,Average,Higher
Hospital 4727,San Antonio,Proprietary,4,Same,Below,Above,Same,Same,Below,Above,24582,Average,Average,18485,Average,Higher,18836,Average,Higher,22050,Average,Average
Hospital 4728,Kyle,Private,4,Same,Above,Above,Above,Same,Same,Above,26081,Average,Average,18473,Average,Higher,18499,Average,Average,24220,Average,Higher
Hospital 4729,The Woodlands,Unknown,-1,None,None,None,Above,Same,Same,Below,0,Unknown,Unknown,0,Unknown,Unknown,0,Unknown,Unknown,25984,Average,Higher
Hospital 4730,Sunnyvale,Proprietary,3,Same,Same,Above,Below,Same,Same,Same,22392,Average,Average,19204,Average,Higher,19670,Average,Higher,27895,Average,Higher
Hospital 4731,Corpus Christi,Proprietary,5,None,None,Above,Above,Same,None,None,0,Unknown,Unknown,0,Unknown,Unknown,0,Unknown,Unknown,23942,Average,Higher
Hospital 4732,Aubrey,Proprietary,-1,None,None,None,Above,Same,Above,Same,0,Unknown,Unknown,0,Unknown,Unknown,0,Unknown,Unknown,0,Unknown,Unknown
Hospital 4733,Arlington,Proprietary,-1,None,None,None,Above,Same,Same,None,0,Unknown,Unknown,0,Unknown,Unknown,0,Unknown,Unknown,20745,Average,Lower
Hospital 4734,Flower Mound,Proprietary,4,Same,Above,Below,Above,Same,Same,Same,0,Unknown,Unknown,19517,Average,Higher,18676,Average,Average,21983,Average,Average
Hospital 4735,Mckinney,Proprietary,4,None,None,Below,Above,Same,Same,None,0,Unknown,Unknown,0,Unknown,Unknown,0,Unknown,Unknown,23311,Average,Higher
Hospital 4736,Arlington,Proprietary,4,Same,None,Same,Above,None,None,None,26430,Average,Higher,17767,Average,Average,0,Unknown,Unknown,0,Unknown,Unknown
Hospital 4737,Addison,Proprietary,5,None,Above,None,Above,Same,Same,None,0,Unknown,Unknown,0,Unknown,Unknown,0,Unknown,Unknown,22466,Average,Average
Hospital 4738,Houston,Proprietary,3,Same,Above,Below,Below,Same,Below,Same,26089,Average,Average,18485,Average,Average,20521,Average,Higher,0,Unknown,Unknown
Hospital 4739,Sherman,Unknown,5,None,None,Above,Above,Same,Same,Below,0,Unknown,Unknown,0,Unknown,Unknown,0,Unknown,Unknown,27427,Average,Higher
Hospital 4740,Houston,Private,4,Same,Above,Same,Above,Same,Same,Same,24774,Average,Average,18687,Average,Higher,20686,Average,Higher,22349,Average,Average
Hospital 4741,San Antonio,Proprietary,5,None,None,Above,Above,Same,Above,Above,0,Unknown,Unknown,0,Unknown,Unknown,12874,Average,Lower,0,Unknown,Unknown
Hospital 4742,Harker Heights,Proprietary,3,Same,Same,Below,Same,Same,Same,Same,22619,Average,Average,14515,Average,Lower,17724,Average,Average,23077,Average,Average
Hospital 4743,Mc Kinney,Private,3,Same,Above,Below,Above,Same,Above,Same,24175,Average,Average,17442,Average,Average,18479,Average,Average,26727,Average,Higher
Hospital 4744,Grand Prairie,Proprietary,-1,None,None,None,None,Same,Same,None,0,Unknown,Unknown,0,Unknown,Unknown,0,Unknown,Unknown,0,Unknown,Unknown
Hospital 4745,Fort Worth,Private,3,Same,Above,Below,Same,Same,Same,None,24649,Average,Average,18564,Average,Higher,17572,Average,Average,24070,Average,Average
Hospital 4746,Cedar Park,Government,-1,None,None,None,None,Same,Above,None,0,Unknown,Unknown,0,Unknown,Unknown,0,Unknown,Unknown,0,Unknown,Unknown
Hospital 4747,College Station,Private,3,Same,Below,Below,Above,Same,Same,Same,27904,Average,Higher,19299,Average,Higher,17860,Average,Average,20153,Average,Lower
Hospital 4748,Lancaster,Unknown,-1,None,None,None,None,Below,Same,None,0,Unknown,Unknown,0,Unknown,Unknown,0,Unknown,Unknown,0,Unknown,Unknown
Hospital 4749,Conroe,Unknown,-1,None,None,None,None,None,None,Below,0,Unknown,Unknown,0,Unknown,Unknown,0,Unknown,Unknown,0,Unknown,Unknown
Hospital 4750,Cameron,Proprietary,-1,None,None,None,None,Same,Above,None,0,Unknown,Unknown,0,Unknown,Unknown,0,Unknown,Unknown,0,Unknown,Unknown
Hospital 4751,Tomball,Proprietary,-1,None,None,None,None,Same,Above,None,0,Unknown,Unknown,0,Unknown,Unknown,0,Unknown,Unknown,0,Unknown,Unknown
Hospital 4752,Rockwall,Proprietary,-1,None,None,None,None,Same,Above,Same,0,Unknown,Unknown,0,Unknown,Unknown,0,Unknown,Unknown,0,Unknown,Unknown
Hospital 4753,New Braunfels,Proprietary,3,Same,Above,Below,Above,Same,Same,Same,29501,Average,Higher,20221,Average,Higher,21397,Average,Higher,28722,Average,Higher
Hospital 4754,Shenandoah,Proprietary,-1,None,None,None,None,None,None,None,0,Unknown,Unknown,0,Unknown,Unknown,0,Unknown,Unknown,0,Unknown,Unknown
Hospital 4755,Houston,Proprietary,-1,None,None,None,None,None,None,None,0,Unknown,Unknown,0,Unknown,Unknown,0,Unknown,Unknown,0,Unknown,Unknown
Hospital 4756,Fort Worth,Private,4,None,None,Same,Same,Same,Same,None,0,Unknown,Unknown,0,Unknown,Unknown,18628,Average,Average,0,Unknown,Unknown
Hospital 4757,Pearland,Proprietary,3,None,None,Below,Same,Same,Same,None,0,Unknown,Unknown,17544,Average,Average,16642,Average,Average,0,Unknown,Unknown
Hospital 4758,Burleson,Proprietary,-1,None,None,None,None,Same,Above,None,0,Unknown,Unknown,0,Unknown,Unknown,0,Unknown,Unknown,0,Unknown,Unknown
Hospital 4759,Marble Falls,Private,5,Same,Same,Above,Above,Same,Above,Same,0,Unknown,Unknown,15137,Average,Average,17880,Average,Average,20695,Average,Average
Hospital 4760,Baytown,Unknown,-1,None,None,None,None,None,None,None,0,Unknown,Unknown,0,Unknown,Unknown,0,Unknown,Unknown,0,Unknown,Unknown
Hospital 4761,Carrollton,Proprietary,-1,None,None,None,None,Same,Above,Above,0,Unknown,Unknown,0,Unknown,Unknown,0,Unknown,Unknown,0,Unknown,Unknown
Hospital 4762,San Antonio,Proprietary,-1,None,None,None,None,Same,None,None,0,Unknown,Unknown,0,Unknown,Unknown,0,Unknown,Unknown,23427,Average,Average
Hospital 4763,Humble,Unknown,-1,None,None,None,None,None,None,None,0,Unknown,Unknown,0,Unknown,Unknown,0,Unknown,Unknown,0,Unknown,Unknown
Hospital 4764,Cleveland,Proprietary,-1,None,None,None,None,None,None,None,0,Unknown,Unknown,0,Unknown,Unknown,0,Unknown,Unknown,0,Unknown,Unknown
Hospital 4765,Fort Worth,Government,-1,None,None,None,Above,Same,None,None,0,Unknown,Unknown,0,Unknown,Unknown,0,Unknown,Unknown,0,Unknown,Unknown
Hospital 4766,Grand Saline,Proprietary,-1,None,None,None,None,Same,Same,None,0,Unknown,Unknown,0,Unknown,Unknown,0,Unknown,Unknown,0,Unknown,Unknown
Hospital 4767,Houston,Proprietary,-1,None,None,None,None,Same,Above,None,0,Unknown,Unknown,0,Unknown,Unknown,0,Unknown,Unknown,0,Unknown,Unknown
Hospital 4768,Houston,Proprietary,-1,None,None,None,None,None,None,None,0,Unknown,Unknown,0,Unknown,Unknown,0,Unknown,Unknown,0,Unknown,Unknown
Hospital 4769,El Paso,Proprietary,-1,None,None,None,Same,Same,Above,None,0,Unknown,Unknown,0,Unknown,Unknown,0,Unknown,Unknown,0,Unknown,Unknown
Hospital 4770,Hurst,Proprietary,-1,None,None,None,None,None,None,None,0,Unknown,Unknown,0,Unknown,Unknown,0,Unknown,Unknown,0,Unknown,Unknown
Hospital 4771,The Woodlands,Private,3,None,Same,None,Above,Same,Same,None,0,Unknown,Unknown,0,Unknown,Unknown,0,Unknown,Unknown,0,Unknown,Unknown
Hospital 4772,Horizon City,Proprietary,-1,None,None,None,None,Same,Same,None,0,Unknown,Unknown,0,Unknown,Unknown,0,Unknown,Unknown,0,Unknown,Unknown
